  0
SECTION
  2
HEADER
  9
$ACADVER
  1
AC1032
  9
$ACADMAINTVER
 90
4
  9
$DWGCODEPAGE
  3
ANSI_1252
  9
$LASTSAVEDBY
  1
ezdxf
  9
$REQUIREDVERSIONS
160
0
  9
$INSBASE
 10
0.0
 20
0.0
 30
0.0
  9
$EXTMIN
 10
1e+20
 20
1e+20
 30
1e+20
  9
$EXTMAX
 10
-1e+20
 20
-1e+20
 30
-1e+20
  9
$LIMMIN
 10
0.0
 20
0.0
  9
$LIMMAX
 10
420.0
 20
297.0
  9
$ORTHOMODE
 70
0
  9
$REGENMODE
 70
1
  9
$FILLMODE
 70
1
  9
$QTEXTMODE
 70
0
  9
$MIRRTEXT
 70
1
  9
$LTSCALE
 40
1.0
  9
$ATTMODE
 70
1
  9
$TEXTSIZE
 40
2.5
  9
$TRACEWID
 40
1.0
  9
$TEXTSTYLE
  7
OpenSans
  9
$CLAYER
  8
0
  9
$CELTYPE
  6
ByLayer
  9
$CECOLOR
 62
256
  9
$CELTSCALE
 40
1.0
  9
$DISPSILH
 70
0
  9
$DIMSCALE
 40
1.0
  9
$DIMASZ
 40
0.175
  9
$DIMEXO
 40
0.125
  9
$DIMDLI
 40
3.75
  9
$DIMRND
 40
0.0
  9
$DIMDLE
 40
0.0
  9
$DIMEXE
 40
0.375
  9
$DIMTP
 40
0.0
  9
$DIMTM
 40
0.0
  9
$DIMTXT
 40
0.25
  9
$DIMCEN
 40
2.5
  9
$DIMTSZ
 40
0.0
  9
$DIMTOL
 70
0
  9
$DIMLIM
 70
0
  9
$DIMTIH
 70
0
  9
$DIMTOH
 70
0
  9
$DIMSE1
 70
0
  9
$DIMSE2
 70
0
  9
$DIMTAD
 70
1
  9
$DIMZIN
 70
12
  9
$DIMBLK
  1
ARCHTICK
  9
$DIMASO
 70
1
  9
$DIMSHO
 70
1
  9
$DIMPOST
  1

  9
$DIMAPOST
  1

  9
$DIMALT
 70
0
  9
$DIMALTD
 70
3
  9
$DIMALTF
 40
0.03937007874
  9
$DIMLFAC
 40
100.0
  9
$DIMTOFL
 70
1
  9
$DIMTVP
 40
0.0
  9
$DIMTIX
 70
0
  9
$DIMSOXD
 70
0
  9
$DIMSAH
 70
0
  9
$DIMBLK1
  1

  9
$DIMBLK2
  1

  9
$DIMSTYLE
  2
EZDXF
  9
$DIMCLRD
 70
0
  9
$DIMCLRE
 70
0
  9
$DIMCLRT
 70
0
  9
$DIMTFAC
 40
0.5
  9
$DIMGAP
 40
0.1
  9
$DIMJUST
 70
0
  9
$DIMSD1
 70
0
  9
$DIMSD2
 70
0
  9
$DIMTOLJ
 70
0
  9
$DIMTZIN
 70
8
  9
$DIMALTZ
 70
0
  9
$DIMALTTZ
 70
0
  9
$DIMUPT
 70
1
  9
$DIMDEC
 70
2
  9
$DIMTDEC
 70
2
  9
$DIMALTU
 70
2
  9
$DIMALTTD
 70
3
  9
$DIMTXSTY
  7
OpenSansCondensed-Light
  9
$DIMAUNIT
 70
0
  9
$DIMADEC
 70
2
  9
$DIMALTRND
 40
0.0
  9
$DIMAZIN
 70
3
  9
$DIMDSEP
 70
46
  9
$DIMATFIT
 70
3
  9
$DIMFRAC
 70
0
  9
$DIMLDRBLK
  1

  9
$DIMLUNIT
 70
2
  9
$DIMLWD
 70
-2
  9
$DIMLWE
 70
-2
  9
$DIMTMOVE
 70
2
  9
$DIMFXL
 40
1.0
  9
$DIMFXLON
 70
0
  9
$DIMJOGANG
 40
0.785398163397
  9
$DIMTFILL
 70
0
  9
$DIMTFILLCLR
 70
0
  9
$DIMARCSYM
 70
0
  9
$DIMLTYPE
  6

  9
$DIMLTEX1
  6

  9
$DIMLTEX2
  6

  9
$DIMTXTDIRECTION
 70
0
  9
$LUNITS
 70
2
  9
$LUPREC
 70
4
  9
$SKETCHINC
 40
1.0
  9
$FILLETRAD
 40
10.0
  9
$AUNITS
 70
0
  9
$AUPREC
 70
2
  9
$MENU
  1
.
  9
$ELEVATION
 40
0.0
  9
$PELEVATION
 40
0.0
  9
$THICKNESS
 40
0.0
  9
$LIMCHECK
 70
0
  9
$CHAMFERA
 40
0.0
  9
$CHAMFERB
 40
0.0
  9
$CHAMFERC
 40
0.0
  9
$CHAMFERD
 40
0.0
  9
$SKPOLY
 70
0
  9
$TDCREATE
 40
2461298.991273148
  9
$TDUCREATE
 40
2458532.153996898
  9
$TDUPDATE
 40
2461298.991273148
  9
$TDUUPDATE
 40
2458532.1544311
  9
$TDINDWG
 40
0.0
  9
$TDUSRTIMER
 40
0.0
  9
$USRTIMER
 70
1
  9
$ANGBASE
 50
0.0
  9
$ANGDIR
 70
0
  9
$PDMODE
 70
0
  9
$PDSIZE
 40
0.0
  9
$PLINEWID
 40
0.0
  9
$SPLFRAME
 70
0
  9
$SPLINETYPE
 70
6
  9
$SPLINESEGS
 70
8
  9
$HANDSEED
  5
F1
  9
$SURFTAB1
 70
6
  9
$SURFTAB2
 70
6
  9
$SURFTYPE
 70
6
  9
$SURFU
 70
6
  9
$SURFV
 70
6
  9
$UCSBASE
  2

  9
$UCSNAME
  2

  9
$UCSORG
 10
0.0
 20
0.0
 30
0.0
  9
$UCSXDIR
 10
1.0
 20
0.0
 30
0.0
  9
$UCSYDIR
 10
0.0
 20
1.0
 30
0.0
  9
$UCSORTHOREF
  2

  9
$UCSORTHOVIEW
 70
0
  9
$UCSORGTOP
 10
0.0
 20
0.0
 30
0.0
  9
$UCSORGBOTTOM
 10
0.0
 20
0.0
 30
0.0
  9
$UCSORGLEFT
 10
0.0
 20
0.0
 30
0.0
  9
$UCSORGRIGHT
 10
0.0
 20
0.0
 30
0.0
  9
$UCSORGFRONT
 10
0.0
 20
0.0
 30
0.0
  9
$UCSORGBACK
 10
0.0
 20
0.0
 30
0.0
  9
$PUCSBASE
  2

  9
$PUCSNAME
  2

  9
$PUCSORG
 10
0.0
 20
0.0
 30
0.0
  9
$PUCSXDIR
 10
1.0
 20
0.0
 30
0.0
  9
$PUCSYDIR
 10
0.0
 20
1.0
 30
0.0
  9
$PUCSORTHOREF
  2

  9
$PUCSORTHOVIEW
 70
0
  9
$PUCSORGTOP
 10
0.0
 20
0.0
 30
0.0
  9
$PUCSORGBOTTOM
 10
0.0
 20
0.0
 30
0.0
  9
$PUCSORGLEFT
 10
0.0
 20
0.0
 30
0.0
  9
$PUCSORGRIGHT
 10
0.0
 20
0.0
 30
0.0
  9
$PUCSORGFRONT
 10
0.0
 20
0.0
 30
0.0
  9
$PUCSORGBACK
 10
0.0
 20
0.0
 30
0.0
  9
$USERI1
 70
0
  9
$USERI2
 70
0
  9
$USERI3
 70
0
  9
$USERI4
 70
0
  9
$USERI5
 70
0
  9
$USERR1
 40
0.0
  9
$USERR2
 40
0.0
  9
$USERR3
 40
0.0
  9
$USERR4
 40
0.0
  9
$USERR5
 40
0.0
  9
$WORLDVIEW
 70
1
  9
$SHADEDGE
 70
3
  9
$SHADEDIF
 70
70
  9
$TILEMODE
 70
1
  9
$MAXACTVP
 70
64
  9
$PINSBASE
 10
0.0
 20
0.0
 30
0.0
  9
$PLIMCHECK
 70
0
  9
$PEXTMIN
 10
1e+20
 20
1e+20
 30
1e+20
  9
$PEXTMAX
 10
-1e+20
 20
-1e+20
 30
-1e+20
  9
$PLIMMIN
 10
0.0
 20
0.0
  9
$PLIMMAX
 10
420.0
 20
297.0
  9
$UNITMODE
 70
0
  9
$VISRETAIN
 70
1
  9
$PLINEGEN
 70
0
  9
$PSLTSCALE
 70
1
  9
$TREEDEPTH
 70
3020
  9
$CMLSTYLE
  2
Standard
  9
$CMLJUST
 70
0
  9
$CMLSCALE
 40
20.0
  9
$PROXYGRAPHICS
 70
1
  9
$MEASUREMENT
 70
1
  9
$CELWEIGHT
370
-1
  9
$ENDCAPS
280
0
  9
$JOINSTYLE
280
0
  9
$LWDISPLAY
290
0
  9
$INSUNITS
 70
6
  9
$HYPERLINKBASE
  1

  9
$STYLESHEET
  1

  9
$XEDIT
290
1
  9
$CEPSNTYPE
380
0
  9
$PSTYLEMODE
290
1
  9
$FINGERPRINTGUID
  2
{ADFC730C-1E7F-4943-841A-E73FF9F300E0}
  9
$VERSIONGUID
  2
{C03A3A94-1020-4B1C-86AF-1CA296C82C11}
  9
$EXTNAMES
290
1
  9
$PSVPSCALE
 40
0.0
  9
$OLESTARTUP
290
0
  9
$SORTENTS
280
127
  9
$INDEXCTL
280
0
  9
$HIDETEXT
280
1
  9
$XCLIPFRAME
280
1
  9
$HALOGAP
280
0
  9
$OBSCOLOR
 70
257
  9
$OBSLTYPE
280
0
  9
$INTERSECTIONDISPLAY
280
0
  9
$INTERSECTIONCOLOR
 70
257
  9
$DIMASSOC
280
2
  9
$PROJECTNAME
  1

  9
$CAMERADISPLAY
290
0
  9
$LENSLENGTH
 40
50.0
  9
$CAMERAHEIGHT
 40
0.0
  9
$STEPSPERSEC
 40
24.0
  9
$STEPSIZE
 40
100.0
  9
$3DDWFPREC
 40
2.0
  9
$PSOLWIDTH
 40
0.005
  9
$PSOLHEIGHT
 40
0.08
  9
$LOFTANG1
 40
1.570796326795
  9
$LOFTANG2
 40
1.570796326795
  9
$LOFTMAG1
 40
0.0
  9
$LOFTMAG2
 40
0.0
  9
$LOFTPARAM
 70
7
  9
$LOFTNORMALS
280
1
  9
$LATITUDE
 40
37.795
  9
$LONGITUDE
 40
-122.394
  9
$NORTHDIRECTION
 40
0.0
  9
$TIMEZONE
 70
-8000
  9
$LIGHTGLYPHDISPLAY
280
1
  9
$TILEMODELIGHTSYNCH
280
1
  9
$CMATERIAL
347
20
  9
$SOLIDHIST
280
0
  9
$SHOWHIST
280
1
  9
$DWFFRAME
280
2
  9
$DGNFRAME
280
2
  9
$REALWORLDSCALE
290
1
  9
$INTERFERECOLOR
 62
256
  9
$CSHADOW
280
0
  9
$SHADOWPLANELOCATION
 40
0.0
  0
ENDSEC
  0
SECTION
  2
CLASSES
  0
CLASS
  1
ACDBDICTIONARYWDFLT
  2
AcDbDictionaryWithDefault
  3
ObjectDBX Classes
 90
0
 91
0
280
0
281
0
  0
CLASS
  1
SUN
  2
AcDbSun
  3
SCENEOE
 90
1153
 91
0
280
0
281
0
  0
CLASS
  1
VISUALSTYLE
  2
AcDbVisualStyle
  3
ObjectDBX Classes
 90
4095
 91
0
280
0
281
0
  0
CLASS
  1
MATERIAL
  2
AcDbMaterial
  3
ObjectDBX Classes
 90
1153
 91
0
280
0
281
0
  0
CLASS
  1
SCALE
  2
AcDbScale
  3
ObjectDBX Classes
 90
1153
 91
0
280
0
281
0
  0
CLASS
  1
TABLESTYLE
  2
AcDbTableStyle
  3
ObjectDBX Classes
 90
4095
 91
0
280
0
281
0
  0
CLASS
  1
MLEADERSTYLE
  2
AcDbMLeaderStyle
  3
ACDB_MLEADERSTYLE_CLASS
 90
4095
 91
0
280
0
281
0
  0
CLASS
  1
DICTIONARYVAR
  2
AcDbDictionaryVar
  3
ObjectDBX Classes
 90
0
 91
0
280
0
281
0
  0
CLASS
  1
CELLSTYLEMAP
  2
AcDbCellStyleMap
  3
ObjectDBX Classes
 90
1152
 91
0
280
0
281
0
  0
CLASS
  1
MENTALRAYRENDERSETTINGS
  2
AcDbMentalRayRenderSettings
  3
SCENEOE
 90
1024
 91
0
280
0
281
0
  0
CLASS
  1
ACDBDETAILVIEWSTYLE
  2
AcDbDetailViewStyle
  3
ObjectDBX Classes
 90
1025
 91
0
280
0
281
0
  0
CLASS
  1
ACDBSECTIONVIEWSTYLE
  2
AcDbSectionViewStyle
  3
ObjectDBX Classes
 90
1025
 91
0
280
0
281
0
  0
CLASS
  1
RASTERVARIABLES
  2
AcDbRasterVariables
  3
ISM
 90
0
 91
0
280
0
281
0
  0
CLASS
  1
ACDBPLACEHOLDER
  2
AcDbPlaceHolder
  3
ObjectDBX Classes
 90
0
 91
0
280
0
281
0
  0
CLASS
  1
LAYOUT
  2
AcDbLayout
  3
ObjectDBX Classes
 90
0
 91
0
280
0
281
0
  0
ENDSEC
  0
SECTION
  2
TABLES
  0
TABLE
  2
VPORT
  5
8
330
0
100
AcDbSymbolTable
 70
1
  0
VPORT
  5
23
330
8
100
AcDbSymbolTableRecord
100
AcDbViewportTableRecord
  2
*Active
 70
0
 10
0.0
 20
0.0
 11
1.0
 21
1.0
 12
0.0
 22
0.0
 13
0.0
 23
0.0
 14
0.5
 24
0.5
 15
0.5
 25
0.5
 16
0.0
 26
0.0
 36
1.0
 17
0.0
 27
0.0
 37
0.0
 40
1000.0
 41
1.34
 42
50.0
 43
0.0
 44
0.0
 50
0.0
 51
0.0
 71
0
 72
1000
 73
1
 74
3
 75
0
 76
0
 77
0
 78
0
281
0
 65
0
146
0.0
  0
ENDTAB
  0
TABLE
  2
LTYPE
  5
2
330
0
100
AcDbSymbolTable
 70
21
  0
LTYPE
  5
24
330
2
100
AcDbSymbolTableRecord
100
AcDbLinetypeTableRecord
  2
ByBlock
 70
0
  3

 72
65
 73
0
 40
0.0
  0
LTYPE
  5
25
330
2
100
AcDbSymbolTableRecord
100
AcDbLinetypeTableRecord
  2
ByLayer
 70
0
  3

 72
65
 73
0
 40
0.0
  0
LTYPE
  5
26
330
2
100
AcDbSymbolTableRecord
100
AcDbLinetypeTableRecord
  2
Continuous
 70
0
  3

 72
65
 73
0
 40
0.0
  0
LTYPE
  5
2F
330
2
100
AcDbSymbolTableRecord
100
AcDbLinetypeTableRecord
  2
CENTER
 70
0
  3
Center ____ _ ____ _ ____ _ ____ _ ____ _ ____
 72
65
 73
4
 40
5.08
 49
3.175
 74
0
 49
-0.635
 74
0
 49
0.635
 74
0
 49
-0.635
 74
0
  0
LTYPE
  5
30
330
2
100
AcDbSymbolTableRecord
100
AcDbLinetypeTableRecord
  2
CENTERX2
 70
0
  3
Center (2x) ________  __  ________  __  ________
 72
65
 73
4
 40
8.89
 49
6.35
 74
0
 49
-0.635
 74
0
 49
1.27
 74
0
 49
-0.635
 74
0
  0
LTYPE
  5
31
330
2
100
AcDbSymbolTableRecord
100
AcDbLinetypeTableRecord
  2
CENTER2
 70
0
  3
Center (.5x) ____ _ ____ _ ____ _ ____ _ ____
 72
65
 73
4
 40
2.54
 49
1.587
 74
0
 49
-0.318
 74
0
 49
0.318
 74
0
 49
-0.318
 74
0
  0
LTYPE
  5
32
330
2
100
AcDbSymbolTableRecord
100
AcDbLinetypeTableRecord
  2
DASHED
 70
0
  3
Dashed __ __ __ __ __ __ __ __ __ __ __ __ __ _
 72
65
 73
2
 40
1.524
 49
1.27
 74
0
 49
-0.254
 74
0
  0
LTYPE
  5
33
330
2
100
AcDbSymbolTableRecord
100
AcDbLinetypeTableRecord
  2
DASHEDX2
 70
0
  3
Dashed (2x) ____  ____  ____  ____  ____  ____
 72
65
 73
2
 40
3.048
 49
2.54
 74
0
 49
-0.508
 74
0
  0
LTYPE
  5
34
330
2
100
AcDbSymbolTableRecord
100
AcDbLinetypeTableRecord
  2
DASHED2
 70
0
  3
Dashed (.5x) _ _ _ _ _ _ _ _ _ _ _ _ _ _
 72
65
 73
2
 40
0.762
 49
0.635
 74
0
 49
-0.127
 74
0
  0
LTYPE
  5
35
330
2
100
AcDbSymbolTableRecord
100
AcDbLinetypeTableRecord
  2
PHANTOM
 70
0
  3
Phantom ______  __  __  ______  __  __  ______
 72
65
 73
6
 40
6.35
 49
3.175
 74
0
 49
-0.635
 74
0
 49
0.635
 74
0
 49
-0.635
 74
0
 49
0.635
 74
0
 49
-0.635
 74
0
  0
LTYPE
  5
36
330
2
100
AcDbSymbolTableRecord
100
AcDbLinetypeTableRecord
  2
PHANTOMX2
 70
0
  3
Phantom (2x)____________    ____    ____    ____________
 72
65
 73
6
 40
10.795
 49
6.35
 74
0
 49
-0.635
 74
0
 49
1.27
 74
0
 49
-0.635
 74
0
 49
1.27
 74
0
 49
-0.635
 74
0
  0
LTYPE
  5
37
330
2
100
AcDbSymbolTableRecord
100
AcDbLinetypeTableRecord
  2
PHANTOM2
 70
0
  3
Phantom (.5x) ___ _ _ ___ _ _ ___ _ _ ___ _ _ ___
 72
65
 73
6
 40
3.175
 49
1.587
 74
0
 49
-0.318
 74
0
 49
0.318
 74
0
 49
-0.318
 74
0
 49
0.318
 74
0
 49
-0.318
 74
0
  0
LTYPE
  5
38
330
2
100
AcDbSymbolTableRecord
100
AcDbLinetypeTableRecord
  2
DASHDOT
 70
0
  3
Dash dot __ . __ . __ . __ . __ . __ . __ . __
 72
65
 73
4
 40
3.556
 49
2.54
 74
0
 49
-0.508
 74
0
 49
0.0
 74
0
 49
-0.508
 74
0
  0
LTYPE
  5
39
330
2
100
AcDbSymbolTableRecord
100
AcDbLinetypeTableRecord
  2
DASHDOTX2
 70
0
  3
Dash dot (2x) ____  .  ____  .  ____  .  ____
 72
65
 73
4
 40
6.096
 49
5.08
 74
0
 49
-0.508
 74
0
 49
0.0
 74
0
 49
-0.508
 74
0
  0
LTYPE
  5
3A
330
2
100
AcDbSymbolTableRecord
100
AcDbLinetypeTableRecord
  2
DASHDOT2
 70
0
  3
Dash dot (.5x) _ . _ . _ . _ . _ . _ . _ . _
 72
65
 73
4
 40
1.778
 49
1.27
 74
0
 49
-0.254
 74
0
 49
0.0
 74
0
 49
-0.254
 74
0
  0
LTYPE
  5
3B
330
2
100
AcDbSymbolTableRecord
100
AcDbLinetypeTableRecord
  2
DOT
 70
0
  3
Dot .  .  .  .  .  .  .  .  .  .  .  .  .  .  .  .
 72
65
 73
2
 40
0.508
 49
0.0
 74
0
 49
-0.508
 74
0
  0
LTYPE
  5
3C
330
2
100
AcDbSymbolTableRecord
100
AcDbLinetypeTableRecord
  2
DOTX2
 70
0
  3
Dot (2x) .    .    .    .    .    .    .    . 
 72
65
 73
2
 40
1.016
 49
0.0
 74
0
 49
-1.016
 74
0
  0
LTYPE
  5
3D
330
2
100
AcDbSymbolTableRecord
100
AcDbLinetypeTableRecord
  2
DOT2
 70
0
  3
Dot (.5) . . . . . . . . . . . . . . . . . . . 
 72
65
 73
2
 40
0.254
 49
0.0
 74
0
 49
-0.254
 74
0
  0
LTYPE
  5
3E
330
2
100
AcDbSymbolTableRecord
100
AcDbLinetypeTableRecord
  2
DIVIDE
 70
0
  3
Divide __ . . __ . . __ . . __ . . __ . . __
 72
65
 73
6
 40
4.064
 49
2.54
 74
0
 49
-0.508
 74
0
 49
0.0
 74
0
 49
-0.508
 74
0
 49
0.0
 74
0
 49
-0.508
 74
0
  0
LTYPE
  5
3F
330
2
100
AcDbSymbolTableRecord
100
AcDbLinetypeTableRecord
  2
DIVIDEX2
 70
0
  3
Divide (2x) ____  . .  ____  . .  ____  . .  ____
 72
65
 73
6
 40
6.604
 49
5.08
 74
0
 49
-0.508
 74
0
 49
0.0
 74
0
 49
-0.508
 74
0
 49
0.0
 74
0
 49
-0.508
 74
0
  0
LTYPE
  5
40
330
2
100
AcDbSymbolTableRecord
100
AcDbLinetypeTableRecord
  2
DIVIDE2
 70
0
  3
Divide(.5x) _ . _ . _ . _ . _ . _ . _ . _
 72
65
 73
6
 40
2.032
 49
1.27
 74
0
 49
-0.254
 74
0
 49
0.0
 74
0
 49
-0.254
 74
0
 49
0.0
 74
0
 49
-0.254
 74
0
  0
ENDTAB
  0
TABLE
  2
LAYER
  5
1
330
0
100
AcDbSymbolTable
 70
10
  0
LAYER
  5
27
330
1
100
AcDbSymbolTableRecord
100
AcDbLayerTableRecord
  2
0
 70
0
 62
7
  6
Continuous
370
-3
390
13
347
21
  0
LAYER
  5
28
330
1
100
AcDbSymbolTableRecord
100
AcDbLayerTableRecord
  2
Defpoints
 70
0
 62
7
  6
Continuous
290
0
370
-3
390
13
347
21
  0
LAYER
  5
8A
330
1
100
AcDbSymbolTableRecord
100
AcDbLayerTableRecord
  2
FRAME
 70
0
 62
7
  6
Continuous
370
-3
390
13
347
21
  0
LAYER
  5
8B
330
1
100
AcDbSymbolTableRecord
100
AcDbLayerTableRecord
  2
SECTIONS
 70
0
 62
7
  6
Continuous
370
-3
390
13
347
21
  0
LAYER
  5
8C
330
1
100
AcDbSymbolTableRecord
100
AcDbLayerTableRecord
  2
WATERLINES
 70
0
 62
7
  6
Continuous
370
-3
390
13
347
21
  0
LAYER
  5
8D
330
1
100
AcDbSymbolTableRecord
100
AcDbLayerTableRecord
  2
BUTTOCKS
 70
0
 62
7
  6
Continuous
370
-3
390
13
347
21
  0
LAYER
  5
8E
330
1
100
AcDbSymbolTableRecord
100
AcDbLayerTableRecord
  2
DECK
 70
0
 62
7
  6
Continuous
370
-3
390
13
347
21
  0
LAYER
  5
8F
330
1
100
AcDbSymbolTableRecord
100
AcDbLayerTableRecord
  2
DWL
 70
0
 62
5
  6
Continuous
370
-3
390
13
347
21
  0
LAYER
  5
90
330
1
100
AcDbSymbolTableRecord
100
AcDbLayerTableRecord
  2
GRID
 70
0
 62
253
  6
Continuous
370
-3
390
13
347
21
  0
LAYER
  5
91
330
1
100
AcDbSymbolTableRecord
100
AcDbLayerTableRecord
  2
LABELS
 70
0
 62
7
  6
Continuous
370
-3
390
13
347
21
  0
ENDTAB
  0
TABLE
  2
STYLE
  5
5
330
0
100
AcDbSymbolTable
 70
26
  0
STYLE
  5
29
330
5
100
AcDbSymbolTableRecord
100
AcDbTextStyleTableRecord
  2
Standard
 70
0
 40
0.0
 41
1.0
 50
0.0
 71
0
 42
2.5
  3
txt
  4

  0
STYLE
  5
41
330
5
100
AcDbSymbolTableRecord
100
AcDbTextStyleTableRecord
  2
OpenSans-Light
 70
0
 40
0.0
 41
1.0
 50
0.0
 71
0
 42
2.5
  3
OpenSans-Light.ttf
  4

  0
STYLE
  5
42
330
5
100
AcDbSymbolTableRecord
100
AcDbTextStyleTableRecord
  2
OpenSans-Light-Italic
 70
0
 40
0.0
 41
1.0
 50
0.0
 71
0
 42
2.5
  3
OpenSans-LightItalic.ttf
  4

  0
STYLE
  5
43
330
5
100
AcDbSymbolTableRecord
100
AcDbTextStyleTableRecord
  2
OpenSans
 70
0
 40
0.0
 41
1.0
 50
0.0
 71
0
 42
2.5
  3
OpenSans-Regular.ttf
  4

  0
STYLE
  5
44
330
5
100
AcDbSymbolTableRecord
100
AcDbTextStyleTableRecord
  2
OpenSans-Italic
 70
0
 40
0.0
 41
1.0
 50
0.0
 71
0
 42
2.5
  3
OpenSans-Italic.ttf
  4

  0
STYLE
  5
45
330
5
100
AcDbSymbolTableRecord
100
AcDbTextStyleTableRecord
  2
OpenSans-SemiBold
 70
0
 40
0.0
 41
1.0
 50
0.0
 71
0
 42
2.5
  3
OpenSans-SemiBold.ttf
  4

  0
STYLE
  5
46
330
5
100
AcDbSymbolTableRecord
100
AcDbTextStyleTableRecord
  2
OpenSans-SemiBoldItalic
 70
0
 40
0.0
 41
1.0
 50
0.0
 71
0
 42
2.5
  3
OpenSans-SemiBoldItalic.ttf
  4

  0
STYLE
  5
47
330
5
100
AcDbSymbolTableRecord
100
AcDbTextStyleTableRecord
  2
OpenSans-Bold
 70
0
 40
0.0
 41
1.0
 50
0.0
 71
0
 42
2.5
  3
OpenSans-Bold.ttf
  4

  0
STYLE
  5
48
330
5
100
AcDbSymbolTableRecord
100
AcDbTextStyleTableRecord
  2
OpenSans-BoldItalic
 70
0
 40
0.0
 41
1.0
 50
0.0
 71
0
 42
2.5
  3
OpenSans-BoldItalic.ttf
  4

  0
STYLE
  5
49
330
5
100
AcDbSymbolTableRecord
100
AcDbTextStyleTableRecord
  2
OpenSans-ExtraBold
 70
0
 40
0.0
 41
1.0
 50
0.0
 71
0
 42
2.5
  3
OpenSans-ExtraBold.ttf
  4

  0
STYLE
  5
4A
330
5
100
AcDbSymbolTableRecord
100
AcDbTextStyleTableRecord
  2
OpenSans-ExtraBoldItalic
 70
0
 40
0.0
 41
1.0
 50
0.0
 71
0
 42
2.5
  3
OpenSans-ExtraBoldItalic.ttf
  4

  0
STYLE
  5
4B
330
5
100
AcDbSymbolTableRecord
100
AcDbTextStyleTableRecord
  2
OpenSansCondensed-Bold
 70
0
 40
0.0
 41
1.0
 50
0.0
 71
0
 42
2.5
  3
OpenSansCondensed-Bold.ttf
  4

  0
STYLE
  5
4C
330
5
100
AcDbSymbolTableRecord
100
AcDbTextStyleTableRecord
  2
OpenSansCondensed-Light
 70
0
 40
0.0
 41
1.0
 50
0.0
 71
0
 42
2.5
  3
OpenSansCondensed-Light.ttf
  4

  0
STYLE
  5
4D
330
5
100
AcDbSymbolTableRecord
100
AcDbTextStyleTableRecord
  2
OpenSansCondensed-Italic
 70
0
 40
0.0
 41
1.0
 50
0.0
 71
0
 42
2.5
  3
OpenSansCondensed-LightItalic.ttf
  4

  0
STYLE
  5
4E
330
5
100
AcDbSymbolTableRecord
100
AcDbTextStyleTableRecord
  2
LiberationSans
 70
0
 40
0.0
 41
1.0
 50
0.0
 71
0
 42
2.5
  3
LiberationSans-Regular.ttf
  4

  0
STYLE
  5
4F
330
5
100
AcDbSymbolTableRecord
100
AcDbTextStyleTableRecord
  2
LiberationSans-Bold
 70
0
 40
0.0
 41
1.0
 50
0.0
 71
0
 42
2.5
  3
LiberationSans-Bold.ttf
  4

  0
STYLE
  5
50
330
5
100
AcDbSymbolTableRecord
100
AcDbTextStyleTableRecord
  2
LiberationSans-BoldItalic
 70
0
 40
0.0
 41
1.0
 50
0.0
 71
0
 42
2.5
  3
LiberationSans-BoldItalic.ttf
  4

  0
STYLE
  5
51
330
5
100
AcDbSymbolTableRecord
100
AcDbTextStyleTableRecord
  2
LiberationSans-Italic
 70
0
 40
0.0
 41
1.0
 50
0.0
 71
0
 42
2.5
  3
LiberationSans-Italic.ttf
  4

  0
STYLE
  5
52
330
5
100
AcDbSymbolTableRecord
100
AcDbTextStyleTableRecord
  2
LiberationSerif
 70
0
 40
0.0
 41
1.0
 50
0.0
 71
0
 42
2.5
  3
LiberationSerif-Regular.ttf
  4

  0
STYLE
  5
53
330
5
100
AcDbSymbolTableRecord
100
AcDbTextStyleTableRecord
  2
LiberationSerif-Bold
 70
0
 40
0.0
 41
1.0
 50
0.0
 71
0
 42
2.5
  3
LiberationSerif-Bold.ttf
  4

  0
STYLE
  5
54
330
5
100
AcDbSymbolTableRecord
100
AcDbTextStyleTableRecord
  2
LiberationSerif-BoldItalic
 70
0
 40
0.0
 41
1.0
 50
0.0
 71
0
 42
2.5
  3
LiberationSerif-BoldItalic.ttf
  4

  0
STYLE
  5
55
330
5
100
AcDbSymbolTableRecord
100
AcDbTextStyleTableRecord
  2
LiberationSerif-Italic
 70
0
 40
0.0
 41
1.0
 50
0.0
 71
0
 42
2.5
  3
LiberationSerif-Italic.ttf
  4

  0
STYLE
  5
56
330
5
100
AcDbSymbolTableRecord
100
AcDbTextStyleTableRecord
  2
LiberationMono
 70
0
 40
0.0
 41
1.0
 50
0.0
 71
0
 42
2.5
  3
LiberationMono-Regular.ttf
  4

  0
STYLE
  5
57
330
5
100
AcDbSymbolTableRecord
100
AcDbTextStyleTableRecord
  2
LiberationMono-Bold
 70
0
 40
0.0
 41
1.0
 50
0.0
 71
0
 42
2.5
  3
LiberationMono-Bold.ttf
  4

  0
STYLE
  5
58
330
5
100
AcDbSymbolTableRecord
100
AcDbTextStyleTableRecord
  2
LiberationMono-BoldItalic
 70
0
 40
0.0
 41
1.0
 50
0.0
 71
0
 42
2.5
  3
LiberationMono-BoldItalic.ttf
  4

  0
STYLE
  5
59
330
5
100
AcDbSymbolTableRecord
100
AcDbTextStyleTableRecord
  2
LiberationMono-Italic
 70
0
 40
0.0
 41
1.0
 50
0.0
 71
0
 42
2.5
  3
LiberationMono-Italic.ttf
  4

  0
ENDTAB
  0
TABLE
  2
VIEW
  5
7
330
0
100
AcDbSymbolTable
 70
0
  0
ENDTAB
  0
TABLE
  2
UCS
  5
6
330
0
100
AcDbSymbolTable
 70
0
  0
ENDTAB
  0
TABLE
  2
APPID
  5
3
330
0
100
AcDbSymbolTable
 70
3
  0
APPID
  5
2A
330
3
100
AcDbSymbolTableRecord
100
AcDbRegAppTableRecord
  2
ACAD
 70
0
  0
APPID
  5
EE
330
3
100
AcDbSymbolTableRecord
100
AcDbRegAppTableRecord
  2
HATCHBACKGROUNDCOLOR
 70
0
  0
APPID
  5
EF
330
3
100
AcDbSymbolTableRecord
100
AcDbRegAppTableRecord
  2
EZDXF
 70
0
  0
ENDTAB
  0
TABLE
  2
DIMSTYLE
  5
4
330
0
100
AcDbSymbolTable
 70
12
100
AcDbDimStyleTable
  0
DIMSTYLE
105
2B
330
4
100
AcDbSymbolTableRecord
100
AcDbDimStyleTableRecord
  2
Standard
 70
0
 40
1.0
 41
2.5
 42
0.625
 43
3.75
 44
1.25
 45
0.0
 46
0.0
 47
0.0
 48
0.0
 49
2.5
140
2.5
141
2.5
142
0.0
143
0.03937007874
144
1.0
145
0.0
146
1.0
147
0.625
148
0.0
 69
0
 70
0
 71
0
 72
0
 73
0
 74
0
 75
0
 76
0
 77
1
 78
8
 79
3
170
0
171
3
172
1
173
0
174
0
175
0
176
0
177
0
178
0
179
2
271
2
272
2
273
2
274
3
275
0
276
0
277
2
278
44
279
0
280
0
281
0
282
0
283
0
284
8
285
0
286
0
288
0
289
3
290
0
371
-2
372
-2
  0
DIMSTYLE
105
73
330
4
100
AcDbSymbolTableRecord
100
AcDbDimStyleTableRecord
  2
EZDXF
 70
0
 40
1.0
 41
0.175
 42
0.125
 43
3.75
 44
0.375
 45
0.0
 46
0.0
 47
0.0
 48
0.0
 49
2.5
140
0.25
141
2.5
142
0.0
143
0.03937007874
144
100.0
145
0.0
146
0.5
147
0.1
148
0.0
 69
0
 70
0
 71
0
 72
0
 73
0
 74
0
 75
0
 76
0
 77
1
 78
12
 79
3
170
0
171
3
172
1
173
0
174
0
175
0
176
0
177
0
178
0
179
2
271
2
272
2
273
2
274
3
275
0
276
0
277
2
278
46
279
2
280
0
281
0
282
0
283
0
284
8
285
0
286
0
288
1
289
3
290
0
340
4C
342
74
371
-2
372
-2
  0
DIMSTYLE
105
7C
330
4
100
AcDbSymbolTableRecord
100
AcDbDimStyleTableRecord
  2
EZ_M_100_H25_CM
 70
0
 40
1.0
 41
0.25
 42
0.125
 43
3.75
 44
0.375
 45
0.0
 46
0.0
 47
0.0
 48
0.0
 49
2.5
140
0.25
141
2.5
142
0.125
143
0.03937007874
144
100.0
145
0.0
146
0.5
147
0.1
148
0.0
 69
0
 70
0
 71
0
 72
0
 73
0
 74
0
 75
0
 76
0
 77
1
 78
12
 79
3
170
0
171
3
172
1
173
0
174
0
175
0
176
0
177
0
178
0
179
2
271
2
272
2
273
2
274
3
275
0
276
0
277
2
278
46
279
2
280
0
281
0
282
0
283
0
284
8
285
0
286
0
288
1
289
3
290
0
340
4C
371
-2
372
-2
  0
DIMSTYLE
105
7D
330
4
100
AcDbSymbolTableRecord
100
AcDbDimStyleTableRecord
  2
EZ_M_50_H25_CM
 70
0
 40
1.0
 41
0.125
 42
0.0625
 43
3.75
 44
0.1875
 45
0.0
 46
0.0
 47
0.0
 48
0.0
 49
2.5
140
0.125
141
2.5
142
0.0625
143
0.03937007874
144
100.0
145
0.0
146
0.5
147
0.05
148
0.0
 69
0
 70
0
 71
0
 72
0
 73
0
 74
0
 75
0
 76
0
 77
1
 78
12
 79
3
170
0
171
3
172
1
173
0
174
0
175
0
176
0
177
0
178
0
179
2
271
2
272
2
273
2
274
3
275
0
276
0
277
2
278
46
279
2
280
0
281
0
282
0
283
0
284
8
285
0
286
0
288
1
289
3
290
0
340
4C
371
-2
372
-2
  0
DIMSTYLE
105
7E
330
4
100
AcDbSymbolTableRecord
100
AcDbDimStyleTableRecord
  2
EZ_M_25_H25_CM
 70
0
 40
1.0
 41
0.0625
 42
0.03125
 43
3.75
 44
0.09375
 45
0.0
 46
0.0
 47
0.0
 48
0.0
 49
2.5
140
0.0625
141
2.5
142
0.03125
143
0.03937007874
144
100.0
145
0.0
146
0.5
147
0.025
148
0.0
 69
0
 70
0
 71
0
 72
0
 73
0
 74
0
 75
0
 76
0
 77
1
 78
12
 79
3
170
0
171
3
172
1
173
0
174
0
175
0
176
0
177
0
178
0
179
2
271
2
272
2
273
2
274
3
275
0
276
0
277
2
278
46
279
2
280
0
281
0
282
0
283
0
284
8
285
0
286
0
288
1
289
3
290
0
340
4C
371
-2
372
-2
  0
DIMSTYLE
105
7F
330
4
100
AcDbSymbolTableRecord
100
AcDbDimStyleTableRecord
  2
EZ_M_20_H25_CM
 70
0
 40
1.0
 41
0.05
 42
0.025
 43
3.75
 44
0.07500000000000001
 45
0.0
 46
0.0
 47
0.0
 48
0.0
 49
2.5
140
0.05
141
2.5
142
0.025
143
0.03937007874
144
100.0
145
0.0
146
0.5
147
0.020000000000000004
148
0.0
 69
0
 70
0
 71
0
 72
0
 73
0
 74
0
 75
0
 76
0
 77
1
 78
12
 79
3
170
0
171
3
172
1
173
0
174
0
175
0
176
0
177
0
178
0
179
2
271
2
272
2
273
2
274
3
275
0
276
0
277
2
278
46
279
2
280
0
281
0
282
0
283
0
284
8
285
0
286
0
288
1
289
3
290
0
340
4C
371
-2
372
-2
  0
DIMSTYLE
105
80
330
4
100
AcDbSymbolTableRecord
100
AcDbDimStyleTableRecord
  2
EZ_M_10_H25_CM
 70
0
 40
1.0
 41
0.025
 42
0.0125
 43
3.75
 44
0.037500000000000006
 45
0.0
 46
0.0
 47
0.0
 48
0.0
 49
2.5
140
0.025
141
2.5
142
0.0125
143
0.03937007874
144
100.0
145
0.0
146
0.5
147
0.010000000000000002
148
0.0
 69
0
 70
0
 71
0
 72
0
 73
0
 74
0
 75
0
 76
0
 77
1
 78
12
 79
3
170
0
171
3
172
1
173
0
174
0
175
0
176
0
177
0
178
0
179
2
271
2
272
2
273
2
274
3
275
0
276
0
277
2
278
46
279
2
280
0
281
0
282
0
283
0
284
8
285
0
286
0
288
1
289
3
290
0
340
4C
371
-2
372
-2
  0
DIMSTYLE
105
81
330
4
100
AcDbSymbolTableRecord
100
AcDbDimStyleTableRecord
  2
EZ_M_5_H25_CM
 70
0
 40
1.0
 41
0.0125
 42
0.00625
 43
3.75
 44
0.018750000000000003
 45
0.0
 46
0.0
 47
0.0
 48
0.0
 49
2.5
140
0.0125
141
2.5
142
0.00625
143
0.03937007874
144
100.0
145
0.0
146
0.5
147
0.005000000000000001
148
0.0
 69
0
 70
0
 71
0
 72
0
 73
0
 74
0
 75
0
 76
0
 77
1
 78
12
 79
3
170
0
171
3
172
1
173
0
174
0
175
0
176
0
177
0
178
0
179
2
271
2
272
2
273
2
274
3
275
0
276
0
277
2
278
46
279
2
280
0
281
0
282
0
283
0
284
8
285
0
286
0
288
1
289
3
290
0
340
4C
371
-2
372
-2
  0
DIMSTYLE
105
82
330
4
100
AcDbSymbolTableRecord
100
AcDbDimStyleTableRecord
  2
EZ_M_1_H25_CM
 70
0
 40
1.0
 41
0.0025
 42
0.00125
 43
3.75
 44
0.00375
 45
0.0
 46
0.0
 47
0.0
 48
0.0
 49
2.5
140
0.0025
141
2.5
142
0.00125
143
0.03937007874
144
100.0
145
0.0
146
0.5
147
0.001
148
0.0
 69
0
 70
0
 71
0
 72
0
 73
0
 74
0
 75
0
 76
0
 77
1
 78
12
 79
3
170
0
171
3
172
1
173
0
174
0
175
0
176
0
177
0
178
0
179
2
271
2
272
2
273
2
274
3
275
0
276
0
277
2
278
46
279
2
280
0
281
0
282
0
283
0
284
8
285
0
286
0
288
1
289
3
290
0
340
4C
371
-2
372
-2
  0
DIMSTYLE
105
83
330
4
100
AcDbSymbolTableRecord
100
AcDbDimStyleTableRecord
  2
EZ_RADIUS
 70
0
 40
1.0
 41
0.25
 42
0.125
 43
3.75
 44
0.375
 45
0.0
 46
0.0
 47
0.0
 48
0.0
 49
2.5
140
0.25
141
0.0
142
0.0
143
0.03937007874
144
100.0
145
0.0
146
0.5
147
0.1
148
0.0
 69
0
 70
0
 71
0
 72
0
 73
0
 74
0
 75
0
 76
0
 77
1
 78
12
 79
3
170
0
171
3
172
0
173
0
174
0
175
0
176
0
177
0
178
0
179
2
271
2
272
2
273
2
274
3
275
0
276
0
277
2
278
46
279
1
280
0
281
0
282
0
283
0
284
8
285
0
286
0
288
1
289
3
290
0
340
4C
342
84
371
-2
372
-2
  0
DIMSTYLE
105
88
330
4
100
AcDbSymbolTableRecord
100
AcDbDimStyleTableRecord
  2
EZ_RADIUS_INSIDE
 70
0
 40
1.0
 41
0.25
 42
0.125
 43
3.75
 44
0.375
 45
0.0
 46
0.0
 47
0.0
 48
0.0
 49
2.5
140
0.25
141
0.0
142
0.0
143
0.03937007874
144
100.0
145
0.0
146
0.5
147
0.1
148
0.0
 69
0
 70
0
 71
0
 72
0
 73
0
 74
0
 75
0
 76
0
 77
0
 78
12
 79
3
170
0
171
3
172
0
173
0
174
1
175
0
176
0
177
0
178
0
179
2
271
2
272
2
273
2
274
3
275
0
276
0
277
2
278
46
279
0
280
0
281
0
282
0
283
0
284
8
285
0
286
0
288
1
289
0
290
0
340
4C
342
84
371
-2
372
-2
  0
DIMSTYLE
105
89
330
4
100
AcDbSymbolTableRecord
100
AcDbDimStyleTableRecord
  2
EZ_CURVED
 70
0
 40
1.0
 41
0.25
 42
0.125
 43
3.75
 44
0.375
 45
0.0
 46
0.0
 47
0.0
 48
0.0
 49
2.5
140
0.25
141
2.5
142
0.0
143
0.03937007874
144
100.0
145
0.0
146
0.5
147
0.1
148
0.0
 69
0
 70
0
 71
0
 72
0
 73
0
 74
0
 75
0
 76
0
 77
1
 78
12
 79
2
 90
2
170
0
171
3
172
1
173
0
174
0
175
0
176
0
177
0
178
0
179
2
271
2
272
2
273
2
274
3
275
0
276
0
277
2
278
46
279
2
280
0
281
0
282
0
283
0
284
8
285
0
286
0
288
1
289
3
290
0
340
4C
371
-2
372
-2
  0
ENDTAB
  0
TABLE
  2
BLOCK_RECORD
  5
9
330
0
100
AcDbSymbolTable
 70
5
  0
BLOCK_RECORD
  5
17
330
9
100
AcDbSymbolTableRecord
100
AcDbBlockTableRecord
  2
*Model_Space
340
1A
 70
0
280
1
281
0
  0
BLOCK_RECORD
  5
1B
330
9
100
AcDbSymbolTableRecord
100
AcDbBlockTableRecord
  2
*Paper_Space
340
1E
 70
0
280
1
281
0
  0
BLOCK_RECORD
  5
74
330
9
100
AcDbSymbolTableRecord
100
AcDbBlockTableRecord
  2
_ARCHTICK
340
0
 70
0
280
1
281
0
  0
BLOCK_RECORD
  5
78
330
9
100
AcDbSymbolTableRecord
100
AcDbBlockTableRecord
  2
_CLOSEDFILLED
340
0
 70
0
280
1
281
0
  0
BLOCK_RECORD
  5
84
330
9
100
AcDbSymbolTableRecord
100
AcDbBlockTableRecord
  2
_CLOSEDBLANK
340
0
 70
0
280
1
281
0
  0
ENDTAB
  0
ENDSEC
  0
SECTION
  2
BLOCKS
  0
BLOCK
  5
18
330
17
100
AcDbEntity
  8
0
100
AcDbBlockBegin
  2
*Model_Space
 70
0
 10
0.0
 20
0.0
 30
0.0
  3
*Model_Space
  1

  0
ENDBLK
  5
19
330
17
100
AcDbEntity
  8
0
100
AcDbBlockEnd
  0
BLOCK
  5
1C
330
1B
100
AcDbEntity
  8
0
100
AcDbBlockBegin
  2
*Paper_Space
 70
0
 10
0.0
 20
0.0
 30
0.0
  3
*Paper_Space
  1

  0
ENDBLK
  5
1D
330
1B
100
AcDbEntity
  8
0
100
AcDbBlockEnd
  0
BLOCK
  5
75
330
74
100
AcDbEntity
  8
0
100
AcDbBlockBegin
  2
_ARCHTICK
 70
0
 10
0.0
 20
0.0
 30
0.0
  3
_ARCHTICK
  1

  0
LWPOLYLINE
  5
77
330
74
100
AcDbEntity
  8
0
  6
BYBLOCK
 62
0
100
AcDbPolyline
 90
2
 70
0
 43
0.15
 10
-0.5
 20
-0.5
 10
0.5
 20
0.5
  0
ENDBLK
  5
76
330
74
100
AcDbEntity
  8
0
100
AcDbBlockEnd
  0
BLOCK
  5
79
330
78
100
AcDbEntity
  8
0
100
AcDbBlockBegin
  2
_CLOSEDFILLED
 70
0
 10
0.0
 20
0.0
 30
0.0
  3
_CLOSEDFILLED
  1

  0
SOLID
  5
7B
330
78
100
AcDbEntity
  8
0
  6
BYBLOCK
 62
0
100
AcDbTrace
 10
-1.0
 20
0.16439898372402537
 30
0.0
 11
0.0
 21
0.0
 31
0.0
 12
-1.0
 22
-0.16439898372402537
 32
0.0
 13
-1.0
 23
-0.16439898372402537
 33
0.0
  0
ENDBLK
  5
7A
330
78
100
AcDbEntity
  8
0
100
AcDbBlockEnd
  0
BLOCK
  5
85
330
84
100
AcDbEntity
  8
0
100
AcDbBlockBegin
  2
_CLOSEDBLANK
 70
0
 10
0.0
 20
0.0
 30
0.0
  3
_CLOSEDBLANK
  1

  0
LWPOLYLINE
  5
87
330
84
100
AcDbEntity
  8
0
  6
BYBLOCK
 62
0
100
AcDbPolyline
 90
3
 70
1
 10
-1.0
 20
0.16439898372402537
 10
0.0
 20
0.0
 10
-1.0
 20
-0.16439898372402537
  0
ENDBLK
  5
86
330
84
100
AcDbEntity
  8
0
100
AcDbBlockEnd
  0
ENDSEC
  0
SECTION
  2
ENTITIES
  0
LWPOLYLINE
  5
92
330
17
100
AcDbEntity
  8
FRAME
100
AcDbPolyline
 90
4
 70
1
 10
0.0
 20
0.0
 10
420.0
 20
0.0
 10
420.0
 20
297.0
 10
0.0
 20
297.0
  0
LWPOLYLINE
  5
93
330
17
100
AcDbEntity
  8
FRAME
100
AcDbPolyline
 90
4
 70
1
 10
8.0
 20
8.0
 10
412.0
 20
8.0
 10
412.0
 20
289.0
 10
8.0
 20
289.0
  0
LINE
  5
94
330
17
100
AcDbEntity
  8
FRAME
100
AcDbLine
 10
8.0
 20
26.0
 30
0.0
 11
412.0
 21
26.0
 31
0.0
  0
TEXT
  5
95
330
17
100
AcDbEntity
  8
LABELS
100
AcDbText
 10
12.0
 20
29.0
 30
0.0
 40
5.0
  1
Series 60 parent transformed onto JBC targets (Lackenby)
 11
12.0
 21
29.0
 31
0.0
100
AcDbText
 73
1
  0
TEXT
  5
96
330
17
100
AcDbEntity
  8
LABELS
100
AcDbText
 10
12.0
 20
12.0
 30
0.0
 40
2.2
  1
OpenHull - all dimensions in metres, moulded surface; station 0 = AP, station 20 = FP; scales differ between views
 11
12.0
 21
12.0
 31
0.0
100
AcDbText
 73
1
  0
LWPOLYLINE
  5
97
330
17
100
AcDbEntity
  8
FRAME
100
AcDbPolyline
 90
4
 70
1
 10
12.0
 20
32.0
 10
150.0
 20
32.0
 10
150.0
 20
285.0
 10
12.0
 20
285.0
  0
LWPOLYLINE
  5
98
330
17
100
AcDbEntity
  8
SECTIONS
100
AcDbPolyline
 90
131
 70
0
 10
13.118136535636339
 20
135.82
 10
12.555948457105192
 20
136.14207266830837
 10
11.993760378574043
 20
136.4631410818482
 10
11.431572300042895
 20
136.7847116227723
 10
10.869384221511748
 20
137.1082906732335
 10
10.3071961429806
 20
137.4353846153846
 10
9.766576257134789
 20
137.7320369135617
 10
9.225956371288978
 20
138.00989534569223
 10
8.685336485443166
 20
138.30096609027268
 10
8.144716599597356
 20
138.63725532579952
 10
7.604096713751545
 20
139.05076923076922
 10
7.473272488927147
 20
139.23875143657045
 10
7.3424482641027495
 20
139.54494151998793
 10
7.21162403927835
 20
139.91867896204323
 10
7.080799814453952
 20
140.309303243758
 10
6.949975589629554
 20
140.66615384615383
 10
6.819151364805158
 20
140.98923076923077
 10
6.688327139980757
 20
141.31230769230768
 10
6.557502915156361
 20
141.6353846153846
 10
6.426678690331961
 20
141.95846153846153
 10
6.2958544655075634
 20
142.28153846153845
 10
6.165030240683166
 20
142.60461538461539
 10
6.034206015858768
 20
142.9276923076923
 10
5.903381791034368
 20
143.2507692307692
 10
5.77255756620997
 20
143.57384615384615
 10
5.641733341385574
 20
143.89692307692306
 10
5.5109091165611765
 20
144.21747540191757
 10
5.380084891736777
 20
144.53550312882967
 10
5.249260666912379
 20
144.85479315478298
 10
5.1184364420879795
 20
145.1791323769011
 10
4.987612217263582
 20
145.51230769230767
 10
4.8691768467634
 20
145.82214846728866
 10
4.7507414762632205
 20
146.138325544969
 10
4.632306105763043
 20
146.46112069669735
 10
4.513870735262861
 20
146.79081569382222
 10
4.395435364762681
 20
147.12769230769229
 10
4.28938884858672
 20
147.4391597757335
 10
4.183342332410758
 20
147.76078551693095
 10
4.077295816234793
 20
148.0882159856463
 10
3.9712493000588314
 20
148.41709763624107
 10
3.8652027838828698
 20
148.7430769230769
 10
3.759156267706908
 20
149.06615384615384
 10
3.6531097515309465
 20
149.38923076923075
 10
3.5470632353549885
 20
149.7123076923077
 10
3.441016719179027
 20
150.0353846153846
 10
3.3349702030030652
 20
150.35846153846154
 10
3.2289236868271036
 20
150.68153846153845
 10
3.122877170651142
 20
151.00461538461536
 10
3.0168306544751804
 20
151.3276923076923
 10
2.910784138299219
 20
151.6507692307692
 10
2.804737622123257
 20
151.97384615384615
 10
2.6986911059472956
 20
152.29692307692306
 10
2.592644589771334
 20
152.62
 10
2.4865980735953723
 20
152.94307692307692
 10
2.3805515574194107
 20
153.26615384615383
 10
2.274505041243449
 20
153.58923076923077
 10
2.1684585250674875
 20
153.91230769230768
 10
2.062412008891526
 20
154.2353846153846
 10
1.9563654927155625
 20
154.55846153846153
 10
1.8503189765396009
 20
154.88153846153844
 10
1.7442724603636393
 20
155.20461538461538
 10
1.6382259441876776
 20
155.54372210500844
 10
1.532179428011716
 20
155.89885862271763
 10
1.4261329118357544
 20
156.24598024176876
 10
1.3200863956597928
 20
156.5610422661876
 10
1.2140398794838312
 20
156.82
 10
1.021081436969311
 20
157.19586859846422
 10
0.828122994454791
 20
157.52554448096453
 10
0.6351645519402709
 20
157.8288245257712
 10
0.4422061094257508
 20
158.1255056111545
 10
0.24924766691122713
 20
158.4353846153846
 10
0.05628922439670703
 20
158.75846153846152
 10
-0.13666921811781307
 20
159.08153846153846
 10
-0.3296276606323367
 20
159.40461538461537
 10
-0.5225861031468568
 20
159.72769230769228
 10
-0.7155445456613805
 20
160.05076923076922
 10
-0.9085029881759006
 20
160.37384615384613
 10
-1.1014614306904242
 20
160.69692307692307
 10
-1.2944198732049408
 20
161.01999999999998
 10
-1.4873783157194644
 20
161.34307692307692
 10
-1.6803367582339845
 20
161.66615384615383
 10
-1.8732952007485082
 20
161.98923076923074
 10
-2.0662536432630283
 20
162.31230769230768
 10
-2.2592120857775484
 20
162.6353846153846
 10
-2.4521705282920685
 20
162.95846153846153
 10
-2.645128970806592
 20
163.28153846153845
 10
-2.8380874133211123
 20
163.60461538461539
 10
-3.031045855835636
 20
163.9276923076923
 10
-3.224004298350156
 20
164.2507692307692
 10
-3.4169627408646797
 20
164.57384615384615
 10
-3.6099211833791998
 20
164.89692307692306
 10
-3.8028796258937234
 20
165.22910547222514
 10
-3.99583806840824
 20
165.57039333975234
 10
-4.18879651092276
 20
165.907128471167
 10
-4.381754953437277
 20
166.22565265813134
 10
-4.5747133959518
 20
166.51230769230767
 10
-4.845799923982682
 20
166.8746840736692
 10
-5.11688645201356
 20
167.21532668652833
 10
-5.387972980044445
 20
167.5363195702452
 10
-5.659059508075327
 20
167.83974676417984
 10
-5.930146036106208
 20
168.12769230769229
 10
-6.279360649653448
 20
168.47558757572855
 10
-6.628575263200691
 20
168.8017667919254
 10
-6.977789876747931
 20
169.11553683564256
 10
-7.327004490295174
 20
169.4262045862398
 10
-7.6762191038424135
 20
169.7430769230769
 10
-8.025433717389653
 20
170.06615384615384
 10
-8.374648330936893
 20
170.38923076923075
 10
-8.723862944484132
 20
170.71230769230766
 10
-9.073077558031372
 20
171.0353846153846
 10
-9.422292171578611
 20
171.3584615384615
 10
-9.771506785125851
 20
171.68153846153845
 10
-10.120721398673094
 20
172.00461538461536
 10
-10.469936012220334
 20
172.3276923076923
 10
-10.819150625767577
 20
172.6507692307692
 10
-11.168365239314817
 20
172.97384615384613
 10
-11.517579852862056
 20
173.29692307692306
 10
-11.866794466409303
 20
173.61999999999998
 10
-12.216009079956542
 20
173.9430769230769
 10
-12.565223693503786
 20
174.26615384615383
 10
-12.914438307051025
 20
174.58923076923077
 10
-13.263652920598265
 20
174.91230769230768
 10
-13.612867534145504
 20
175.2353846153846
 10
-13.962082147692747
 20
175.55846153846153
 10
-14.311296761239987
 20
175.88153846153844
 10
-14.660511374787227
 20
176.20461538461535
 10
-15.009725988334466
 20
176.5276923076923
 10
-15.358940601881713
 20
176.8507692307692
 10
-15.708155215428953
 20
177.17384615384614
 10
-16.057369828976192
 20
177.49692307692305
 10
-16.40658444252343
 20
177.82
  0
LWPOLYLINE
  5
99
330
17
100
AcDbEntity
  8
SECTIONS
100
AcDbPolyline
 90
131
 70
0
 10
4.343722700495391
 20
135.82
 10
3.391121090695007
 20
136.14212135139067
 10
2.4385194808946213
 20
136.4632871310951
 10
1.4859178710942373
 20
136.78493069664265
 10
0.5333162612938516
 20
137.1084854055627
 10
-0.41928534850653065
 20
137.4353846153846
 10
-1.3370912902823093
 20
137.73321183602965
 10
-2.254897232058088
 20
138.01304558022153
 10
-3.1727031738338667
 20
138.30550417562935
 10
-4.090509115609642
 20
138.6412059499222
 10
-5.0083150573854205
 20
139.05076923076922
 10
-5.265003306693693
 20
139.2488228730081
 10
-5.5216915560019615
 20
139.55627188598027
 10
-5.778379805310234
 20
139.92623253937145
 10
-6.0350680546185025
 20
140.3118211028674
 10
-6.291756303926775
 20
140.66615384615383
 10
-6.5484445532350435
 20
140.98923076923077
 10
-6.805132802543316
 20
141.31230769230768
 10
-7.0618210518515845
 20
141.6353846153846
 10
-7.318509301159857
 20
141.95846153846153
 10
-7.5751975504681255
 20
142.28153846153845
 10
-7.831885799776398
 20
142.60461538461539
 10
-8.08857404908467
 20
142.9276923076923
 10
-8.345262298392939
 20
143.25076923076924
 10
-8.601950547701211
 20
143.57384615384615
 10
-8.858638797009483
 20
143.89692307692306
 10
-9.115327046317756
 20
144.2160771799418
 10
-9.372015295626024
 20
144.53130846290233
 10
-9.628703544934297
 20
144.84850115589197
 10
-9.885391794242565
 20
145.173539488998
 10
-10.142080043550838
 20
145.51230769230767
 10
-10.361589655985778
 20
145.81423286104987
 10
-10.581099268420719
 20
146.12599969341866
 10
-10.800608880855663
 20
146.44834240295484
 10
-11.020118493290603
 20
146.78199520319913
 10
-11.239628105725544
 20
147.12769230769229
 10
-11.421959081287156
 20
147.43110488423403
 10
-11.604290056848768
 20
147.75172376399405
 10
-11.786621032410377
 20
148.08217481702167
 10
-11.968952007971989
 20
148.4150839133662
 10
-12.151282983533601
 20
148.7430769230769
 10
-12.333613959095217
 20
149.06615384615384
 10
-12.51594493465683
 20
149.38923076923075
 10
-12.698275910218438
 20
149.7123076923077
 10
-12.88060688578005
 20
150.0353846153846
 10
-13.062937861341663
 20
150.35846153846154
 10
-13.245268836903275
 20
150.68153846153845
 10
-13.427599812464887
 20
151.00461538461536
 10
-13.609930788026496
 20
151.3276923076923
 10
-13.792261763588108
 20
151.6507692307692
 10
-13.974592739149724
 20
151.97384615384615
 10
-14.156923714711333
 20
152.29692307692306
 10
-14.339254690272945
 20
152.62
 10
-14.521585665834557
 20
152.94307692307692
 10
-14.70391664139617
 20
153.26615384615383
 10
-14.886247616957782
 20
153.58923076923077
 10
-15.068578592519394
 20
153.91230769230768
 10
-15.250909568081006
 20
154.2353846153846
 10
-15.433240543642619
 20
154.55846153846153
 10
-15.61557151920423
 20
154.88153846153844
 10
-15.797902494765843
 20
155.20461538461538
 10
-15.980233470327455
 20
155.52929953740326
 10
-16.162564445889068
 20
155.85559091990208
 10
-16.34489542145068
 20
156.18107868754547
 10
-16.527226397012292
 20
156.5033519957669
 10
-16.709557372573904
 20
156.82
 10
-16.90347148030675
 20
157.14937523450817
 10
-17.097385588039593
 20
157.47323944651401
 10
-17.291299695772437
 20
157.7939545028042
 10
-17.48521380350528
 20
158.1138822701655
 10
-17.679127911238126
 20
158.4353846153846
 10
-17.87304201897097
 20
158.75846153846152
 10
-18.066956126703815
 20
159.08153846153846
 10
-18.26087023443666
 20
159.40461538461537
 10
-18.454784342169503
 20
159.72769230769228
 10
-18.648698449902348
 20
160.05076923076922
 10
-18.842612557635192
 20
160.37384615384613
 10
-19.036526665368044
 20
160.69692307692307
 10
-19.23044077310088
 20
161.01999999999998
 10
-19.424354880833725
 20
161.34307692307692
 10
-19.61826898856657
 20
161.66615384615383
 10
-19.81218309629942
 20
161.98923076923074
 10
-20.006097204032258
 20
162.31230769230768
 10
-20.200011311765103
 20
162.6353846153846
 10
-20.393925419497947
 20
162.95846153846153
 10
-20.58783952723079
 20
163.28153846153845
 10
-20.781753634963636
 20
163.60461538461539
 10
-20.97566774269648
 20
163.9276923076923
 10
-21.16958185042933
 20
164.2507692307692
 10
-21.363495958162176
 20
164.57384615384615
 10
-21.55741006589502
 20
164.89692307692306
 10
-21.751324173627857
 20
165.21897854379728
 10
-21.94523828136071
 20
165.54001255446877
 10
-22.139152389093546
 20
165.86155729324162
 10
-22.33306649682639
 20
166.1851449444199
 10
-22.526980604559235
 20
166.51230769230767
 10
-22.713329436020146
 20
166.83018075983267
 10
-22.89967826748105
 20
167.15061318027244
 10
-23.08602709894197
 20
167.47364752848821
 10
-23.27237593040288
 20
167.7993263793411
 10
-23.45872476186379
 20
168.12769230769229
 10
-23.63750831705277
 20
168.44645615270713
 10
-23.816291872241734
 20
168.76899394102628
 10
-23.995075427430713
 20
169.0936882683765
 10
-24.173858982619684
 20
169.41892173048447
 10
-24.352642537808663
 20
169.7430769230769
 10
-24.53142609299764
 20
170.06615384615384
 10
-24.710209648186606
 20
170.38923076923075
 10
-24.888993203375584
 20
170.71230769230766
 10
-25.067776758564555
 20
171.0353846153846
 10
-25.246560313753534
 20
171.3584615384615
 10
-25.425343868942512
 20
171.68153846153845
 10
-25.604127424131477
 20
172.00461538461536
 10
-25.782910979320455
 20
172.3276923076923
 10
-25.961694534509427
 20
172.6507692307692
 10
-26.140478089698405
 20
172.97384615384613
 10
-26.319261644887384
 20
173.29692307692306
 10
-26.498045200076348
 20
173.61999999999998
 10
-26.676828755265326
 20
173.9430769230769
 10
-26.855612310454298
 20
174.26615384615383
 10
-27.034395865643276
 20
174.58923076923077
 10
-27.213179420832255
 20
174.91230769230768
 10
-27.39196297602122
 20
175.2353846153846
 10
-27.570746531210197
 20
175.55846153846153
 10
-27.74953008639917
 20
175.88153846153844
 10
-27.928313641588147
 20
176.20461538461535
 10
-28.107097196777126
 20
176.5276923076923
 10
-28.28588075196609
 20
176.8507692307692
 10
-28.46466430715507
 20
177.17384615384614
 10
-28.64344786234404
 20
177.49692307692305
 10
-28.82223141753302
 20
177.82
  0
LWPOLYLINE
  5
9A
330
17
100
AcDbEntity
  8
SECTIONS
100
AcDbPolyline
 90
131
 70
0
 10
-5.868047571425581
 20
135.82
 10
-6.9410434291029155
 20
136.14212791502445
 10
-8.014039286780243
 20
136.46330682199644
 10
-9.087035144457573
 20
136.78496023299468
 10
-10.160031002134904
 20
137.10851166009783
 10
-11.233026859812231
 20
137.4353846153846
 10
-12.267095447187081
 20
137.7333753598012
 10
-13.301164034561925
 20
138.0134856920837
 10
-14.335232621936775
 20
138.3061391136964
 10
-15.369301209311622
 20
138.64175912610347
 10
-16.40336979668647
 20
139.05076923076922
 10
-16.69782024831415
 20
139.25015019281204
 10
-16.992270699941834
 20
139.5577651207597
 10
-17.286721151569516
 20
139.9272280292244
 10
-17.5811716031972
 20
140.31215293281838
 10
-17.87562205482488
 20
140.66615384615383
 10
-18.170072506452563
 20
140.98923076923077
 10
-18.464522958080245
 20
141.31230769230768
 10
-18.75897340970792
 20
141.6353846153846
 10
-19.053423861335602
 20
141.95846153846153
 10
-19.347874312963285
 20
142.28153846153845
 10
-19.642324764590967
 20
142.60461538461539
 10
-19.93677521621865
 20
142.9276923076923
 10
-20.23122566784633
 20
143.2507692307692
 10
-20.525676119474006
 20
143.57384615384615
 10
-20.82012657110169
 20
143.89692307692306
 10
-21.11457702272937
 20
144.21429772111804
 10
-21.409027474357053
 20
144.52597008643104
 10
-21.703477925984735
 20
144.840493591185
 10
-21.997928377612418
 20
145.1664216537029
 10
-22.2923788292401
 20
145.51230769230767
 10
-22.52598368160249
 20
145.80345425842495
 10
-22.759588533964887
 20
146.1088540295173
 10
-22.993193386327285
 20
146.43021897908946
 10
-23.226798238689675
 20
146.7692610806462
 10
-23.460403091052065
 20
147.12769230769229
 10
-23.63316234414917
 20
147.41850520505471
 10
-23.805921597246275
 20
147.7375491249173
 10
-23.97868085034338
 20
148.07272505763717
 10
-24.151440103440486
 20
148.41193399357135
 10
-24.32419935653759
 20
148.7430769230769
 10
-24.496958609634696
 20
149.06615384615384
 10
-24.669717862731808
 20
149.38923076923075
 10
-24.842477115828913
 20
149.7123076923077
 10
-25.015236368926026
 20
150.0353846153846
 10
-25.18799562202313
 20
150.35846153846154
 10
-25.360754875120236
 20
150.68153846153845
 10
-25.53351412821734
 20
151.00461538461536
 10
-25.706273381314446
 20
151.3276923076923
 10
-25.879032634411544
 20
151.6507692307692
 10
-26.05179188750865
 20
151.97384615384615
 10
-26.224551140605755
 20
152.29692307692306
 10
-26.39731039370286
 20
152.62
 10
-26.570069646799972
 20
152.94307692307692
 10
-26.742828899897077
 20
153.26615384615383
 10
-26.915588152994182
 20
153.58923076923077
 10
-27.088347406091287
 20
153.91230769230768
 10
-27.261106659188393
 20
154.2353846153846
 10
-27.433865912285498
 20
154.55846153846153
 10
-27.606625165382603
 20
154.88153846153844
 10
-27.779384418479708
 20
155.20461538461538
 10
-27.952143671576813
 20
155.519461299776
 10
-28.12490292467391
 20
155.82607620702032
 10
-28.29766217777103
 20
156.13680661822278
 10
-28.470421430868136
 20
156.46399904525785
 10
-28.643180683965234
 20
156.82
 10
-28.76562074449705
 20
157.10618604634897
 10
-28.888060805028864
 20
157.4246516098349
 10
-29.010500865560672
 20
157.7615626116848
 10
-29.132940926092488
 20
158.1030849731257
 10
-29.255380986624303
 20
158.4353846153846
 10
-29.37782104715611
 20
158.75846153846152
 10
-29.500261107687926
 20
159.08153846153846
 10
-29.622701168219727
 20
159.40461538461537
 10
-29.745141228751542
 20
159.72769230769228
 10
-29.867581289283358
 20
160.05076923076922
 10
-29.990021349815166
 20
160.37384615384613
 10
-30.11246141034698
 20
160.69692307692307
 10
-30.23490147087879
 20
161.01999999999998
 10
-30.357341531410604
 20
161.34307692307692
 10
-30.47978159194242
 20
161.66615384615383
 10
-30.602221652474228
 20
161.98923076923074
 10
-30.724661713006043
 20
162.31230769230768
 10
-30.847101773537858
 20
162.6353846153846
 10
-30.969541834069666
 20
162.95846153846153
 10
-31.09198189460148
 20
163.28153846153845
 10
-31.21442195513329
 20
163.60461538461539
 10
-31.336862015665105
 20
163.9276923076923
 10
-31.45930207619692
 20
164.2507692307692
 10
-31.581742136728728
 20
164.57384615384615
 10
-31.704182197260543
 20
164.89692307692306
 10
-31.82662225779236
 20
165.21541316459428
 10
-31.949062318324167
 20
165.52931641685976
 10
-32.071502378855975
 20
165.8455130868281
 10
-32.19394243938778
 20
166.1708834276079
 10
-32.3163824999196
 20
166.51230769230767
 10
-32.41823452640317
 20
166.8103085207024
 10
-32.52008655288674
 20
167.11980611955744
 10
-32.621938579370294
 20
167.4418417657536
 10
-32.723790605853864
 20
167.7774567361716
 10
-32.825642632337434
 20
168.12769230769229
 10
-32.906906624772745
 20
168.42675177998814
 10
-32.98817061720807
 20
168.74682652171742
 10
-33.06943460964339
 20
169.07890998883727
 10
-33.15069860207871
 20
169.4139956373047
 10
-33.23196259451403
 20
169.7430769230769
 10
-33.313226586949355
 20
170.06615384615384
 10
-33.39449057938467
 20
170.38923076923075
 10
-33.47575457182
 20
170.71230769230766
 10
-33.55701856425531
 20
171.0353846153846
 10
-33.63828255669063
 20
171.3584615384615
 10
-33.71954654912595
 20
171.68153846153842
 10
-33.800810541561276
 20
172.00461538461536
 10
-33.882074533996594
 20
172.3276923076923
 10
-33.96333852643192
 20
172.6507692307692
 10
-34.04460251886724
 20
172.97384615384613
 10
-34.12586651130256
 20
173.29692307692306
 10
-34.20713050373787
 20
173.61999999999998
 10
-34.2883944961732
 20
173.9430769230769
 10
-34.369658488608515
 20
174.26615384615383
 10
-34.45092248104384
 20
174.58923076923077
 10
-34.53218647347916
 20
174.91230769230768
 10
-34.61345046591448
 20
175.2353846153846
 10
-34.69471445834979
 20
175.55846153846153
 10
-34.77597845078512
 20
175.88153846153844
 10
-34.857242443220436
 20
176.20461538461535
 10
-34.93850643565575
 20
176.5276923076923
 10
-35.01977042809108
 20
176.8507692307692
 10
-35.101034420526396
 20
177.17384615384614
 10
-35.18229841296172
 20
177.49692307692305
 10
-35.26356240539703
 20
177.82
  0
LWPOLYLINE
  5
9B
330
17
100
AcDbEntity
  8
SECTIONS
100
AcDbPolyline
 90
131
 70
0
 10
-15.351274084352795
 20
135.82
 10
-16.360284989573408
 20
136.14211832183108
 10
-17.36929589479402
 20
136.46327804241636
 10
-18.378306800014627
 20
136.78491706362456
 10
-19.38731770523524
 20
137.1084732873244
 10
-20.396328610455853
 20
137.4353846153846
 10
-21.368367927979143
 20
137.73313673868665
 10
-22.340407245502433
 20
138.01284358155263
 10
-23.312446563025723
 20
138.30521282430607
 10
-24.284485880549006
 20
138.64095214727044
 10
-25.256525198072303
 20
139.05076923076922
 10
-25.52610434934646
 20
139.24820775485222
 10
-25.79568350062062
 20
139.55557987805489
 10
-26.065262651894784
 20
139.92577120075455
 10
-26.334841803168935
 20
140.31166732332844
 10
-26.6044209544431
 20
140.66615384615383
 10
-26.874000105717258
 20
140.98923076923077
 10
-27.143579256991423
 20
141.31230769230768
 10
-27.413158408265588
 20
141.6353846153846
 10
-27.682737559539753
 20
141.95846153846153
 10
-27.95231671081391
 20
142.28153846153845
 10
-28.221895862088076
 20
142.60461538461539
 10
-28.491475013362226
 20
142.9276923076923
 10
-28.76105416463639
 20
143.25076923076924
 10
-29.03063331591055
 20
143.57384615384615
 10
-29.300212467184707
 20
143.89692307692306
 10
-29.569791618458872
 20
144.212166882036
 10
-29.839370769733037
 20
144.51957756918495
 10
-30.108949921007202
 20
144.83090481531588
 10
-30.37852907228136
 20
145.1578982973748
 10
-30.648108223555525
 20
145.51230769230767
 10
-30.842699908304702
 20
145.78934148528333
 10
-31.037291593053872
 20
146.08576790867852
 10
-31.23188327780305
 20
146.40521589712435
 10
-31.42647496255222
 20
146.7513143852519
 10
-31.621066647301397
 20
147.12769230769229
 10
-31.74067086552558
 20
147.39848747223203
 10
-31.860275083749762
 20
147.7150291754918
 10
-31.979879301973952
 20
148.05771175802016
 10
-32.099483520198135
 20
148.40692956036568
 10
-32.21908773842232
 20
148.7430769230769
 10
-32.33869195664651
 20
149.06615384615384
 10
-32.458296174870696
 20
149.38923076923078
 10
-32.577900393094886
 20
149.7123076923077
 10
-32.697504611319076
 20
150.0353846153846
 10
-32.817108829543265
 20
150.35846153846154
 10
-32.93671304776745
 20
150.68153846153845
 10
-33.05631726599164
 20
151.00461538461536
 10
-33.17592148421582
 20
151.3276923076923
 10
-33.29552570244
 20
151.6507692307692
 10
-33.41512992066419
 20
151.97384615384615
 10
-33.534734138888375
 20
152.29692307692306
 10
-33.65433835711256
 20
152.62
 10
-33.773942575336754
 20
152.94307692307692
 10
-33.89354679356094
 20
153.26615384615383
 10
-34.013151011785126
 20
153.58923076923077
 10
-34.13275523000931
 20
153.91230769230768
 10
-34.25235944823349
 20
154.2353846153846
 10
-34.37196366645769
 20
154.55846153846153
 10
-34.49156788468187
 20
154.88153846153844
 10
-34.61117210290606
 20
155.20461538461538
 10
-34.73077632113024
 20
155.5129135739964
 10
-34.850380539354425
 20
155.80643302968156
 10
-34.96998475757862
 20
156.10734185221466
 10
-35.089588975802805
 20
156.43780814213952
 10
-35.209193194026994
 20
156.82
 10
-35.268959389430414
 20
157.06916993771208
 10
-35.32872558483383
 20
157.38300848761838
 10
-35.38849178023725
 20
157.73380053020713
 10
-35.44825797564067
 20
158.09383094596646
 10
-35.50802417104409
 20
158.4353846153846
 10
-35.56779036644752
 20
158.75846153846152
 10
-35.62755656185093
 20
159.08153846153846
 10
-35.68732275725436
 20
159.40461538461537
 10
-35.74708895265777
 20
159.72769230769228
 10
-35.806855148061196
 20
160.05076923076922
 10
-35.86662134346462
 20
160.37384615384613
 10
-35.926387538868035
 20
160.69692307692307
 10
-35.98615373427146
 20
161.01999999999998
 10
-36.045919929674874
 20
161.34307692307692
 10
-36.1056861250783
 20
161.66615384615383
 10
-36.16545232048172
 20
161.98923076923074
 10
-36.22521851588514
 20
162.31230769230768
 10
-36.28498471128856
 20
162.6353846153846
 10
-36.34475090669198
 20
162.95846153846153
 10
-36.4045171020954
 20
163.28153846153845
 10
-36.464283297498824
 20
163.60461538461539
 10
-36.524049492902236
 20
163.9276923076923
 10
-36.58381568830566
 20
164.2507692307692
 10
-36.643581883709075
 20
164.57384615384615
 10
-36.7033480791125
 20
164.89692307692306
 10
-36.76311427451593
 20
165.21326468949783
 10
-36.82288046991934
 20
165.52287099157044
 10
-36.88264666532277
 20
165.83584494889413
 10
-36.94241286072618
 20
166.16228952722216
 10
-37.002179056129606
 20
166.51230769230767
 10
-37.047504587491126
 20
166.7967892121821
 10
-37.09283011885265
 20
167.09803978511925
 10
-37.138155650214166
 20
167.41858805965765
 10
-37.183481181575694
 20
167.76096268433582
 10
-37.22880671293722
 20
168.12769230769229
 10
-37.25969158025684
 20
168.4096077278616
 10
-37.29057644757646
 20
168.72753946307506
 10
-37.321461314896084
 20
169.06605194974236
 10
-37.352346182215705
 20
169.4097096242731
 10
-37.383231049535325
 20
169.7430769230769
 10
-37.41411591685495
 20
170.06615384615384
 10
-37.445000784174574
 20
170.38923076923075
 10
-37.475885651494195
 20
170.71230769230766
 10
-37.506770518813816
 20
171.0353846153846
 10
-37.537655386133444
 20
171.3584615384615
 10
-37.56854025345307
 20
171.68153846153845
 10
-37.599425120772686
 20
172.00461538461536
 10
-37.630309988092314
 20
172.3276923076923
 10
-37.66119485541193
 20
172.6507692307692
 10
-37.692079722731556
 20
172.97384615384613
 10
-37.72296459005118
 20
173.29692307692306
 10
-37.753849457370805
 20
173.61999999999998
 10
-37.78473432469042
 20
173.9430769230769
 10
-37.81561919201005
 20
174.26615384615383
 10
-37.846504059329675
 20
174.58923076923077
 10
-37.877388926649296
 20
174.91230769230768
 10
-37.90827379396892
 20
175.2353846153846
 10
-37.93915866128854
 20
175.55846153846153
 10
-37.97004352860816
 20
175.88153846153844
 10
-38.00092839592778
 20
176.20461538461535
 10
-38.03181326324741
 20
176.5276923076923
 10
-38.06269813056702
 20
176.8507692307692
 10
-38.09358299788665
 20
177.17384615384614
 10
-38.12446786520626
 20
177.49692307692305
 10
-38.15535273252589
 20
177.82
  0
LWPOLYLINE
  5
9C
330
17
100
AcDbEntity
  8
SECTIONS
100
AcDbPolyline
 90
131
 70
0
 10
-22.531799645075118
 20
135.82
 10
-23.427369188961002
 20
136.14207289355883
 10
-24.322938732846886
 20
136.46314175759957
 10
-25.218508276732777
 20
136.78471263639935
 10
-26.11407782061866
 20
137.10829157423532
 10
-27.009647364504552
 20
137.4353846153846
 10
-27.870866236988753
 20
137.73204218171205
 10
-28.732085109472955
 20
138.0099094161288
 10
-29.59330398195715
 20
138.3009863289203
 10
-30.454522854441358
 20
138.63727293037195
 10
-31.31574172692556
 20
139.05076923076922
 10
-31.52429784277772
 20
139.2387989437855
 10
-31.73285395862989
 20
139.54499496560481
 10
-31.94141007448205
 20
139.9187145924545
 10
-32.14996619033422
 20
140.30931512056173
 10
-32.35852230618638
 20
140.66615384615383
 10
-32.567078422038534
 20
140.98923076923077
 10
-32.775634537890696
 20
141.31230769230768
 10
-32.984190653742864
 20
141.6353846153846
 10
-33.192746769595026
 20
141.95846153846153
 10
-33.40130288544719
 20
142.28153846153845
 10
-33.60985900129935
 20
142.60461538461539
 10
-33.81841511715151
 20
142.9276923076923
 10
-34.02697123300368
 20
143.25076923076924
 10
-34.23552734885584
 20
143.57384615384615
 10
-34.444083464707994
 20
143.89692307692306
 10
-34.652639580560155
 20
144.21012805409583
 10
-34.861195696412324
 20
144.51346108536444
 10
-35.069751812264485
 20
144.82173008958512
 10
-35.278307928116654
 20
145.14974298561413
 10
-35.486864043968815
 20
145.51230769230767
 10
-35.623547953545156
 20
145.77442270570387
 10
-35.760231863121504
 20
146.06065737237284
 10
-35.896915772697845
 20
146.37737299388218
 10
-36.03359968227419
 20
146.73093087179944
 10
-36.170283591850534
 20
147.12769230769229
 10
-36.23509529515106
 20
147.37160424693897
 10
-36.29990699845158
 20
147.6847855470371
 10
-36.36471870175212
 20
148.03754933905037
 10
-36.42953040505264
 20
148.40020875404244
 10
-36.494342108353166
 20
148.7430769230769
 10
-36.559153811653694
 20
149.06615384615384
 10
-36.62396551495422
 20
149.38923076923078
 10
-36.68877721825474
 20
149.7123076923077
 10
-36.75358892155528
 20
150.0353846153846
 10
-36.818400624855805
 20
150.35846153846154
 10
-36.88321232815633
 20
150.68153846153845
 10
-36.94802403145685
 20
151.00461538461536
 10
-37.01283573475738
 20
151.3276923076923
 10
-37.0776474380579
 20
151.6507692307692
 10
-37.14245914135844
 20
151.97384615384615
 10
-37.207270844658964
 20
152.29692307692306
 10
-37.272082547959485
 20
152.62
 10
-37.33689425126001
 20
152.94307692307692
 10
-37.40170595456053
 20
153.26615384615383
 10
-37.46651765786107
 20
153.58923076923077
 10
-37.531329361161596
 20
153.91230769230768
 10
-37.59614106446212
 20
154.2353846153846
 10
-37.660952767762645
 20
154.55846153846153
 10
-37.725764471063165
 20
154.88153846153844
 10
-37.79057617436369
 20
155.20461538461538
 10
-37.85538787766423
 20
155.50837859998217
 10
-37.92019958096475
 20
155.79282810763885
 10
-37.985011284265276
 20
156.0869344691506
 10
-38.0498229875658
 20
156.41966824608258
 10
-38.114634690866325
 20
156.82
 10
-38.13749896225981
 20
157.0365056950791
 10
-38.1603632336533
 20
157.3462612146563
 10
-38.183227505046794
 20
157.70930234823237
 10
-38.20609177644028
 20
158.08566488530823
 10
-38.22895604783377
 20
158.4353846153846
 10
-38.25182031922726
 20
158.75846153846152
 10
-38.274684590620744
 20
159.08153846153846
 10
-38.297548862014246
 20
159.40461538461537
 10
-38.32041313340773
 20
159.72769230769228
 10
-38.34327740480122
 20
160.05076923076922
 10
-38.36614167619471
 20
160.37384615384613
 10
-38.389005947588196
 20
160.69692307692307
 10
-38.41187021898169
 20
161.01999999999998
 10
-38.43473449037518
 20
161.34307692307692
 10
-38.457598761768665
 20
161.66615384615383
 10
-38.48046303316215
 20
161.98923076923074
 10
-38.50332730455564
 20
162.31230769230768
 10
-38.526191575949134
 20
162.6353846153846
 10
-38.54905584734262
 20
162.95846153846153
 10
-38.57192011873611
 20
163.28153846153845
 10
-38.5947843901296
 20
163.60461538461539
 10
-38.617648661523084
 20
163.9276923076923
 10
-38.64051293291658
 20
164.2507692307692
 10
-38.663377204310066
 20
164.57384615384615
 10
-38.686241475703554
 20
164.89692307692306
 10
-38.70910574709704
 20
165.21025788761432
 10
-38.73197001849053
 20
165.5138505859199
 10
-38.75483428988403
 20
165.82231434041833
 10
-38.77769856127752
 20
166.1502623196881
 10
-38.800562832671005
 20
166.51230769230767
 10
-38.81564335308487
 20
166.77541619687094
 10
-38.830723873498734
 20
167.06234768880108
 10
-38.8458043939126
 20
167.3792633899881
 10
-38.86088491432646
 20
167.73232452232185
 10
-38.87596543474034
 20
168.12769230769229
 10
-38.88326220417458
 20
168.37361862242338
 10
-38.89055897360882
 20
168.68705171945706
 10
-38.89785574304306
 20
169.0390601206637
 10
-38.90515251247731
 20
169.40071234791353
 10
-38.91244928191155
 20
169.7430769230769
 10
-38.91974605134579
 20
170.06615384615384
 10
-38.92704282078003
 20
170.38923076923075
 10
-38.93433959021428
 20
170.71230769230766
 10
-38.94163635964852
 20
171.03538461538457
 10
-38.94893312908276
 20
171.3584615384615
 10
-38.95622989851701
 20
171.68153846153842
 10
-38.96352666795125
 20
172.00461538461536
 10
-38.970823437385484
 20
172.3276923076923
 10
-38.978120206819725
 20
172.65076923076924
 10
-38.985416976253966
 20
172.97384615384613
 10
-38.992713745688214
 20
173.2969230769231
 10
-39.000010515122455
 20
173.62
 10
-39.007307284556695
 20
173.94307692307692
 10
-39.01460405399094
 20
174.26615384615383
 10
-39.021900823425185
 20
174.58923076923077
 10
-39.029197592859425
 20
174.91230769230768
 10
-39.036494362293666
 20
175.2353846153846
 10
-39.043791131727914
 20
175.5584615384615
 10
-39.051087901162155
 20
175.8815384615384
 10
-39.058384670596396
 20
176.20461538461535
 10
-39.06568144003064
 20
176.52769230769226
 10
-39.072978209464885
 20
176.85076923076917
 10
-39.08027497889912
 20
177.1738461538461
 10
-39.08757174833336
 20
177.49692307692305
 10
-39.0948685177676
 20
177.82
  0
LWPOLYLINE
  5
9D
330
17
100
AcDbEntity
  8
SECTIONS
100
AcDbPolyline
 90
101
 70
0
 10
-26.990590834356027
 20
135.82
 10
-27.799635213057265
 20
136.14200734146723
 10
-28.608679591758495
 20
136.46294510132478
 10
-29.417723970459733
 20
136.78441765198716
 10
-30.226768349160963
 20
137.10802936586893
 10
-31.0358127278622
 20
137.4353846153846
 10
-31.811825992723726
 20
137.7305873166474
 10
-32.587839257585244
 20
138.00604988310795
 10
-33.36385252244676
 20
138.2954495604756
 10
-34.13986578730828
 20
138.63246359445958
 10
-34.91587905216981
 20
139.05076923076922
 10
-35.06430115407668
 20
139.22463031965376
 10
-35.212723255983555
 20
139.52905526345663
 10
-35.361145357890436
 20
139.90808812435571
 10
-35.50956745979732
 20
140.3057729645288
 10
-35.65798956170419
 20
140.66615384615383
 10
-35.806411663611065
 20
140.98923076923077
 10
-35.95483376551794
 20
141.31230769230768
 10
-36.103255867424814
 20
141.63538461538462
 10
-36.25167796933169
 20
141.95846153846153
 10
-36.40010007123857
 20
142.28153846153845
 10
-36.54852217314544
 20
142.60461538461539
 10
-36.696944275052324
 20
142.9276923076923
 10
-36.8453663769592
 20
143.25076923076924
 10
-36.99378847886609
 20
143.57384615384615
 10
-37.14221058077296
 20
143.89692307692306
 10
-37.290632682679835
 20
144.20794194673277
 10
-37.43905478458671
 20
144.50690276327524
 10
-37.5874768864936
 20
144.81189260645132
 10
-37.73589898840047
 20
145.14099855616186
 10
-37.884321090307346
 20
145.51230769230767
 10
-37.97123870496843
 20
145.75691159797037
 10
-38.058156319629525
 20
146.0307379519383
 10
-38.14507393429061
 20
146.34380081461336
 10
-38.2319915489517
 20
146.70611424639742
 10
-38.31890916361278
 20
147.12769230769229
 10
-38.34432229102807
 20
147.32905707003536
 10
-38.36973541844337
 20
147.63691997302055
 10
-38.39514854585866
 20
148.00563895637268
 10
-38.420561673273966
 20
148.38957195981652
 10
-38.44597480068926
 20
148.7430769230769
 10
-38.471387928104555
 20
149.06615384615384
 10
-38.496801055519846
 20
149.38923076923078
 10
-38.522214182935144
 20
149.7123076923077
 10
-38.547627310350435
 20
150.0353846153846
 10
-38.57304043776574
 20
150.35846153846154
 10
-38.59845356518103
 20
150.68153846153845
 10
-38.62386669259633
 20
151.00461538461536
 10
-38.64927982001162
 20
151.3276923076923
 10
-38.67469294742692
 20
151.6507692307692
 10
-38.70010607484221
 20
151.97384615384615
 10
-38.7255192022575
 20
152.29692307692306
 10
-38.7509323296728
 20
152.62
 10
-38.77634545708809
 20
152.94307692307694
 10
-38.801758584503396
 20
153.26615384615386
 10
-38.82717171191869
 20
153.58923076923077
 10
-38.852584839333986
 20
153.91230769230768
 10
-38.877997966749284
 20
154.23538461538462
 10
-38.903411094164575
 20
154.55846153846153
 10
-38.92882422157987
 20
154.88153846153844
 10
-38.95423734899518
 20
155.20461538461538
 10
-38.97965047641047
 20
155.50508627269676
 10
-39.00506360382577
 20
155.78295112578266
 10
-39.03047673124106
 20
156.07211899636633
 10
-39.05588985865636
 20
156.406498936941
 10
-39.08130298607165
 20
156.82
 10
-39.08719296412259
 20
157.00518793683662
 10
-39.09308294217353
 20
157.31102873663352
 10
-39.098972920224476
 20
157.68581402955056
 10
-39.104862898275414
 20
158.07783544574764
 10
-39.11075287632636
 20
158.4353846153846
 10
-39.1166428543773
 20
158.75846153846155
 10
-39.122532832428234
 20
159.08153846153846
 10
-39.12842281047919
 20
159.40461538461534
 10
-39.13431278853013
 20
159.72769230769228
 10
-39.14020276658107
 20
160.05076923076922
 10
-39.146092744632014
 20
160.37384615384613
 10
-39.15198272268295
 20
160.69692307692304
 10
-39.15787270073389
 20
161.02
 10
-39.163762678784835
 20
161.34307692307692
 10
-39.16965265683577
 20
161.66615384615383
 10
-39.17554263488672
 20
161.98923076923077
 10
-39.181432612937655
 20
162.31230769230768
 10
-39.18732259098861
 20
162.6353846153846
 10
-39.193212569039545
 20
162.9584615384615
 10
-39.19910254709049
 20
163.28153846153845
 10
-39.20499252514143
 20
163.60461538461536
 10
-39.21088250319237
 20
163.92769230769227
 10
-39.21677248124331
 20
164.25076923076924
 10
-39.222662459294256
 20
164.57384615384615
 10
-39.22855243734519
 20
164.89692307692306
 10
-39.23444241539614
 20
165.20523076923078
 10
-39.240332393447076
 20
165.49876923076923
 10
-39.24622237149803
 20
165.79969230769228
 10
-39.252112349548966
 20
166.13015384615383
 10
-39.25800232759991
 20
166.51230769230767
 10
-39.260947316625376
 20
166.7615384615384
 10
-39.26389230565085
 20
167.07538461538456
 10
-39.26683729467632
 20
167.4261538461538
 10
-39.269782283701794
 20
167.7861538461538
 10
-39.27272727272726
 20
168.12769230769229
  0
LWPOLYLINE
  5
9E
330
17
100
AcDbEntity
  8
SECTIONS
100
AcDbPolyline
 90
66
 70
0
 10
-29.37343547369192
 20
135.82
 10
-30.12339643489839
 20
136.141954342623
 10
-30.873357396104858
 20
136.46278610479206
 10
-31.623318357311312
 20
136.78417915718808
 10
-32.37327931851778
 20
137.10781737049197
 10
-33.12324027972425
 20
137.4353846153846
 10
-33.84108617845604
 20
137.72954659366619
 10
-34.558932077187805
 20
138.00333669099507
 10
-35.27677797591959
 20
138.29158426072166
 10
-35.99462387465136
 20
138.62911865619625
 10
-36.71246977338315
 20
139.05076923076922
 10
-36.82012948509587
 20
139.21270021664267
 10
-36.92778919680859
 20
139.51563389756916
 10
-37.0354489085213
 20
139.89914054709737
 10
-37.143108620234024
 20
140.30279043877604
 10
-37.250768331946745
 20
140.66615384615383
 10
-37.358428043659465
 20
140.98923076923077
 10
-37.466087755372186
 20
141.31230769230768
 10
-37.5737474670849
 20
141.63538461538462
 10
-37.68140717879762
 20
141.95846153846153
 10
-37.78906689051034
 20
142.28153846153845
 10
-37.89672660222306
 20
142.60461538461539
 10
-38.00438631393578
 20
142.9276923076923
 10
-38.1120460256485
 20
143.2507692307692
 10
-38.219705737361224
 20
143.57384615384615
 10
-38.327365449073945
 20
143.89692307692306
 10
-38.435025160786665
 20
144.2058550452219
 10
-38.54268487249938
 20
144.5006420587427
 10
-38.6503445842121
 20
144.80250154965253
 10
-38.75800429592481
 20
145.1326509501185
 10
-38.865664007637534
 20
145.51230769230767
 10
-38.92161561712172
 20
145.74004618992447
 10
-38.977567226605885
 20
146.00351744795492
 10
-39.03351883609006
 20
146.31465791871545
 10
-39.08947044557423
 20
146.68540405452245
 10
-39.145422055058404
 20
147.12769230769229
 10
-39.14966556231404
 20
147.26739773035152
 10
-39.153909069569664
 20
147.5675532158762
 10
-39.158152576825294
 20
147.95939445160974
 10
-39.16239608408092
 20
148.37415712489553
 10
-39.166639591336555
 20
148.7430769230769
 10
-39.17088309859218
 20
149.06615384615378
 10
-39.17512660584781
 20
149.38923076923072
 10
-39.17937011310344
 20
149.71230769230766
 10
-39.18361362035907
 20
150.0353846153846
 10
-39.18785712761469
 20
150.35846153846154
 10
-39.192100634870314
 20
150.68153846153845
 10
-39.19634414212595
 20
151.00461538461536
 10
-39.200587649381575
 20
151.3276923076923
 10
-39.20483115663721
 20
151.6507692307692
 10
-39.209074663892835
 20
151.97384615384615
 10
-39.21331817114846
 20
152.29692307692306
 10
-39.21756167840409
 20
152.62000000000003
 10
-39.22180518565972
 20
152.94307692307697
 10
-39.22604869291535
 20
153.26615384615388
 10
-39.23029220017097
 20
153.58923076923077
 10
-39.23453570742661
 20
153.9123076923077
 10
-39.23877921468223
 20
154.23538461538462
 10
-39.24302272193786
 20
154.5584615384615
 10
-39.247266229193485
 20
154.8815384615384
 10
-39.25150973644912
 20
155.20461538461538
 10
-39.255753243704746
 20
155.52769230769226
 10
-39.25999675096038
 20
155.85076923076917
 10
-39.264240258216006
 20
156.1738461538461
 10
-39.268483765471636
 20
156.49692307692305
 10
-39.27272727272726
 20
156.82
  0
LWPOLYLINE
  5
9F
330
17
100
AcDbEntity
  8
SECTIONS
100
AcDbPolyline
 90
36
 70
0
 10
-30.487090909090902
 20
135.82
 10
-31.194864335664327
 20
136.14191911028638
 10
-31.902637762237752
 20
136.46268040778224
 10
-32.610411188811185
 20
136.78402061167338
 10
-33.31818461538461
 20
137.10767644114557
 10
-34.025958041958035
 20
137.4353846153846
 10
-34.702485314685305
 20
137.72893626208486
 10
-35.37901258741258
 20
138.00177788851383
 10
-36.055539860139845
 20
138.28938215313113
 10
-36.73206713286712
 20
138.62722171439637
 10
-37.40859440559439
 20
139.05076923076922
 10
-37.49144475524474
 20
139.20455885213698
 10
-37.57429510489509
 20
139.50647486250026
 10
-37.65714545454545
 20
139.89303452371811
 10
-37.7399958041958
 20
140.3007550976496
 10
-37.82284615384615
 20
140.66615384615383
 10
-37.90569650349649
 20
140.98923076923077
 10
-37.98854685314684
 20
141.31230769230768
 10
-38.07139720279719
 20
141.6353846153846
 10
-38.15424755244754
 20
141.95846153846153
 10
-38.237097902097894
 20
142.28153846153845
 10
-38.319948251748244
 20
142.60461538461539
 10
-38.402798601398594
 20
142.9276923076923
 10
-38.485648951048944
 20
143.2507692307692
 10
-38.568499300699294
 20
143.57384615384615
 10
-38.651349650349644
 20
143.89692307692306
 10
-38.73419999999999
 20
144.20523076923075
 10
-38.81705034965034
 20
144.49876923076923
 10
-38.89990069930069
 20
144.7996923076923
 10
-38.98275104895104
 20
145.13015384615383
 10
-39.06560139860139
 20
145.51230769230767
 10
-39.107026573426566
 20
145.76153846153846
 10
-39.14845174825174
 20
146.07538461538462
 10
-39.18987692307691
 20
146.42615384615385
 10
-39.23130209790209
 20
146.78615384615384
 10
-39.27272727272726
 20
147.12769230769229
  0
LWPOLYLINE
  5
A0
330
17
100
AcDbEntity
  8
SECTIONS
100
AcDbPolyline
 90
36
 70
0
 10
-30.681818181818173
 20
135.82
 10
-31.386713286713274
 20
136.14190591852486
 10
-32.091608391608375
 20
136.46264083249767
 10
-32.79650349650349
 20
136.78396124874652
 10
-33.50139860139859
 20
137.10762367409947
 10
-34.20629370629369
 20
137.4353846153846
 10
-34.87972027972027
 20
137.72872661723153
 10
-35.553146853146835
 20
138.00125093343274
 10
-36.22657342657342
 20
138.28864271024892
 10
-36.899999999999984
 20
138.62658709394086
 10
-37.57342657342656
 20
139.05076923076922
 10
-37.64895104895104
 20
139.20147155632284
 10
-37.72447552447551
 20
139.50300165470935
 10
-37.79999999999999
 20
139.8907190518575
 10
-37.87552447552446
 20
140.29998327369609
 10
-37.95104895104894
 20
140.66615384615383
 10
-38.02657342657342
 20
140.98923076923077
 10
-38.10209790209789
 20
141.31230769230768
 10
-38.17762237762237
 20
141.6353846153846
 10
-38.25314685314684
 20
141.95846153846153
 10
-38.32867132867132
 20
142.28153846153845
 10
-38.40419580419579
 20
142.60461538461539
 10
-38.47972027972027
 20
142.9276923076923
 10
-38.55524475524474
 20
143.25076923076924
 10
-38.63076923076922
 20
143.57384615384615
 10
-38.70629370629369
 20
143.89692307692306
 10
-38.78181818181817
 20
144.20523076923075
 10
-38.85734265734264
 20
144.49876923076923
 10
-38.93286713286712
 20
144.7996923076923
 10
-39.00839160839159
 20
145.13015384615383
 10
-39.08391608391607
 20
145.51230769230767
 10
-39.12167832167831
 20
145.76153846153846
 10
-39.159440559440554
 20
146.07538461538462
 10
-39.197202797202785
 20
146.42615384615385
 10
-39.23496503496502
 20
146.78615384615384
 10
-39.27272727272726
 20
147.12769230769229
  0
LWPOLYLINE
  5
A1
330
17
100
AcDbEntity
  8
SECTIONS
100
AcDbPolyline
 90
36
 70
0
 10
66.68181818181817
 20
135.82
 10
67.38671328671327
 20
136.14190591852486
 10
68.09160839160837
 20
136.46264083249767
 10
68.79650349650349
 20
136.78396124874652
 10
69.50139860139859
 20
137.10762367409947
 10
70.20629370629369
 20
137.4353846153846
 10
70.87972027972026
 20
137.72872661723153
 10
71.55314685314684
 20
138.00125093343274
 10
72.22657342657342
 20
138.28864271024892
 10
72.89999999999998
 20
138.62658709394086
 10
73.57342657342656
 20
139.05076923076922
 10
73.64895104895103
 20
139.20147155632284
 10
73.72447552447551
 20
139.50300165470935
 10
73.79999999999998
 20
139.8907190518575
 10
73.87552447552446
 20
140.29998327369609
 10
73.95104895104893
 20
140.66615384615383
 10
74.02657342657342
 20
140.98923076923077
 10
74.10209790209788
 20
141.31230769230768
 10
74.17762237762237
 20
141.6353846153846
 10
74.25314685314683
 20
141.95846153846153
 10
74.32867132867132
 20
142.28153846153845
 10
74.40419580419578
 20
142.60461538461539
 10
74.47972027972027
 20
142.9276923076923
 10
74.55524475524474
 20
143.25076923076924
 10
74.63076923076922
 20
143.57384615384615
 10
74.70629370629369
 20
143.89692307692306
 10
74.78181818181817
 20
144.20523076923075
 10
74.85734265734264
 20
144.49876923076923
 10
74.93286713286713
 20
144.7996923076923
 10
75.00839160839159
 20
145.13015384615383
 10
75.08391608391608
 20
145.51230769230767
 10
75.1216783216783
 20
145.76153846153846
 10
75.15944055944055
 20
146.07538461538462
 10
75.19720279720278
 20
146.42615384615385
 10
75.23496503496503
 20
146.78615384615384
 10
75.27272727272725
 20
147.12769230769229
  0
LWPOLYLINE
  5
A2
330
17
100
AcDbEntity
  8
SECTIONS
100
AcDbPolyline
 90
36
 70
0
 10
66.68181818181817
 20
135.82
 10
67.38671328671327
 20
136.14190591852486
 10
68.09160839160837
 20
136.46264083249767
 10
68.79650349650349
 20
136.78396124874652
 10
69.50139860139859
 20
137.10762367409947
 10
70.20629370629369
 20
137.4353846153846
 10
70.87972027972026
 20
137.72872661723153
 10
71.55314685314684
 20
138.00125093343274
 10
72.22657342657342
 20
138.28864271024892
 10
72.89999999999998
 20
138.62658709394086
 10
73.57342657342656
 20
139.05076923076922
 10
73.64895104895103
 20
139.20147155632284
 10
73.72447552447551
 20
139.50300165470935
 10
73.79999999999998
 20
139.8907190518575
 10
73.87552447552446
 20
140.29998327369609
 10
73.95104895104893
 20
140.66615384615383
 10
74.02657342657342
 20
140.98923076923077
 10
74.10209790209788
 20
141.31230769230768
 10
74.17762237762237
 20
141.6353846153846
 10
74.25314685314683
 20
141.95846153846153
 10
74.32867132867132
 20
142.28153846153845
 10
74.40419580419578
 20
142.60461538461539
 10
74.47972027972027
 20
142.9276923076923
 10
74.55524475524474
 20
143.25076923076924
 10
74.63076923076922
 20
143.57384615384615
 10
74.70629370629369
 20
143.89692307692306
 10
74.78181818181817
 20
144.20523076923075
 10
74.85734265734264
 20
144.49876923076923
 10
74.93286713286713
 20
144.7996923076923
 10
75.00839160839159
 20
145.13015384615383
 10
75.08391608391608
 20
145.51230769230767
 10
75.1216783216783
 20
145.76153846153846
 10
75.15944055944055
 20
146.07538461538462
 10
75.19720279720278
 20
146.42615384615385
 10
75.23496503496503
 20
146.78615384615384
 10
75.27272727272725
 20
147.12769230769229
  0
LWPOLYLINE
  5
A3
330
17
100
AcDbEntity
  8
SECTIONS
100
AcDbPolyline
 90
36
 70
0
 10
66.68181818181817
 20
135.82
 10
67.38671328671327
 20
136.14190591852486
 10
68.09160839160837
 20
136.46264083249767
 10
68.79650349650349
 20
136.78396124874652
 10
69.50139860139859
 20
137.10762367409947
 10
70.20629370629369
 20
137.4353846153846
 10
70.87972027972026
 20
137.72872661723153
 10
71.55314685314684
 20
138.00125093343274
 10
72.22657342657342
 20
138.28864271024892
 10
72.89999999999998
 20
138.62658709394086
 10
73.57342657342656
 20
139.05076923076922
 10
73.64895104895103
 20
139.20147155632284
 10
73.72447552447551
 20
139.50300165470935
 10
73.79999999999998
 20
139.8907190518575
 10
73.87552447552446
 20
140.29998327369609
 10
73.95104895104893
 20
140.66615384615383
 10
74.02657342657342
 20
140.98923076923077
 10
74.10209790209788
 20
141.31230769230768
 10
74.17762237762237
 20
141.6353846153846
 10
74.25314685314683
 20
141.95846153846153
 10
74.32867132867132
 20
142.28153846153845
 10
74.40419580419578
 20
142.60461538461539
 10
74.47972027972027
 20
142.9276923076923
 10
74.55524475524474
 20
143.25076923076924
 10
74.63076923076922
 20
143.57384615384615
 10
74.70629370629369
 20
143.89692307692306
 10
74.78181818181817
 20
144.20523076923075
 10
74.85734265734264
 20
144.49876923076923
 10
74.93286713286713
 20
144.7996923076923
 10
75.00839160839159
 20
145.13015384615383
 10
75.08391608391608
 20
145.51230769230767
 10
75.1216783216783
 20
145.76153846153846
 10
75.15944055944055
 20
146.07538461538462
 10
75.19720279720278
 20
146.42615384615385
 10
75.23496503496503
 20
146.78615384615384
 10
75.27272727272725
 20
147.12769230769229
  0
LWPOLYLINE
  5
A4
330
17
100
AcDbEntity
  8
SECTIONS
100
AcDbPolyline
 90
36
 70
0
 10
66.68181818181817
 20
135.82
 10
67.38671328671327
 20
136.14190591852486
 10
68.09160839160837
 20
136.46264083249767
 10
68.79650349650349
 20
136.78396124874652
 10
69.50139860139859
 20
137.10762367409947
 10
70.20629370629369
 20
137.4353846153846
 10
70.87972027972026
 20
137.72872661723153
 10
71.55314685314684
 20
138.00125093343274
 10
72.22657342657342
 20
138.28864271024892
 10
72.89999999999998
 20
138.62658709394086
 10
73.57342657342656
 20
139.05076923076922
 10
73.64895104895103
 20
139.20147155632284
 10
73.72447552447551
 20
139.50300165470935
 10
73.79999999999998
 20
139.8907190518575
 10
73.87552447552446
 20
140.29998327369609
 10
73.95104895104893
 20
140.66615384615383
 10
74.02657342657342
 20
140.98923076923077
 10
74.10209790209788
 20
141.31230769230768
 10
74.17762237762237
 20
141.6353846153846
 10
74.25314685314683
 20
141.95846153846153
 10
74.32867132867132
 20
142.28153846153845
 10
74.40419580419578
 20
142.60461538461539
 10
74.47972027972027
 20
142.9276923076923
 10
74.55524475524474
 20
143.25076923076924
 10
74.63076923076922
 20
143.57384615384615
 10
74.70629370629369
 20
143.89692307692306
 10
74.78181818181817
 20
144.20523076923075
 10
74.85734265734264
 20
144.49876923076923
 10
74.93286713286713
 20
144.7996923076923
 10
75.00839160839159
 20
145.13015384615383
 10
75.08391608391608
 20
145.51230769230767
 10
75.1216783216783
 20
145.76153846153846
 10
75.15944055944055
 20
146.07538461538462
 10
75.19720279720278
 20
146.42615384615385
 10
75.23496503496503
 20
146.78615384615384
 10
75.27272727272725
 20
147.12769230769229
  0
LWPOLYLINE
  5
A5
330
17
100
AcDbEntity
  8
SECTIONS
100
AcDbPolyline
 90
36
 70
0
 10
66.68181818181817
 20
135.82
 10
67.38671328671327
 20
136.14190591852486
 10
68.09160839160837
 20
136.46264083249767
 10
68.79650349650349
 20
136.78396124874652
 10
69.50139860139859
 20
137.10762367409947
 10
70.20629370629369
 20
137.4353846153846
 10
70.87972027972026
 20
137.72872661723153
 10
71.55314685314684
 20
138.00125093343274
 10
72.22657342657342
 20
138.28864271024892
 10
72.89999999999998
 20
138.62658709394086
 10
73.57342657342656
 20
139.05076923076922
 10
73.64895104895103
 20
139.20147155632284
 10
73.72447552447551
 20
139.50300165470935
 10
73.79999999999998
 20
139.8907190518575
 10
73.87552447552446
 20
140.29998327369609
 10
73.95104895104893
 20
140.66615384615383
 10
74.02657342657342
 20
140.98923076923077
 10
74.10209790209788
 20
141.31230769230768
 10
74.17762237762237
 20
141.6353846153846
 10
74.25314685314683
 20
141.95846153846153
 10
74.32867132867132
 20
142.28153846153845
 10
74.40419580419578
 20
142.60461538461539
 10
74.47972027972027
 20
142.9276923076923
 10
74.55524475524474
 20
143.25076923076924
 10
74.63076923076922
 20
143.57384615384615
 10
74.70629370629369
 20
143.89692307692306
 10
74.78181818181817
 20
144.20523076923075
 10
74.85734265734264
 20
144.49876923076923
 10
74.93286713286713
 20
144.7996923076923
 10
75.00839160839159
 20
145.13015384615383
 10
75.08391608391608
 20
145.51230769230767
 10
75.1216783216783
 20
145.76153846153846
 10
75.15944055944055
 20
146.07538461538462
 10
75.19720279720278
 20
146.42615384615385
 10
75.23496503496503
 20
146.78615384615384
 10
75.27272727272725
 20
147.12769230769229
  0
LWPOLYLINE
  5
A6
330
17
100
AcDbEntity
  8
SECTIONS
100
AcDbPolyline
 90
101
 70
0
 10
66.47291029568404
 20
135.82
 10
67.17722562605354
 20
136.14191364861313
 10
67.88154095642301
 20
136.46266402276245
 10
68.5858562867925
 20
136.78399603414366
 10
69.29017161716197
 20
137.1076545944525
 10
69.99448694753147
 20
137.4353846153846
 10
70.66756421580907
 20
137.72884815825233
 10
71.34064148408666
 20
138.00155579443674
 10
72.01371875236427
 20
138.28907012072574
 10
72.68679602064185
 20
138.62695373390724
 10
73.35987328891946
 20
139.05076923076922
 10
73.4394273774512
 20
139.20328309309411
 10
73.51898146598293
 20
139.50503963357704
 10
73.59853555451468
 20
139.89207770443596
 10
73.67808964304643
 20
140.3004361578889
 10
73.75764373157817
 20
140.66615384615383
 10
73.8371978201099
 20
140.98923076923077
 10
73.91675190864164
 20
141.31230769230768
 10
73.9963059971734
 20
141.6353846153846
 10
74.07586008570513
 20
141.95846153846153
 10
74.15541417423688
 20
142.28153846153845
 10
74.2349682627686
 20
142.60461538461539
 10
74.31452235130035
 20
142.9276923076923
 10
74.3940764398321
 20
143.25076923076924
 10
74.47363052836386
 20
143.57384615384615
 10
74.55318461689558
 20
143.89692307692306
 10
74.63273870542733
 20
144.20568234517413
 10
74.71229279395908
 20
144.50012395859935
 10
74.7918468824908
 20
144.8017243994375
 10
74.87140097102255
 20
145.13196014992732
 10
74.9509550595543
 20
145.51230769230767
 10
74.99186644528334
 20
145.73877928735618
 10
75.0327778310124
 20
146.0017413584461
 10
75.07368921674143
 20
146.31300609355023
 10
75.11460060247046
 20
146.68438568064138
 10
75.15551198819952
 20
147.12769230769229
 10
75.15778067112586
 20
147.26114917735606
 10
75.1600493540522
 20
147.56052359375633
 10
75.16231803697855
 20
147.9547080368632
 10
75.16458671990489
 20
148.3725949866467
 10
75.16685540283123
 20
148.7430769230769
 10
75.16912408575757
 20
149.0661538461538
 10
75.17139276868392
 20
149.3892307692307
 10
75.17366145161027
 20
149.7123076923076
 10
75.17593013453661
 20
150.03538461538452
 10
75.17819881746296
 20
150.35846153846154
 10
75.1804675003893
 20
150.68153846153842
 10
75.18273618331564
 20
151.0046153846154
 10
75.18500486624198
 20
151.32769230769242
 10
75.18727354916832
 20
151.65076923076936
 10
75.18954223209467
 20
151.97384615384615
 10
75.19181091502101
 20
152.29692307692318
 10
75.19407959794736
 20
152.62000000000006
 10
75.1963482808737
 20
152.94307692307686
 10
75.19861696380005
 20
153.2661538461537
 10
75.20088564672639
 20
153.58923076923077
 10
75.20315432965273
 20
153.91230769230754
 10
75.20542301257908
 20
154.23538461538448
 10
75.20769169550542
 20
154.5584615384615
 10
75.20996037843176
 20
154.8815384615385
 10
75.2122290613581
 20
155.20461538461538
 10
75.21449774428444
 20
155.51817004048587
 10
75.21676642721079
 20
155.82220242914983
 10
75.21903511013714
 20
156.130995951417
 10
75.22130379306348
 20
156.4588340080971
 10
75.22357247598983
 20
156.82
 10
75.22508493127405
 20
157.0995465587044
 10
75.22659738655828
 20
157.4171821862348
 10
75.22810984184251
 20
157.75658299595148
 10
75.22962229712674
 20
158.10142510121466
 10
75.23113475241097
 20
158.4353846153846
 10
75.2326472076952
 20
158.75846153846163
 10
75.23415966297942
 20
159.0815384615386
 10
75.23567211826366
 20
159.40461538461545
 10
75.23718457354789
 20
159.72769230769234
 10
75.23869702883212
 20
160.05076923076922
 10
75.24020948411635
 20
160.3738461538461
 10
75.24172193940058
 20
160.69692307692299
 10
75.2432343946848
 20
161.01999999999984
 10
75.24474684996903
 20
161.34307692307678
 10
75.24625930525326
 20
161.66615384615383
 10
75.24777176053749
 20
161.98923076923063
 10
75.24928421582172
 20
162.31230769230754
 10
75.25079667110595
 20
162.6353846153845
 10
75.25230912639017
 20
162.9584615384615
 10
75.2538215816744
 20
163.28153846153845
 10
75.25533403695863
 20
163.6046153846154
 10
75.25684649224286
 20
163.92769230769238
 10
75.25835894752709
 20
164.25076923076935
 10
75.25987140281131
 20
164.57384615384626
 10
75.26138385809554
 20
164.89692307692306
 10
75.26289631337977
 20
165.20523076923087
 10
75.264408768664
 20
165.4987692307693
 10
75.26592122394823
 20
165.7996923076923
 10
75.26743367923245
 20
166.13015384615377
 10
75.26894613451668
 20
166.51230769230767
 10
75.2697023621588
 20
166.76153846153832
 10
75.27045858980091
 20
167.07538461538445
 10
75.27121481744302
 20
167.42615384615374
 10
75.27197104508514
 20
167.7861538461538
 10
75.27272727272725
 20
168.12769230769229
  0
LWPOLYLINE
  5
A7
330
17
100
AcDbEntity
  8
SECTIONS
100
AcDbPolyline
 90
131
 70
0
 10
65.8868948991768
 20
135.82
 10
66.59897309242646
 20
136.1419306013273
 10
67.31105128567611
 20
136.462714880905
 10
68.02312947892578
 20
136.7840723213575
 10
68.73520767217545
 20
137.10772240530923
 10
69.4472858654251
 20
137.4353846153846
 10
70.12823545113875
 20
137.72912748894035
 10
70.8091850368524
 20
138.0022627658365
 10
71.49013462256605
 20
138.29006506749326
 10
72.17108420827971
 20
138.62780901533077
 10
72.85203379399334
 20
139.05076923076922
 10
72.94153983652274
 20
139.2072313069686
 10
73.03104587905212
 20
139.5094813741858
 10
73.1205519215815
 20
139.8950388648418
 10
73.21005796411087
 20
140.30142321135753
 10
73.29956400664025
 20
140.66615384615383
 10
73.38907004916963
 20
140.98923076923077
 10
73.47857609169901
 20
141.31230769230768
 10
73.56808213422838
 20
141.6353846153846
 10
73.65758817675776
 20
141.95846153846153
 10
73.74709421928713
 20
142.28153846153845
 10
73.83660026181653
 20
142.60461538461539
 10
73.9261063043459
 20
142.9276923076923
 10
74.01561234687527
 20
143.25076923076924
 10
74.10511838940465
 20
143.57384615384615
 10
74.19462443193403
 20
143.89692307692306
 10
74.28413047446341
 20
144.20650352176608
 10
74.37363651699279
 20
144.50258748837516
 10
74.46314255952217
 20
144.80541969410118
 10
74.55264860205156
 20
145.13524485629506
 10
74.64215464458093
 20
145.51230769230767
 10
74.69050247529768
 20
145.74508393316302
 10
74.73885030601443
 20
146.0111576419167
 10
74.78719813673118
 20
146.32238169178115
 10
74.83554596744793
 20
146.69060895596886
 10
74.88389379816466
 20
147.12769230769229
 10
74.89108341706877
 20
147.2892506672226
 10
74.89827303597288
 20
147.59213776985618
 10
74.905462654877
 20
147.9757841542631
 10
74.9126522737811
 20
148.37962035911335
 10
74.91984189268521
 20
148.7430769230769
 10
74.92703151158932
 20
149.06615384615384
 10
74.93422113049343
 20
149.38923076923075
 10
74.94141074939753
 20
149.7123076923077
 10
74.94860036830164
 20
150.0353846153846
 10
74.95578998720575
 20
150.35846153846154
 10
74.96297960610985
 20
150.68153846153845
 10
74.97016922501396
 20
151.0046153846154
 10
74.97735884391808
 20
151.32769230769233
 10
74.98454846282219
 20
151.65076923076924
 10
74.9917380817263
 20
151.97384615384615
 10
74.9989277006304
 20
152.2969230769231
 10
75.00611731953452
 20
152.62
 10
75.01330693843863
 20
152.94307692307692
 10
75.02049655734274
 20
153.26615384615383
 10
75.02768617624685
 20
153.58923076923077
 10
75.03487579515095
 20
153.91230769230765
 10
75.04206541405506
 20
154.2353846153846
 10
75.04925503295917
 20
154.55846153846153
 10
75.05644465186327
 20
154.88153846153847
 10
75.06363427076738
 20
155.20461538461538
 10
75.07082388967149
 20
155.5158462164344
 10
75.07801350857562
 20
155.81523095699546
 10
75.08520312747973
 20
156.12053874318548
 10
75.09239274638384
 20
156.44953871189136
 10
75.09958236528794
 20
156.82
 10
75.10384098821324
 20
157.08685034888788
 10
75.10809961113853
 20
157.40289895019117
 10
75.11235823406383
 20
157.747060838589
 10
75.11661685698913
 20
158.09825104876043
 10
75.12087547991442
 20
158.4353846153846
 10
75.12513410283971
 20
158.75846153846155
 10
75.129392725765
 20
159.08153846153849
 10
75.13365134869031
 20
159.40461538461543
 10
75.1379099716156
 20
159.72769230769234
 10
75.14216859454089
 20
160.05076923076922
 10
75.14642721746618
 20
160.3738461538462
 10
75.15068584039149
 20
160.6969230769231
 10
75.15494446331678
 20
161.01999999999998
 10
75.15920308624209
 20
161.34307692307686
 10
75.16346170916738
 20
161.66615384615383
 10
75.16772033209267
 20
161.98923076923072
 10
75.17197895501796
 20
162.31230769230763
 10
75.17623757794327
 20
162.63538461538457
 10
75.18049620086856
 20
162.9584615384615
 10
75.18475482379385
 20
163.28153846153845
 10
75.18901344671914
 20
163.60461538461539
 10
75.19327206964444
 20
163.9276923076923
 10
75.19753069256974
 20
164.2507692307692
 10
75.20178931549503
 20
164.57384615384615
 10
75.20604793842033
 20
164.89692307692306
 10
75.21030656134562
 20
165.2085398488932
 10
75.21456518427091
 20
165.50869646975656
 10
75.21882380719622
 20
165.8145831661733
 10
75.22308243012151
 20
166.1433901648036
 10
75.2273410530468
 20
166.51230769230767
 10
75.2299157447962
 20
166.7618250906691
 10
75.23249043654562
 20
167.03911841884656
 10
75.23506512829502
 20
167.35319150938176
 10
75.23763982004444
 20
167.71304819481645
 10
75.24021451179384
 20
168.12769230769229
 10
75.24110527236735
 20
168.34254030259441
 10
75.24199603294088
 20
168.6520886096495
 10
75.2428867935144
 20
169.01575138079195
 10
75.2437775540879
 20
169.3929427679563
 10
75.24466831466142
 20
169.7430769230769
 10
75.24555907523495
 20
170.06615384615384
 10
75.24644983580846
 20
170.38923076923075
 10
75.24734059638199
 20
170.71230769230766
 10
75.2482313569555
 20
171.0353846153846
 10
75.24912211752903
 20
171.3584615384615
 10
75.25001287810255
 20
171.68153846153845
 10
75.25090363867605
 20
172.00461538461536
 10
75.25179439924958
 20
172.3276923076923
 10
75.25268515982309
 20
172.6507692307692
 10
75.25357592039661
 20
172.97384615384613
 10
75.25446668097013
 20
173.29692307692306
 10
75.25535744154365
 20
173.61999999999998
 10
75.25624820211718
 20
173.9430769230769
 10
75.25713896269068
 20
174.26615384615383
 10
75.2580297232642
 20
174.58923076923077
 10
75.25892048383773
 20
174.91230769230768
 10
75.25981124441124
 20
175.2353846153846
 10
75.26070200498476
 20
175.55846153846153
 10
75.26159276555828
 20
175.88153846153844
 10
75.2624835261318
 20
176.20461538461535
 10
75.26337428670533
 20
176.5276923076923
 10
75.26426504727883
 20
176.8507692307692
 10
75.26515580785235
 20
177.17384615384614
 10
75.26604656842588
 20
177.49692307692305
 10
75.26693732899939
 20
177.82
  0
LWPOLYLINE
  5
A8
330
17
100
AcDbEntity
  8
SECTIONS
100
AcDbPolyline
 90
131
 70
0
 10
63.9810644455953
 20
135.82
 10
64.72887529183825
 20
136.14197442889306
 10
65.47668613808119
 20
136.46284636360232
 10
66.22449698432413
 20
136.78426954540348
 10
66.97230783056708
 20
137.1078977155723
 10
67.72011867681002
 20
137.4353846153846
 10
68.43647172027406
 20
137.72992484835947
 10
69.1528247637381
 20
138.00431638828508
 10
69.86917780720215
 20
138.29297627326167
 10
70.58553085066619
 20
138.63032154138963
 10
71.30188389413024
 20
139.05076923076922
 10
71.42053868479519
 20
139.2172686051563
 10
71.53919347546014
 20
139.520773334647
 10
71.65784826612509
 20
139.9025668384826
 10
71.77650305679003
 20
140.30393253590447
 10
71.89515784745498
 20
140.66615384615383
 10
72.01381263811993
 20
140.98923076923077
 10
72.13246742878489
 20
141.31230769230768
 10
72.25112221944984
 20
141.63538461538462
 10
72.3697770101148
 20
141.95846153846153
 10
72.48843180077975
 20
142.28153846153845
 10
72.6070865914447
 20
142.60461538461539
 10
72.72574138210965
 20
142.9276923076923
 10
72.8443961727746
 20
143.2507692307692
 10
72.96305096343956
 20
143.57384615384615
 10
73.08170575410452
 20
143.89692307692306
 10
73.20036054476947
 20
144.20808292697592
 10
73.31901533543441
 20
144.50732570400467
 10
73.43767012609936
 20
144.81252701754548
 10
73.55632491676431
 20
145.14156247713444
 10
73.67497970742926
 20
145.51230769230767
 10
73.74499537546083
 20
145.75807550573322
 10
73.8150110434924
 20
146.03271744839344
 10
73.88502671152396
 20
146.34601394587932
 10
73.95504237955552
 20
146.70774542378194
 10
74.0250580475871
 20
147.12769230769229
 10
74.04643459298529
 20
147.3323818297779
 10
74.06781113838346
 20
147.64066032773087
 10
74.08918768378163
 20
148.00813252617957
 10
74.11056422917983
 20
148.39040314975213
 10
74.131940774578
 20
148.7430769230769
 10
74.15331731997618
 20
149.06615384615384
 10
74.17469386537437
 20
149.38923076923075
 10
74.19607041077253
 20
149.7123076923077
 10
74.2174469561707
 20
150.0353846153846
 10
74.2388235015689
 20
150.35846153846154
 10
74.26020004696707
 20
150.68153846153845
 10
74.28157659236527
 20
151.0046153846154
 10
74.30295313776344
 20
151.3276923076923
 10
74.32432968316161
 20
151.6507692307692
 10
74.3457062285598
 20
151.97384615384615
 10
74.36708277395797
 20
152.29692307692306
 10
74.38845931935614
 20
152.61999999999998
 10
74.40983586475434
 20
152.94307692307692
 10
74.43121241015251
 20
153.26615384615383
 10
74.4525889555507
 20
153.58923076923077
 10
74.47396550094888
 20
153.91230769230768
 10
74.49534204634705
 20
154.23538461538462
 10
74.51671859174523
 20
154.55846153846153
 10
74.5380951371434
 20
154.88153846153847
 10
74.55947168254158
 20
155.20461538461538
 10
74.58084822793977
 20
155.51419223833489
 10
74.60222477333795
 20
155.810269022697
 10
74.62360131873612
 20
156.11309584173782
 10
74.6449778641343
 20
156.44292279949343
 10
74.66635440953249
 20
156.82
 10
74.67789880172705
 20
157.077136129221
 10
74.68944319392162
 20
157.39197045306594
 10
74.70098758611618
 20
157.73977517383884
 10
74.71253197831076
 20
158.0958224938437
 10
74.72407637050533
 20
158.4353846153846
 10
74.73562076269991
 20
158.75846153846155
 10
74.74716515489446
 20
159.08153846153846
 10
74.75870954708904
 20
159.4046153846154
 10
74.7702539392836
 20
159.7276923076923
 10
74.78179833147817
 20
160.05076923076922
 10
74.79334272367275
 20
160.37384615384613
 10
74.8048871158673
 20
160.69692307692304
 10
74.81643150806188
 20
161.01999999999998
 10
74.82797590025645
 20
161.3430769230769
 10
74.83952029245103
 20
161.66615384615383
 10
74.85106468464559
 20
161.98923076923074
 10
74.86260907684016
 20
162.31230769230768
 10
74.87415346903472
 20
162.6353846153846
 10
74.88569786122929
 20
162.95846153846153
 10
74.89724225342385
 20
163.28153846153845
 10
74.90878664561843
 20
163.60461538461539
 10
74.920331037813
 20
163.9276923076923
 10
74.93187543000758
 20
164.2507692307692
 10
74.94341982220215
 20
164.57384615384615
 10
74.95496421439671
 20
164.89692307692306
 10
74.96650860659128
 20
165.21142756881707
 10
74.97805299878584
 20
165.5173596295282
 10
74.9895973909804
 20
165.8275779058308
 10
75.00114178317499
 20
166.15494104449917
 10
75.01268617536955
 20
166.51230769230767
 10
75.02073890257822
 20
166.78409942608138
 10
75.02879162978687
 20
167.07701825248535
 10
75.03684435699554
 20
167.39557967354088
 10
75.0448970842042
 20
167.74429919126942
 10
75.05294981141284
 20
168.12769230769229
 10
75.05751087363561
 20
168.38980852978253
 10
75.06207193585837
 20
168.7052653652361
 10
75.0666329980811
 20
169.05120255118305
 10
75.07119406030387
 20
169.4047598247533
 10
75.07575512252663
 20
169.7430769230769
 10
75.08031618474938
 20
170.06615384615384
 10
75.08487724697213
 20
170.38923076923072
 10
75.08943830919489
 20
170.71230769230763
 10
75.09399937141764
 20
171.03538461538454
 10
75.09856043364039
 20
171.3584615384615
 10
75.10312149586315
 20
171.68153846153842
 10
75.1076825580859
 20
172.00461538461536
 10
75.11224362030865
 20
172.3276923076923
 10
75.1168046825314
 20
172.65076923076924
 10
75.12136574475414
 20
172.97384615384613
 10
75.1259268069769
 20
173.2969230769231
 10
75.13048786919965
 20
173.62
 10
75.1350489314224
 20
173.9430769230769
 10
75.13960999364517
 20
174.2661538461538
 10
75.14417105586791
 20
174.58923076923077
 10
75.14873211809066
 20
174.91230769230765
 10
75.15329318031343
 20
175.23538461538462
 10
75.15785424253616
 20
175.5584615384616
 10
75.16241530475892
 20
175.88153846153853
 10
75.16697636698169
 20
176.20461538461535
 10
75.17153742920443
 20
176.52769230769238
 10
75.17609849142718
 20
176.8507692307693
 10
75.18065955364995
 20
177.1738461538462
 10
75.18522061587271
 20
177.49692307692308
 10
75.18978167809546
 20
177.82
  0
LWPOLYLINE
  5
A9
330
17
100
AcDbEntity
  8
SECTIONS
100
AcDbPolyline
 90
131
 70
0
 10
56.997982481343215
 20
135.82
 10
57.90218133804937
 20
136.14205197264977
 10
58.80638019475551
 20
136.4630789948724
 10
59.710579051461664
 20
136.78461849230862
 10
60.61477790816782
 20
137.10820789059912
 10
61.51897676487397
 20
137.4353846153846
 10
62.38778048021771
 20
137.73156028870986
 10
63.256584195561445
 20
138.00862483327296
 10
64.12538791090518
 20
138.29914000271188
 10
64.99419162624892
 20
138.63566755066464
 10
65.86299534159266
 20
139.05076923076922
 10
66.05929137105065
 20
139.2343512487836
 10
66.25558740050863
 20
139.5399913087277
 10
66.45188342996661
 20
139.9153788212031
 10
66.6481794594246
 20
140.3082031968113
 10
66.84447548888258
 20
140.66615384615383
 10
67.04077151834056
 20
140.98923076923077
 10
67.23706754779855
 20
141.31230769230768
 10
67.43336357725653
 20
141.6353846153846
 10
67.62965960671451
 20
141.95846153846153
 10
67.8259556361725
 20
142.28153846153845
 10
68.02225166563048
 20
142.60461538461539
 10
68.21854769508846
 20
142.9276923076923
 10
68.41484372454644
 20
143.2507692307692
 10
68.61113975400443
 20
143.57384615384615
 10
68.80743578346241
 20
143.89692307692306
 10
69.00373181292039
 20
144.21027931370165
 10
69.20002784237838
 20
144.51391486418188
 10
69.39632387183636
 20
144.8224107578113
 10
69.59261990129434
 20
145.1503480240374
 10
69.78891593075232
 20
145.51230769230767
 10
69.91852200720234
 20
145.77557958511736
 10
70.04812808365236
 20
146.06262547745663
 10
70.17773416010236
 20
146.37957388492956
 10
70.30734023655238
 20
146.7325533231401
 10
70.4369463130024
 20
147.12769230769229
 10
70.49986243644443
 20
147.3739464911128
 10
70.56277855988648
 20
147.68742057173264
 10
70.62569468332853
 20
148.03930602218074
 10
70.68861080677058
 20
148.40079431508588
 10
70.75152693021262
 20
148.7430769230769
 10
70.81444305365466
 20
149.06615384615384
 10
70.87735917709671
 20
149.38923076923078
 10
70.94027530053876
 20
149.7123076923077
 10
71.0031914239808
 20
150.0353846153846
 10
71.06610754742283
 20
150.35846153846154
 10
71.12902367086488
 20
150.68153846153845
 10
71.19193979430693
 20
151.0046153846154
 10
71.25485591774898
 20
151.3276923076923
 10
71.31777204119103
 20
151.6507692307692
 10
71.38068816463309
 20
151.97384615384615
 10
71.44360428807512
 20
152.29692307692306
 10
71.50652041151717
 20
152.61999999999998
 10
71.56943653495921
 20
152.94307692307692
 10
71.63235265840126
 20
153.26615384615383
 10
71.69526878184331
 20
153.58923076923077
 10
71.75818490528535
 20
153.91230769230768
 10
71.82110102872738
 20
154.2353846153846
 10
71.88401715216943
 20
154.55846153846153
 10
71.94693327561149
 20
154.88153846153847
 10
72.00984939905354
 20
155.20461538461538
 10
72.07276552249559
 20
155.51307613047928
 10
72.13568164593761
 20
155.80692069913013
 10
72.19859776937966
 20
156.1080733563875
 10
72.26151389282171
 20
156.43845836807094
 10
72.32443001626376
 20
156.82
 10
72.35619226505196
 20
157.07020701598563
 10
72.38795451384016
 20
157.38417520067614
 10
72.41971676262835
 20
157.73457833891229
 10
72.45147901141657
 20
158.09409021553486
 10
72.48324126020476
 20
158.4353846153846
 10
72.51500350899298
 20
158.75846153846152
 10
72.54676575778117
 20
159.08153846153846
 10
72.57852800656937
 20
159.40461538461537
 10
72.61029025535757
 20
159.72769230769228
 10
72.64205250414578
 20
160.05076923076922
 10
72.67381475293399
 20
160.37384615384613
 10
72.70557700172219
 20
160.69692307692307
 10
72.73733925051039
 20
161.01999999999998
 10
72.76910149929859
 20
161.3430769230769
 10
72.80086374808678
 20
161.66615384615383
 10
72.83262599687498
 20
161.98923076923077
 10
72.86438824566319
 20
162.31230769230768
 10
72.89615049445138
 20
162.63538461538462
 10
72.92791274323959
 20
162.95846153846153
 10
72.9596749920278
 20
163.28153846153845
 10
72.991437240816
 20
163.60461538461539
 10
73.0231994896042
 20
163.9276923076923
 10
73.0549617383924
 20
164.2507692307692
 10
73.0867239871806
 20
164.57384615384615
 10
73.1184862359688
 20
164.89692307692306
 10
73.15024848475701
 20
165.2137476750292
 10
73.18201073354521
 20
165.52431994816453
 10
73.21377298233341
 20
165.83801838378525
 10
73.24553523112161
 20
166.16422146934758
 10
73.2772974799098
 20
166.51230769230767
 10
73.30190238711535
 20
166.79994514258107
 10
73.32650729432089
 20
167.10318050779995
 10
73.35111220152643
 20
167.42413560942063
 10
73.37571710873196
 20
167.76493226889932
 10
73.40032201593749
 20
168.12769230769229
 10
73.41776958156038
 20
168.41393614445911
 10
73.43521714718324
 20
168.73240893174727
 10
73.45266471280611
 20
169.0692982621905
 10
73.47011227842899
 20
169.41079172842245
 10
73.48755984405186
 20
169.7430769230769
 10
73.50500740967473
 20
170.06615384615384
 10
73.52245497529762
 20
170.38923076923075
 10
73.53990254092048
 20
170.71230769230766
 10
73.55735010654335
 20
171.0353846153846
 10
73.57479767216623
 20
171.3584615384615
 10
73.59224523778911
 20
171.68153846153842
 10
73.60969280341197
 20
172.00461538461536
 10
73.62714036903485
 20
172.3276923076923
 10
73.64458793465772
 20
172.6507692307692
 10
73.6620355002806
 20
172.97384615384613
 10
73.67948306590347
 20
173.29692307692306
 10
73.69693063152634
 20
173.61999999999998
 10
73.71437819714922
 20
173.9430769230769
 10
73.73182576277209
 20
174.26615384615383
 10
73.74927332839496
 20
174.58923076923077
 10
73.76672089401785
 20
174.91230769230768
 10
73.78416845964071
 20
175.2353846153846
 10
73.80161602526358
 20
175.55846153846153
 10
73.81906359088646
 20
175.88153846153844
 10
73.83651115650932
 20
176.20461538461535
 10
73.8539587221322
 20
176.5276923076923
 10
73.87140628775506
 20
176.8507692307692
 10
73.88885385337795
 20
177.17384615384614
 10
73.90630141900081
 20
177.49692307692305
 10
73.9237489846237
 20
177.82
  0
LWPOLYLINE
  5
AA
330
17
100
AcDbEntity
  8
SECTIONS
100
AcDbPolyline
 90
131
 70
0
 10
39.52119192546235
 20
135.82
 10
40.64636273730909
 20
136.142108179318
 10
41.77153354915584
 20
136.46324761487708
 10
42.896704361002584
 20
136.78487142231563
 10
44.021875172849334
 20
137.10843271727202
 10
45.14704598469608
 20
137.4353846153846
 10
46.23055797988957
 20
137.7328871288906
 10
47.31406997508306
 20
138.01217274828372
 10
48.39758197027655
 20
138.3042455724623
 10
49.48109396547004
 20
138.6401097003247
 10
50.56460596066353
 20
139.05076923076922
 10
50.85660043944512
 20
139.24613711322678
 10
51.148594918226706
 20
139.55325040622628
 10
51.4405893970083
 20
139.92421821953548
 10
51.732583875789885
 20
140.31114966292208
 10
52.024578354571474
 20
140.66615384615383
 10
52.316572833353064
 20
140.98923076923077
 10
52.60856731213465
 20
141.31230769230768
 10
52.90056179091624
 20
141.6353846153846
 10
53.19255626969783
 20
141.95846153846153
 10
53.48455074847942
 20
142.28153846153845
 10
53.77654522726101
 20
142.60461538461539
 10
54.0685397060426
 20
142.9276923076923
 10
54.36053418482419
 20
143.2507692307692
 10
54.65252866360577
 20
143.57384615384615
 10
54.94452314238736
 20
143.89692307692306
 10
55.23651762116895
 20
144.21092300065226
 10
55.52851209995054
 20
144.51584592503372
 10
55.82050657873213
 20
144.82530734908903
 10
56.11250105751372
 20
145.15292277183983
 10
56.40449553629531
 20
145.51230769230767
 10
56.60337259377535
 20
145.7804128489118
 10
56.80224965125538
 20
146.07081433033446
 10
57.00112670873541
 20
146.38870169499353
 10
57.20000376621545
 20
146.73926450130685
 10
57.39888082369549
 20
147.12769230769229
 10
57.504640459873976
 20
147.38323046353096
 10
57.61040009605246
 20
147.6978650407031
 10
57.71615973223095
 20
148.04626900149435
 10
57.82191936840943
 20
148.40311530819042
 10
57.927679004587915
 20
148.7430769230769
 10
58.0334386407664
 20
149.06615384615384
 10
58.13919827694488
 20
149.38923076923075
 10
58.24495791312337
 20
149.7123076923077
 10
58.350717549301855
 20
150.0353846153846
 10
58.45647718548033
 20
150.35846153846154
 10
58.562236821658814
 20
150.68153846153845
 10
58.667996457837305
 20
151.00461538461536
 10
58.77375609401579
 20
151.3276923076923
 10
58.87951573019427
 20
151.6507692307692
 10
58.985275366372754
 20
151.97384615384615
 10
59.09103500255124
 20
152.29692307692306
 10
59.19679463872972
 20
152.62
 10
59.30255427490821
 20
152.94307692307692
 10
59.408313911086694
 20
153.26615384615383
 10
59.51407354726518
 20
153.58923076923077
 10
59.61983318344366
 20
153.91230769230768
 10
59.72559281962214
 20
154.2353846153846
 10
59.83135245580063
 20
154.55846153846153
 10
59.93711209197912
 20
154.88153846153844
 10
60.0428717281576
 20
155.20461538461538
 10
60.14863136433608
 20
155.5115674271653
 10
60.254391000514566
 20
155.80239458918817
 10
60.36015063669306
 20
156.10128419147458
 10
60.46591027287154
 20
156.43242355481502
 10
60.57166990905002
 20
156.82
 10
60.620002757439345
 20
157.06027929413366
 10
60.66833560582867
 20
157.37300651359266
 10
60.716668454217995
 20
157.7271325475233
 10
60.765001302607324
 20
158.09160828507186
 10
60.813334150996646
 20
158.4353846153846
 10
60.86166699938597
 20
158.75846153846152
 10
60.90999984777529
 20
159.08153846153846
 10
60.95833269616462
 20
159.40461538461537
 10
61.00666554455394
 20
159.7276923076923
 10
61.05499839294326
 20
160.05076923076922
 10
61.1033312413326
 20
160.37384615384616
 10
61.15166408972192
 20
160.69692307692307
 10
61.19999693811125
 20
161.01999999999998
 10
61.24832978650057
 20
161.3430769230769
 10
61.2966626348899
 20
161.66615384615383
 10
61.34499548327922
 20
161.98923076923074
 10
61.393328331668556
 20
162.31230769230768
 10
61.44166118005788
 20
162.6353846153846
 10
61.48999402844721
 20
162.9584615384615
 10
61.53832687683653
 20
163.28153846153845
 10
61.58665972522585
 20
163.60461538461539
 10
61.63499257361517
 20
163.9276923076923
 10
61.6833254220045
 20
164.25076923076924
 10
61.73165827039382
 20
164.57384615384615
 10
61.779991118783144
 20
164.89692307692306
 10
61.82832396717247
 20
165.21560153493263
 10
61.876656815561795
 20
165.52988152787484
 10
61.92498966395113
 20
165.84636075335072
 10
61.97332251234045
 20
166.17163690896132
 10
62.02165536072978
 20
166.51230769230767
 10
62.06217922522905
 20
166.811433182214
 10
62.10270308972832
 20
167.12158680302355
 10
62.143226954227586
 20
167.44371614041845
 10
62.183750818726864
 20
167.7787687800807
 10
62.224274683226135
 20
168.12769230769229
 10
62.25698956383535
 20
168.42802536555357
 10
62.289704444444574
 20
168.74825930547854
 10
62.32241932505379
 20
169.07986517801132
 10
62.35513420566301
 20
169.4143140336961
 10
62.387849086272226
 20
169.7430769230769
 10
62.42056396688144
 20
170.06615384615384
 10
62.45327884749065
 20
170.38923076923075
 10
62.48599372809988
 20
170.7123076923077
 10
62.51870860870909
 20
171.0353846153846
 10
62.55142348931831
 20
171.3584615384615
 10
62.58413836992753
 20
171.68153846153845
 10
62.61685325053674
 20
172.00461538461536
 10
62.64956813114597
 20
172.32769230769227
 10
62.68228301175518
 20
172.6507692307692
 10
62.71499789236441
 20
172.97384615384613
 10
62.74771277297362
 20
173.29692307692306
 10
62.780427653582834
 20
173.61999999999998
 10
62.81314253419206
 20
173.9430769230769
 10
62.84585741480127
 20
174.26615384615383
 10
62.878572295410486
 20
174.58923076923077
 10
62.911287176019705
 20
174.91230769230768
 10
62.944002056628925
 20
175.2353846153846
 10
62.97671693723814
 20
175.55846153846153
 10
63.009431817847364
 20
175.88153846153844
 10
63.04214669845658
 20
176.20461538461535
 10
63.0748615790658
 20
176.5276923076923
 10
63.107576459675016
 20
176.8507692307692
 10
63.14029134028423
 20
177.17384615384614
 10
63.173006220893456
 20
177.49692307692305
 10
63.20572110150267
 20
177.82
  0
LINE
  5
AB
330
17
100
AcDbEntity
  8
DWL
370
50
100
AcDbLine
 10
-42.136363636363626
 20
177.82
 30
0.0
 11
78.13636363636363
 21
177.82
 31
0.0
  0
LINE
  5
AC
330
17
100
AcDbEntity
  8
GRID
  6
DOTTED
100
AcDbLine
 10
-39.27272727272726
 20
137.4353846153846
 30
0.0
 11
75.27272727272725
 21
137.4353846153846
 31
0.0
  0
LINE
  5
AD
330
17
100
AcDbEntity
  8
GRID
  6
DOTTED
100
AcDbLine
 10
-39.27272727272726
 20
139.05076923076922
 30
0.0
 11
75.27272727272725
 21
139.05076923076922
 31
0.0
  0
LINE
  5
AE
330
17
100
AcDbEntity
  8
GRID
  6
DOTTED
100
AcDbLine
 10
-39.27272727272726
 20
140.66615384615383
 30
0.0
 11
75.27272727272725
 21
140.66615384615383
 31
0.0
  0
LINE
  5
AF
330
17
100
AcDbEntity
  8
GRID
  6
DOTTED
100
AcDbLine
 10
-39.27272727272726
 20
142.28153846153845
 30
0.0
 11
75.27272727272725
 21
142.28153846153845
 31
0.0
  0
LINE
  5
B0
330
17
100
AcDbEntity
  8
GRID
  6
DOTTED
100
AcDbLine
 10
-39.27272727272726
 20
143.89692307692306
 30
0.0
 11
75.27272727272725
 21
143.89692307692306
 31
0.0
  0
LINE
  5
B1
330
17
100
AcDbEntity
  8
GRID
  6
DOTTED
100
AcDbLine
 10
-39.27272727272726
 20
145.51230769230767
 30
0.0
 11
75.27272727272725
 21
145.51230769230767
 31
0.0
  0
LINE
  5
B2
330
17
100
AcDbEntity
  8
GRID
  6
DOTTED
100
AcDbLine
 10
-39.27272727272726
 20
147.12769230769229
 30
0.0
 11
75.27272727272725
 21
147.12769230769229
 31
0.0
  0
LINE
  5
B3
330
17
100
AcDbEntity
  8
GRID
  6
DOTTED
100
AcDbLine
 10
-39.27272727272726
 20
148.7430769230769
 30
0.0
 11
75.27272727272725
 21
148.7430769230769
 31
0.0
  0
LINE
  5
B4
330
17
100
AcDbEntity
  8
GRID
  6
DOTTED
100
AcDbLine
 10
-39.27272727272726
 20
150.35846153846154
 30
0.0
 11
75.27272727272725
 21
150.35846153846154
 31
0.0
  0
LINE
  5
B5
330
17
100
AcDbEntity
  8
GRID
  6
DOTTED
100
AcDbLine
 10
-39.27272727272726
 20
151.97384615384615
 30
0.0
 11
75.27272727272725
 21
151.97384615384615
 31
0.0
  0
LINE
  5
B6
330
17
100
AcDbEntity
  8
GRID
  6
DOTTED
100
AcDbLine
 10
-39.27272727272726
 20
153.58923076923077
 30
0.0
 11
75.27272727272725
 21
153.58923076923077
 31
0.0
  0
LINE
  5
B7
330
17
100
AcDbEntity
  8
GRID
  6
DOTTED
100
AcDbLine
 10
-39.27272727272726
 20
155.20461538461538
 30
0.0
 11
75.27272727272725
 21
155.20461538461538
 31
0.0
  0
LINE
  5
B8
330
17
100
AcDbEntity
  8
GRID
  6
DOTTED
100
AcDbLine
 10
-39.27272727272726
 20
156.82
 30
0.0
 11
75.27272727272725
 21
156.82
 31
0.0
  0
LINE
  5
B9
330
17
100
AcDbEntity
  8
GRID
  6
DOTTED
100
AcDbLine
 10
-39.27272727272726
 20
158.4353846153846
 30
0.0
 11
75.27272727272725
 21
158.4353846153846
 31
0.0
  0
LINE
  5
BA
330
17
100
AcDbEntity
  8
GRID
  6
DOTTED
100
AcDbLine
 10
-39.27272727272726
 20
160.05076923076922
 30
0.0
 11
75.27272727272725
 21
160.05076923076922
 31
0.0
  0
LINE
  5
BB
330
17
100
AcDbEntity
  8
GRID
  6
DOTTED
100
AcDbLine
 10
-39.27272727272726
 20
161.66615384615383
 30
0.0
 11
75.27272727272725
 21
161.66615384615383
 31
0.0
  0
LINE
  5
BC
330
17
100
AcDbEntity
  8
GRID
  6
DOTTED
100
AcDbLine
 10
-39.27272727272726
 20
163.28153846153845
 30
0.0
 11
75.27272727272725
 21
163.28153846153845
 31
0.0
  0
LINE
  5
BD
330
17
100
AcDbEntity
  8
GRID
  6
DOTTED
100
AcDbLine
 10
-39.27272727272726
 20
164.89692307692306
 30
0.0
 11
75.27272727272725
 21
164.89692307692306
 31
0.0
  0
LINE
  5
BE
330
17
100
AcDbEntity
  8
GRID
  6
DOTTED
100
AcDbLine
 10
-39.27272727272726
 20
166.51230769230767
 30
0.0
 11
75.27272727272725
 21
166.51230769230767
 31
0.0
  0
LINE
  5
BF
330
17
100
AcDbEntity
  8
GRID
  6
DOTTED
100
AcDbLine
 10
-39.27272727272726
 20
168.12769230769229
 30
0.0
 11
75.27272727272725
 21
168.12769230769229
 31
0.0
  0
LINE
  5
C0
330
17
100
AcDbEntity
  8
GRID
  6
DOTTED
100
AcDbLine
 10
-39.27272727272726
 20
169.7430769230769
 30
0.0
 11
75.27272727272725
 21
169.7430769230769
 31
0.0
  0
LINE
  5
C1
330
17
100
AcDbEntity
  8
GRID
  6
DOTTED
100
AcDbLine
 10
-39.27272727272726
 20
171.3584615384615
 30
0.0
 11
75.27272727272725
 21
171.3584615384615
 31
0.0
  0
LINE
  5
C2
330
17
100
AcDbEntity
  8
GRID
  6
DOTTED
100
AcDbLine
 10
-39.27272727272726
 20
172.97384615384613
 30
0.0
 11
75.27272727272725
 21
172.97384615384613
 31
0.0
  0
LINE
  5
C3
330
17
100
AcDbEntity
  8
GRID
  6
DOTTED
100
AcDbLine
 10
-39.27272727272726
 20
174.58923076923077
 30
0.0
 11
75.27272727272725
 21
174.58923076923077
 31
0.0
  0
LINE
  5
C4
330
17
100
AcDbEntity
  8
GRID
  6
DOTTED
100
AcDbLine
 10
-39.27272727272726
 20
176.20461538461535
 30
0.0
 11
75.27272727272725
 21
176.20461538461535
 31
0.0
  0
TEXT
  5
C5
330
17
100
AcDbEntity
  8
LABELS
100
AcDbText
 10
-39.41818181818181
 20
178.82
 30
0.0
 40
2.6
  1
DWL 16.50 m
 11
-39.41818181818181
 21
178.82
 31
0.0
100
AcDbText
 73
1
  0
TEXT
  5
C6
330
17
100
AcDbEntity
  8
LABELS
100
AcDbText
 10
81.0
 20
281.0
 30
0.0
 40
2.6
  1
BODY PLAN (fore right / aft left)
 72
1
 11
81.0
 21
281.0
 31
0.0
100
AcDbText
 73
1
  0
LWPOLYLINE
  5
C7
330
17
100
AcDbEntity
  8
FRAME
100
AcDbPolyline
 90
4
 70
1
 10
156.0
 20
170.0
 10
408.0
 20
170.0
 10
408.0
 20
285.0
 10
156.0
 20
285.0
  0
LINE
  5
C8
330
17
100
AcDbEntity
  8
DWL
370
50
100
AcDbLine
 10
162.0
 20
233.37061994609167
 30
0.0
 11
388.41509433962267
 21
233.37061994609167
 31
0.0
  0
LWPOLYLINE
  5
C9
330
17
100
AcDbEntity
  8
BUTTOCKS
  6
DASHED
100
AcDbPolyline
 90
109
 70
0
 10
173.32075471698113
 20
224.31111255495156
 10
175.20754716981133
 20
223.27536062674625
 10
177.0943396226415
 20
222.29902621063877
 10
178.9811320754717
 20
221.43769689441663
 10
180.8679245283019
 20
220.74696026586722
 10
182.75471698113208
 20
220.28240391277805
 10
184.64150943396226
 20
220.0996154229365
 10
186.52830188679246
 20
220.07810004829952
 10
188.41509433962264
 20
220.0603486285686
 10
190.30188679245282
 20
220.04642713314806
 10
192.18867924528303
 20
220.0364015314423
 10
194.0754716981132
 20
220.03033779285565
 10
195.96226415094338
 20
220.02830188679246
 10
197.8490566037736
 20
220.02830188679246
 10
199.73584905660377
 20
220.02830188679246
 10
201.62264150943395
 20
220.02830188679246
 10
203.50943396226415
 20
220.02830188679246
 10
205.39622641509433
 20
220.02830188679246
 10
207.2830188679245
 20
220.02830188679246
 10
209.16981132075472
 20
220.02830188679246
 10
211.0566037735849
 20
220.02830188679246
 10
212.9433962264151
 20
220.02830188679246
 10
214.83018867924528
 20
220.02830188679246
 10
216.7169811320755
 20
220.02830188679246
 10
218.60377358490567
 20
220.02830188679246
 10
220.49056603773585
 20
220.02830188679246
 10
222.37735849056605
 20
220.02830188679246
 10
224.26415094339623
 20
220.02830188679246
 10
226.1509433962264
 20
220.02830188679246
 10
228.03773584905662
 20
220.02830188679246
 10
229.9245283018868
 20
220.02830188679246
 10
231.81132075471697
 20
220.02830188679246
 10
233.69811320754718
 20
220.02830188679246
 10
235.58490566037736
 20
220.02830188679246
 10
237.47169811320754
 20
220.02830188679246
 10
239.35849056603774
 20
220.02830188679246
 10
241.24528301886792
 20
220.02830188679246
 10
243.1320754716981
 20
220.02830188679246
 10
245.0188679245283
 20
220.02830188679246
 10
246.9056603773585
 20
220.02830188679246
 10
248.79245283018867
 20
220.02830188679246
 10
250.67924528301887
 20
220.02830188679246
 10
252.56603773584905
 20
220.02830188679246
 10
254.45283018867923
 20
220.02830188679246
 10
256.33962264150944
 20
220.02830188679246
 10
258.22641509433964
 20
220.02830188679246
 10
260.1132075471698
 20
220.02830188679246
 10
262.0
 20
220.02830188679246
 10
263.8867924528302
 20
220.02830188679246
 10
265.7735849056604
 20
220.02830188679246
 10
267.66037735849056
 20
220.02830188679246
 10
269.54716981132077
 20
220.02830188679246
 10
271.433962264151
 20
220.02830188679246
 10
273.3207547169811
 20
220.02830188679246
 10
275.20754716981133
 20
220.02830188679246
 10
277.09433962264154
 20
220.02830188679246
 10
278.9811320754717
 20
220.02830188679246
 10
280.8679245283019
 20
220.02830188679246
 10
282.7547169811321
 20
220.02830188679246
 10
284.64150943396226
 20
220.02830188679246
 10
286.52830188679246
 20
220.02830188679246
 10
288.41509433962267
 20
220.02830188679246
 10
290.3018867924528
 20
220.02830188679246
 10
292.188679245283
 20
220.02830188679246
 10
294.07547169811323
 20
220.02830188679246
 10
295.9622641509434
 20
220.02830188679246
 10
297.8490566037736
 20
220.02830188679246
 10
299.7358490566038
 20
220.02830188679246
 10
301.62264150943395
 20
220.02830188679246
 10
303.50943396226415
 20
220.02830188679246
 10
305.39622641509436
 20
220.02830188679246
 10
307.2830188679245
 20
220.02830188679246
 10
309.1698113207547
 20
220.02830188679246
 10
311.0566037735849
 20
220.02830188679246
 10
312.9433962264151
 20
220.02830188679246
 10
314.8301886792453
 20
220.02830188679246
 10
316.7169811320755
 20
220.02830188679246
 10
318.60377358490564
 20
220.02830188679246
 10
320.49056603773585
 20
220.02830188679246
 10
322.37735849056605
 20
220.02830188679246
 10
324.2641509433962
 20
220.02830188679246
 10
326.1509433962264
 20
220.02830188679246
 10
328.0377358490566
 20
220.02830188679246
 10
329.92452830188677
 20
220.02830188679246
 10
331.811320754717
 20
220.02830188679246
 10
333.6981132075472
 20
220.02830188679246
 10
335.58490566037733
 20
220.02830188679246
 10
337.47169811320754
 20
220.02830188679246
 10
339.35849056603774
 20
220.02830188679246
 10
341.2452830188679
 20
220.02830188679246
 10
343.1320754716981
 20
220.02830188679246
 10
345.0188679245283
 20
220.02830188679246
 10
346.90566037735846
 20
220.02830188679246
 10
348.79245283018867
 20
220.02830188679246
 10
350.6792452830189
 20
220.02830188679246
 10
352.566037735849
 20
220.02830188679246
 10
354.4528301886793
 20
220.02830188679246
 10
356.33962264150944
 20
220.02830188679246
 10
358.2264150943396
 20
220.02830188679246
 10
360.11320754716985
 20
220.02830188679246
 10
362.0
 20
220.02830188679246
 10
363.88679245283015
 20
220.02830188679246
 10
365.7735849056604
 20
220.02830188679246
 10
367.66037735849056
 20
220.02830188679246
 10
369.54716981132077
 20
220.02830188679246
 10
371.433962264151
 20
220.02830188679246
 10
373.3207547169811
 20
220.02830188679246
 10
375.20754716981133
 20
220.02830188679246
 10
377.09433962264154
 20
220.02830188679246
  0
LWPOLYLINE
  5
CA
330
17
100
AcDbEntity
  8
BUTTOCKS
  6
DASHED
100
AcDbPolyline
 90
109
 70
0
 10
173.32075471698113
 20
231.67476789845864
 10
175.20754716981133
 20
229.8735679117983
 10
177.0943396226415
 20
228.18735141897872
 10
178.9811320754717
 20
226.65342260197966
 10
180.8679245283019
 20
225.3090856427809
 10
182.75471698113208
 20
224.19164472336226
 10
184.64150943396226
 20
223.33840402570348
 10
186.52830188679246
 20
222.65304522772513
 10
188.41509433962264
 20
222.0267746282598
 10
190.30188679245282
 20
221.47818334065545
 10
192.18867924528303
 20
221.02586247825997
 10
194.0754716981132
 20
220.68840315442134
 10
195.96226415094338
 20
220.48439648248748
 10
197.8490566037736
 20
220.3595816224831
 10
199.73584905660377
 20
220.24963123927867
 10
201.62264150943395
 20
220.15803670349084
 10
203.50943396226415
 20
220.08828938573612
 10
205.39622641509433
 20
220.04388065663113
 10
207.2830188679245
 20
220.02830188679246
 10
209.16981132075472
 20
220.02830188679246
 10
211.0566037735849
 20
220.02830188679246
 10
212.9433962264151
 20
220.02830188679246
 10
214.83018867924528
 20
220.02830188679246
 10
216.7169811320755
 20
220.02830188679246
 10
218.60377358490567
 20
220.02830188679246
 10
220.49056603773585
 20
220.02830188679246
 10
222.37735849056605
 20
220.02830188679246
 10
224.26415094339623
 20
220.02830188679246
 10
226.1509433962264
 20
220.02830188679246
 10
228.03773584905662
 20
220.02830188679246
 10
229.9245283018868
 20
220.02830188679246
 10
231.81132075471697
 20
220.02830188679246
 10
233.69811320754718
 20
220.02830188679246
 10
235.58490566037736
 20
220.02830188679246
 10
237.47169811320754
 20
220.02830188679246
 10
239.35849056603774
 20
220.02830188679246
 10
241.24528301886792
 20
220.02830188679246
 10
243.1320754716981
 20
220.02830188679246
 10
245.0188679245283
 20
220.02830188679246
 10
246.9056603773585
 20
220.02830188679246
 10
248.79245283018867
 20
220.02830188679246
 10
250.67924528301887
 20
220.02830188679246
 10
252.56603773584905
 20
220.02830188679246
 10
254.45283018867923
 20
220.02830188679246
 10
256.33962264150944
 20
220.02830188679246
 10
258.22641509433964
 20
220.02830188679246
 10
260.1132075471698
 20
220.02830188679246
 10
262.0
 20
220.02830188679246
 10
263.8867924528302
 20
220.02830188679246
 10
265.7735849056604
 20
220.02830188679246
 10
267.66037735849056
 20
220.02830188679246
 10
269.54716981132077
 20
220.02830188679246
 10
271.433962264151
 20
220.02830188679246
 10
273.3207547169811
 20
220.02830188679246
 10
275.20754716981133
 20
220.02830188679246
 10
277.09433962264154
 20
220.02830188679246
 10
278.9811320754717
 20
220.02830188679246
 10
280.8679245283019
 20
220.02830188679246
 10
282.7547169811321
 20
220.02830188679246
 10
284.64150943396226
 20
220.02830188679246
 10
286.52830188679246
 20
220.02830188679246
 10
288.41509433962267
 20
220.02830188679246
 10
290.3018867924528
 20
220.02830188679246
 10
292.188679245283
 20
220.02830188679246
 10
294.07547169811323
 20
220.02830188679246
 10
295.9622641509434
 20
220.02830188679246
 10
297.8490566037736
 20
220.02830188679246
 10
299.7358490566038
 20
220.02830188679246
 10
301.62264150943395
 20
220.02830188679246
 10
303.50943396226415
 20
220.02830188679246
 10
305.39622641509436
 20
220.02830188679246
 10
307.2830188679245
 20
220.02830188679246
 10
309.1698113207547
 20
220.02830188679246
 10
311.0566037735849
 20
220.02830188679246
 10
312.9433962264151
 20
220.02830188679246
 10
314.8301886792453
 20
220.02830188679246
 10
316.7169811320755
 20
220.02830188679246
 10
318.60377358490564
 20
220.02830188679246
 10
320.49056603773585
 20
220.02830188679246
 10
322.37735849056605
 20
220.02830188679246
 10
324.2641509433962
 20
220.02830188679246
 10
326.1509433962264
 20
220.02830188679246
 10
328.0377358490566
 20
220.02830188679246
 10
329.92452830188677
 20
220.02830188679246
 10
331.811320754717
 20
220.02830188679246
 10
333.6981132075472
 20
220.02830188679246
 10
335.58490566037733
 20
220.02830188679246
 10
337.47169811320754
 20
220.02830188679246
 10
339.35849056603774
 20
220.02830188679246
 10
341.2452830188679
 20
220.02830188679246
 10
343.1320754716981
 20
220.02830188679246
 10
345.0188679245283
 20
220.02830188679246
 10
346.90566037735846
 20
220.02830188679246
 10
348.79245283018867
 20
220.02830188679246
 10
350.6792452830189
 20
220.02830188679246
 10
352.566037735849
 20
220.02830188679246
 10
354.4528301886793
 20
220.02830188679246
 10
356.33962264150944
 20
220.02830188679246
 10
358.2264150943396
 20
220.02830188679246
 10
360.11320754716985
 20
220.02830188679246
 10
362.0
 20
220.02830188679246
 10
363.88679245283015
 20
220.02830188679246
 10
365.7735849056604
 20
220.02830188679246
 10
367.66037735849056
 20
220.05404737605195
 10
369.54716981132077
 20
220.12522608165173
 10
371.433962264151
 20
220.23275136032373
 10
373.3207547169811
 20
220.3675365687999
 10
375.20754716981133
 20
220.52049506381218
 10
377.09433962264154
 20
220.68254020209253
  0
LWPOLYLINE
  5
CB
330
17
100
AcDbEntity
  8
BUTTOCKS
  6
DASHDOT
100
AcDbPolyline
 90
103
 70
0
 10
184.64150943396226
 20
231.15032038988238
 10
186.52830188679246
 20
229.81266991822537
 10
188.41509433962264
 20
228.5490428942996
 10
190.30188679245282
 20
227.37310625357384
 10
192.18867924528303
 20
226.29852693151693
 10
194.0754716981132
 20
225.33897186359764
 10
195.96226415094338
 20
224.5081079852848
 10
197.8490566037736
 20
223.74831698656456
 10
199.73584905660377
 20
223.0152745603091
 10
201.62264150943395
 20
222.3425886463161
 10
203.50943396226415
 20
221.76386718438323
 10
205.39622641509433
 20
221.3127181143082
 10
207.2830188679245
 20
221.02274937588868
 10
209.16981132075472
 20
220.84129630186507
 10
211.0566037735849
 20
220.69040525678417
 10
212.9433962264151
 20
220.56575072815323
 10
214.83018867924528
 20
220.4630072034795
 10
216.7169811320755
 20
220.3778491702701
 10
218.60377358490567
 20
220.3059511160324
 10
220.49056603773585
 20
220.23905818545248
 10
222.37735849056605
 20
220.17467029163728
 10
224.26415094339623
 20
220.1170940747253
 10
226.1509433962264
 20
220.07063617485488
 10
228.03773584905662
 20
220.03960323216447
 10
229.9245283018868
 20
220.02830188679246
 10
231.81132075471697
 20
220.02830188679246
 10
233.69811320754718
 20
220.02830188679246
 10
235.58490566037736
 20
220.02830188679246
 10
237.47169811320754
 20
220.02830188679246
 10
239.35849056603774
 20
220.02830188679246
 10
241.24528301886792
 20
220.02830188679246
 10
243.1320754716981
 20
220.02830188679246
 10
245.0188679245283
 20
220.02830188679246
 10
246.9056603773585
 20
220.02830188679246
 10
248.79245283018867
 20
220.02830188679246
 10
250.67924528301887
 20
220.02830188679246
 10
252.56603773584905
 20
220.02830188679246
 10
254.45283018867923
 20
220.02830188679246
 10
256.33962264150944
 20
220.02830188679246
 10
258.22641509433964
 20
220.02830188679246
 10
260.1132075471698
 20
220.02830188679246
 10
262.0
 20
220.02830188679246
 10
263.8867924528302
 20
220.02830188679246
 10
265.7735849056604
 20
220.02830188679246
 10
267.66037735849056
 20
220.02830188679246
 10
269.54716981132077
 20
220.02830188679246
 10
271.433962264151
 20
220.02830188679246
 10
273.3207547169811
 20
220.02830188679246
 10
275.20754716981133
 20
220.02830188679246
 10
277.09433962264154
 20
220.02830188679246
 10
278.9811320754717
 20
220.02830188679246
 10
280.8679245283019
 20
220.02830188679246
 10
282.7547169811321
 20
220.02830188679246
 10
284.64150943396226
 20
220.02830188679246
 10
286.52830188679246
 20
220.02830188679246
 10
288.41509433962267
 20
220.02830188679246
 10
290.3018867924528
 20
220.02830188679246
 10
292.188679245283
 20
220.02830188679246
 10
294.07547169811323
 20
220.02830188679246
 10
295.9622641509434
 20
220.02830188679246
 10
297.8490566037736
 20
220.02830188679246
 10
299.7358490566038
 20
220.02830188679246
 10
301.62264150943395
 20
220.02830188679246
 10
303.50943396226415
 20
220.02830188679246
 10
305.39622641509436
 20
220.02830188679246
 10
307.2830188679245
 20
220.02830188679246
 10
309.1698113207547
 20
220.02830188679246
 10
311.0566037735849
 20
220.02830188679246
 10
312.9433962264151
 20
220.02830188679246
 10
314.8301886792453
 20
220.02830188679246
 10
316.7169811320755
 20
220.02830188679246
 10
318.60377358490564
 20
220.02830188679246
 10
320.49056603773585
 20
220.02830188679246
 10
322.37735849056605
 20
220.02830188679246
 10
324.2641509433962
 20
220.02830188679246
 10
326.1509433962264
 20
220.02830188679246
 10
328.0377358490566
 20
220.02830188679246
 10
329.92452830188677
 20
220.02830188679246
 10
331.811320754717
 20
220.02830188679246
 10
333.6981132075472
 20
220.02830188679246
 10
335.58490566037733
 20
220.02830188679246
 10
337.47169811320754
 20
220.02830188679246
 10
339.35849056603774
 20
220.02830188679246
 10
341.2452830188679
 20
220.02830188679246
 10
343.1320754716981
 20
220.02830188679246
 10
345.0188679245283
 20
220.02830188679246
 10
346.90566037735846
 20
220.02830188679246
 10
348.79245283018867
 20
220.02830188679246
 10
350.6792452830189
 20
220.02830188679246
 10
352.566037735849
 20
220.02830188679246
 10
354.4528301886793
 20
220.02830188679246
 10
356.33962264150944
 20
220.04202448893025
 10
358.2264150943396
 20
220.08219419090165
 10
360.11320754716985
 20
220.1473138360437
 10
362.0
 20
220.23588626769345
 10
363.88679245283015
 20
220.34641432918798
 10
365.7735849056604
 20
220.4774008638643
 10
367.66037735849056
 20
220.85716228384928
 10
369.54716981132077
 20
221.66135030900207
 10
371.433962264151
 20
222.80947074425808
 10
373.3207547169811
 20
224.2210293945527
 10
375.20754716981133
 20
225.81553206482124
 10
377.09433962264154
 20
227.51248455999917
  0
TEXT
  5
CC
330
17
100
AcDbEntity
  8
LABELS
100
AcDbText
 10
241.24528301886792
 20
234.37061994609167
 30
0.0
 40
2.6
  1
DWL
 72
1
 11
241.24528301886792
 21
234.37061994609167
 31
0.0
100
AcDbText
 73
1
  0
TEXT
  5
CD
330
17
100
AcDbEntity
  8
LABELS
100
AcDbText
 10
282.0
 20
281.0
 30
0.0
 40
2.6
  1
SHEER VIEW (buttocks 25/50/75 % B/2)
 72
1
 11
282.0
 21
281.0
 31
0.0
100
AcDbText
 73
1
  0
LWPOLYLINE
  5
CE
330
17
100
AcDbEntity
  8
FRAME
100
AcDbPolyline
 90
4
 70
1
 10
156.0
 20
32.0
 10
408.0
 20
32.0
 10
408.0
 20
164.0
 10
156.0
 20
164.0
  0
LWPOLYLINE
  5
CF
330
17
100
AcDbEntity
  8
WATERLINES
100
AcDbPolyline
 90
161
 70
0
 10
162.0
 20
86.92857142857143
 10
163.38888888888889
 20
87.1777276064599
 10
164.77777777777777
 20
87.44318442797018
 10
166.16666666666666
 20
87.72402908079694
 10
167.55555555555554
 20
88.01934875263487
 10
168.94444444444446
 20
88.3282306311786
 10
170.33333333333334
 20
88.64976190412281
 10
171.72222222222223
 20
88.98302975916216
 10
173.11111111111111
 20
89.32712138399131
 10
174.5
 20
89.69227300648785
 10
175.88888888888889
 20
90.08513187859347
 10
177.27777777777777
 20
90.49940172409904
 10
178.66666666666666
 20
90.92878626679537
 10
180.05555555555554
 20
91.36698923047334
 10
181.44444444444446
 20
91.80771433892374
 10
182.83333333333334
 20
92.24466531593747
 10
184.22222222222223
 20
92.67154588530532
 10
185.61111111111111
 20
93.09550099361856
 10
187.0
 20
93.52559019844854
 10
188.38888888888889
 20
93.95838914005628
 10
189.77777777777777
 20
94.39047345870286
 10
191.16666666666666
 20
94.81841879464932
 10
192.55555555555554
 20
95.23880078815668
 10
193.94444444444446
 20
95.64819507948602
 10
195.33333333333331
 20
96.04317730889838
 10
196.72222222222223
 20
96.42921029701566
 10
198.11111111111111
 20
96.81227613720073
 10
199.5
 20
97.18972937882606
 10
200.88888888888889
 20
97.55892457126414
 10
202.27777777777777
 20
97.91721626388744
 10
203.66666666666666
 20
98.26195900606842
 10
205.05555555555554
 20
98.59050734717958
 10
206.44444444444446
 20
98.90021583659339
 10
207.83333333333331
 20
99.19671366577798
 10
209.22222222222223
 20
99.48608020056737
 10
210.61111111111111
 20
99.76634525188277
 10
212.0
 20
100.03553863064542
 10
213.38888888888889
 20
100.2916901477765
 10
214.77777777777777
 20
100.53282961419727
 10
216.16666666666666
 20
100.75698684082892
 10
217.55555555555554
 20
100.96219163859269
 10
218.94444444444446
 20
101.15376318638644
 10
220.33333333333331
 20
101.33760884046335
 10
221.72222222222223
 20
101.5126406777776
 10
223.11111111111111
 20
101.67777077528342
 10
224.5
 20
101.83191120993499
 10
225.88888888888889
 20
101.97397405868652
 10
227.27777777777777
 20
102.10287139849221
 10
228.66666666666666
 20
102.21751530630624
 10
230.05555555555554
 20
102.32214866455413
 10
231.44444444444446
 20
102.42133751127106
 10
232.83333333333331
 20
102.5144786568258
 10
234.22222222222223
 20
102.60096891158709
 10
235.6111111111111
 20
102.68020508592366
 10
237.0
 20
102.75158399020431
 10
238.38888888888889
 20
102.81450243479776
 10
239.77777777777777
 20
102.86835723007276
 10
241.16666666666666
 20
102.91677869592782
 10
242.55555555555554
 20
102.96320385564405
 10
243.94444444444446
 20
103.00673957466418
 10
245.33333333333331
 20
103.04649271843084
 10
246.72222222222223
 20
103.08157015238676
 10
248.1111111111111
 20
103.11107874197461
 10
249.5
 20
103.13412535263707
 10
250.88888888888889
 20
103.14981684981686
 10
252.27777777777777
 20
103.16120309605391
 10
253.66666666666666
 20
103.17178309269909
 10
255.05555555555554
 20
103.18133741341137
 10
256.44444444444446
 20
103.18964663184974
 10
257.8333333333333
 20
103.1964913216732
 10
259.22222222222223
 20
103.20165205654072
 10
260.6111111111111
 20
103.20490941011131
 10
262.0
 20
103.20604395604396
 10
263.3888888888889
 20
103.20604395604396
 10
264.77777777777777
 20
103.20604395604396
 10
266.16666666666663
 20
103.20604395604396
 10
267.55555555555554
 20
103.20604395604396
 10
268.94444444444446
 20
103.20604395604396
 10
270.3333333333333
 20
103.20604395604396
 10
271.72222222222223
 20
103.20604395604396
 10
273.1111111111111
 20
103.20604395604396
 10
274.5
 20
103.20604395604396
 10
275.8888888888889
 20
103.20604395604396
 10
277.27777777777777
 20
103.20604395604396
 10
278.66666666666663
 20
103.20604395604396
 10
280.05555555555554
 20
103.20604395604396
 10
281.44444444444446
 20
103.20604395604396
 10
282.8333333333333
 20
103.20604395604396
 10
284.22222222222223
 20
103.20604395604396
 10
285.6111111111111
 20
103.20604395604396
 10
287.0
 20
103.20604395604396
 10
288.3888888888889
 20
103.20604395604396
 10
289.77777777777777
 20
103.20604395604396
 10
291.16666666666663
 20
103.20604395604396
 10
292.55555555555554
 20
103.20604395604396
 10
293.94444444444446
 20
103.20604395604396
 10
295.3333333333333
 20
103.20604395604396
 10
296.72222222222223
 20
103.20604395604396
 10
298.1111111111111
 20
103.20604395604396
 10
299.5
 20
103.20604395604396
 10
300.8888888888889
 20
103.20604395604396
 10
302.27777777777777
 20
103.20604395604396
 10
303.66666666666663
 20
103.20604395604396
 10
305.05555555555554
 20
103.20604395604396
 10
306.44444444444446
 20
103.20604395604396
 10
307.8333333333333
 20
103.20604395604396
 10
309.2222222222222
 20
103.20604395604396
 10
310.6111111111111
 20
103.20604395604396
 10
312.0
 20
103.20604395604396
 10
313.3888888888889
 20
103.20604395604396
 10
314.77777777777777
 20
103.20604395604396
 10
316.16666666666663
 20
103.20604395604396
 10
317.55555555555554
 20
103.20604395604396
 10
318.94444444444446
 20
103.20450817552296
 10
320.3333333333333
 20
103.20018878423724
 10
321.7222222222222
 20
103.19351770760271
 10
323.1111111111111
 20
103.18492687103524
 10
324.5
 20
103.17484819995076
 10
325.8888888888889
 20
103.16371361976515
 10
327.27777777777777
 20
103.15195505589432
 10
328.66666666666663
 20
103.14000443375414
 10
330.05555555555554
 20
103.12710320601332
 10
331.44444444444446
 20
103.11210234050517
 10
332.8333333333333
 20
103.09484803539262
 10
334.2222222222222
 20
103.07518648883851
 10
335.6111111111111
 20
103.05296389900579
 10
337.0
 20
103.02802646405732
 10
338.3888888888889
 20
103.000220382156
 10
339.77777777777777
 20
102.96939185146475
 10
341.16666666666663
 20
102.93297034207544
 10
342.55555555555554
 20
102.88829646133155
 10
343.94444444444446
 20
102.83508311327328
 10
345.3333333333333
 20
102.77304320194088
 10
346.7222222222222
 20
102.70188963137456
 10
348.1111111111111
 20
102.62133530561455
 10
349.5
 20
102.53109312870106
 10
350.8888888888889
 20
102.43087600467433
 10
352.27777777777777
 20
102.30552149314784
 10
353.66666666666663
 20
102.14177649331103
 10
355.05555555555554
 20
101.9422179185681
 10
356.44444444444446
 20
101.70942268232325
 10
357.8333333333333
 20
101.44596769798069
 10
359.2222222222222
 20
101.15442987894458
 10
360.6111111111111
 20
100.83738613861914
 10
362.0
 20
100.49741339040855
 10
363.3888888888889
 20
100.09673194212886
 10
364.77777777777777
 20
99.60393882012069
 10
366.16666666666663
 20
99.03117601557516
 10
367.55555555555554
 20
98.39058551968336
 10
368.94444444444446
 20
97.6943093236364
 10
370.3333333333333
 20
96.95448941862537
 10
371.7222222222222
 20
96.18326779584139
 10
373.1111111111111
 20
95.39278644647554
 10
374.5
 20
94.55829092136717
 10
375.8888888888889
 20
93.65018140683377
 10
377.27777777777777
 20
92.67333184728359
 10
378.66666666666663
 20
91.63261618712495
 10
380.05555555555554
 20
90.53290837076612
 10
381.44444444444446
 20
89.3790823426154
 10
382.8333333333333
 20
88.17601204708107
 10
384.2222222222222
 20
86.92857142857143
  0
LWPOLYLINE
  5
D0
330
17
100
AcDbEntity
  8
WATERLINES
100
AcDbPolyline
 90
161
 70
0
 10
162.0
 20
86.92857142857143
 10
163.38888888888889
 20
87.29640178305989
 10
164.77777777777777
 20
87.67568054823388
 10
166.16666666666666
 20
88.0660176299923
 10
167.55555555555554
 20
88.46702293423402
 10
168.94444444444446
 20
88.87830636685794
 10
170.33333333333334
 20
89.29947783376294
 10
171.72222222222223
 20
89.7301472408479
 10
173.11111111111111
 20
90.16992449401171
 10
174.5
 20
90.62795046377957
 10
175.88888888888889
 20
91.10910861338887
 10
177.27777777777777
 20
91.60662273780672
 10
178.66666666666666
 20
92.11371663200026
 10
180.05555555555554
 20
92.62361409093666
 10
181.44444444444446
 20
93.129538909583
 10
182.83333333333334
 20
93.62471488290645
 10
184.22222222222223
 20
94.10236580587414
 10
185.61111111111111
 20
94.56981531934298
 10
187.0
 20
95.0368274996618
 10
188.38888888888889
 20
95.50028679503568
 10
189.77777777777777
 20
95.95707765366967
 10
191.16666666666666
 20
96.40408452376883
 10
192.55555555555554
 20
96.8381918535382
 10
193.94444444444446
 20
97.25628409118289
 10
195.33333333333331
 20
97.65524568490792
 10
196.72222222222223
 20
98.04052202344513
 10
198.11111111111111
 20
98.41830237071785
 10
199.5
 20
98.78658698771835
 10
200.88888888888889
 20
99.14337613543891
 10
202.27777777777777
 20
99.4866700748718
 10
203.66666666666666
 20
99.8144690670093
 10
205.05555555555554
 20
100.12477337284368
 10
206.44444444444446
 20
100.41558325336722
 10
207.83333333333331
 20
100.69218506703396
 10
209.22222222222223
 20
100.96020615634383
 10
210.61111111111111
 20
101.21815825835786
 10
212.0
 20
101.46455311013712
 10
213.38888888888889
 20
101.69790244874267
 10
214.77777777777777
 20
101.91671801123556
 10
216.16666666666666
 20
102.11951153467683
 10
217.55555555555554
 20
102.30479475612759
 10
218.94444444444446
 20
102.47758345419365
 10
220.33333333333331
 20
102.64318742346549
 10
221.72222222222223
 20
102.80055942498115
 10
223.11111111111111
 20
102.94865221977864
 10
224.5
 20
103.08641856889598
 10
225.88888888888889
 20
103.21281123337118
 10
227.27777777777777
 20
103.32678297424228
 10
228.66666666666666
 20
103.42728655254729
 10
230.05555555555554
 20
103.51860354234546
 10
231.44444444444446
 20
103.60524419067883
 10
232.83333333333331
 20
103.68650426805947
 10
234.22222222222223
 20
103.76167954499945
 10
235.6111111111111
 20
103.83006579201087
 10
237.0
 20
103.8909587796058
 10
238.38888888888889
 20
103.94365427829632
 10
239.77777777777777
 20
103.98744805859452
 10
241.16666666666666
 20
104.025580198848
 10
242.55555555555554
 20
104.06146246596498
 10
243.94444444444446
 20
104.09464816329836
 10
245.33333333333331
 20
104.12469059420113
 10
246.72222222222223
 20
104.15114306202624
 10
248.1111111111111
 20
104.17355887012664
 10
249.5
 20
104.1914913218553
 10
250.88888888888889
 20
104.20449372056515
 10
252.27777777777777
 20
104.21465569914339
 10
253.66666666666666
 20
104.2242109482992
 10
255.05555555555554
 20
104.23292885811844
 10
256.44444444444446
 20
104.24057881868703
 10
257.8333333333333
 20
104.24693022009085
 10
259.22222222222223
 20
104.2517524524158
 10
260.6111111111111
 20
104.25481490574778
 10
262.0
 20
104.25588697017268
 10
263.3888888888889
 20
104.25588697017268
 10
264.77777777777777
 20
104.25588697017268
 10
266.16666666666663
 20
104.25588697017268
 10
267.55555555555554
 20
104.25588697017268
 10
268.94444444444446
 20
104.25588697017268
 10
270.3333333333333
 20
104.25588697017268
 10
271.72222222222223
 20
104.25588697017268
 10
273.1111111111111
 20
104.25588697017268
 10
274.5
 20
104.25588697017268
 10
275.8888888888889
 20
104.25588697017268
 10
277.27777777777777
 20
104.25588697017268
 10
278.66666666666663
 20
104.25588697017268
 10
280.05555555555554
 20
104.25588697017268
 10
281.44444444444446
 20
104.25588697017268
 10
282.8333333333333
 20
104.25588697017268
 10
284.22222222222223
 20
104.25588697017268
 10
285.6111111111111
 20
104.25588697017268
 10
287.0
 20
104.25588697017268
 10
288.3888888888889
 20
104.25588697017268
 10
289.77777777777777
 20
104.25588697017268
 10
291.16666666666663
 20
104.25588697017268
 10
292.55555555555554
 20
104.25588697017268
 10
293.94444444444446
 20
104.25588697017268
 10
295.3333333333333
 20
104.25588697017268
 10
296.72222222222223
 20
104.25588697017268
 10
298.1111111111111
 20
104.25588697017268
 10
299.5
 20
104.25588697017268
 10
300.8888888888889
 20
104.25588697017268
 10
302.27777777777777
 20
104.25588697017268
 10
303.66666666666663
 20
104.25588697017268
 10
305.05555555555554
 20
104.25588697017268
 10
306.44444444444446
 20
104.25588697017268
 10
307.8333333333333
 20
104.25588697017268
 10
309.2222222222222
 20
104.25588697017268
 10
310.6111111111111
 20
104.25588697017268
 10
312.0
 20
104.25588697017268
 10
313.3888888888889
 20
104.25588697017268
 10
314.77777777777777
 20
104.25588697017268
 10
316.16666666666663
 20
104.25588697017268
 10
317.55555555555554
 20
104.25588697017268
 10
318.94444444444446
 20
104.25430762611325
 10
320.3333333333333
 20
104.2498775755942
 10
321.7222222222222
 20
104.2430587911044
 10
323.1111111111111
 20
104.23431324513274
 10
324.5
 20
104.22410291016811
 10
325.8888888888889
 20
104.21288975869936
 10
327.27777777777777
 20
104.20113576321538
 10
328.66666666666663
 20
104.18930289620505
 10
330.05555555555554
 20
104.17678860608783
 10
331.44444444444446
 20
104.16256047676741
 10
332.8333333333333
 20
104.14643568395897
 10
334.2222222222222
 20
104.12823140337771
 10
335.6111111111111
 20
104.10776481073881
 10
337.0
 20
104.0848530817575
 10
338.3888888888889
 20
104.05931339214894
 10
339.77777777777777
 20
104.03096291762832
 10
341.16666666666663
 20
103.9976512506727
 10
342.55555555555554
 20
103.95716131333896
 10
343.94444444444446
 20
103.909210275712
 10
345.3333333333333
 20
103.85351530787676
 10
346.7222222222222
 20
103.7897935799182
 10
348.1111111111111
 20
103.71776226192121
 10
349.5
 20
103.63713852397075
 10
350.8888888888889
 20
103.54763953615172
 10
352.27777777777777
 20
103.43698868246456
 10
353.66666666666663
 20
103.29417045594596
 10
355.05555555555554
 20
103.12079369023525
 10
356.44444444444446
 20
102.91846721897177
 10
357.8333333333333
 20
102.68879987579484
 10
359.2222222222222
 20
102.43340049434383
 10
360.6111111111111
 20
102.15387790825805
 10
362.0
 20
101.85184095117685
 10
363.3888888888889
 20
101.49616767364854
 10
364.77777777777777
 20
101.058938064681
 10
366.16666666666663
 20
100.54656386560293
 10
367.55555555555554
 20
99.96545681774306
 10
368.94444444444446
 20
99.32202866243007
 10
370.3333333333333
 20
98.62269114099269
 10
371.7222222222222
 20
97.8738559947596
 10
373.1111111111111
 20
97.08193496505949
 10
374.5
 20
96.2001020987391
 10
375.8888888888889
 20
95.1848430497284
 10
377.27777777777777
 20
94.04753696998102
 10
378.66666666666663
 20
92.79956301145062
 10
380.05555555555554
 20
91.4523003260908
 10
381.44444444444446
 20
90.01712806585526
 10
382.8333333333333
 20
88.50542538269758
 10
384.2222222222222
 20
86.92857142857143
  0
LWPOLYLINE
  5
D1
330
17
100
AcDbEntity
  8
WATERLINES
100
AcDbPolyline
 90
161
 70
0
 10
162.0
 20
86.92857142857143
 10
163.38888888888889
 20
87.32228469541658
 10
164.77777777777777
 20
87.7272774945529
 10
166.16666666666666
 20
88.14318856449125
 10
167.55555555555554
 20
88.56965664374255
 10
168.94444444444446
 20
89.0063204708177
 10
170.33333333333334
 20
89.45281878422757
 10
171.72222222222223
 20
89.90879032248307
 10
173.11111111111111
 20
90.3738738240951
 10
174.5
 20
90.85807565692781
 10
175.88888888888889
 20
91.36657881661033
 10
177.27777777777777
 20
91.8917869833009
 10
178.66666666666666
 20
92.42610383715784
 10
180.05555555555554
 20
92.96193305833941
 10
181.44444444444446
 20
93.49167832700392
 10
182.83333333333334
 20
94.00774332330963
 10
184.22222222222223
 20
94.50253172741482
 10
185.61111111111111
 20
94.98402405327533
 10
187.0
 20
95.46318332047063
 10
188.38888888888889
 20
95.93688696759445
 10
189.77777777777777
 20
96.4020124332405
 10
191.16666666666666
 20
96.85543715600251
 10
192.55555555555554
 20
97.29403857447421
 10
193.94444444444446
 20
97.71469412724933
 10
195.33333333333331
 20
98.11428125292159
 10
196.72222222222223
 20
98.49872878734702
 10
198.11111111111111
 20
98.8746686788553
 10
199.5
 20
99.2400330347507
 10
200.88888888888889
 20
99.59275396233741
 10
202.27777777777777
 20
99.9307635689197
 10
203.66666666666666
 20
100.25199396180182
 10
205.05555555555554
 20
100.55437724828795
 10
206.44444444444446
 20
100.83584553568238
 10
207.83333333333331
 20
101.10202157123773
 10
209.22222222222223
 20
101.35898541519407
 10
210.61111111111111
 20
101.6053551443367
 10
212.0
 20
101.83974883545092
 10
213.38888888888889
 20
102.06078456532208
 10
214.77777777777777
 20
102.26708041073547
 10
216.16666666666666
 20
102.45725444847642
 10
217.55555555555554
 20
102.62992475533022
 10
218.94444444444446
 20
102.79011777582008
 10
220.33333333333331
 20
102.94315649524714
 10
221.72222222222223
 20
103.08810380156366
 10
223.11111111111111
 20
103.22402258272189
 10
224.5
 20
103.34997572667407
 10
225.88888888888889
 20
103.4650261213725
 10
227.27777777777777
 20
103.56823665476941
 10
228.66666666666666
 20
103.65867021481708
 10
230.05555555555554
 20
103.74052855511862
 10
231.44444444444446
 20
103.8181623873147
 10
232.83333333333331
 20
103.89085803641386
 10
234.22222222222223
 20
103.95790182742462
 10
235.6111111111111
 20
104.01858008535554
 10
237.0
 20
104.07217913521511
 10
238.38888888888889
 20
104.11798530201187
 10
239.77777777777777
 20
104.15528491075438
 10
241.16666666666666
 20
104.18717526160621
 10
242.55555555555554
 20
104.21700317923515
 10
243.94444444444446
 20
104.24442927540592
 10
245.33333333333331
 20
104.26911416188331
 10
246.72222222222223
 20
104.29071845043204
 10
248.1111111111111
 20
104.30890275281686
 10
249.5
 20
104.32332768080255
 10
250.88888888888889
 20
104.33365384615385
 10
252.27777777777777
 20
104.34162171376391
 10
253.66666666666666
 20
104.34908366502157
 10
255.05555555555554
 20
104.35586818643502
 10
256.44444444444446
 20
104.36180376451246
 10
257.8333333333333
 20
104.36671888576211
 10
259.22222222222223
 20
104.37044203669217
 10
260.6111111111111
 20
104.37280170381086
 10
262.0
 20
104.37362637362637
 10
263.3888888888889
 20
104.37362637362637
 10
264.77777777777777
 20
104.37362637362637
 10
266.16666666666663
 20
104.37362637362637
 10
267.55555555555554
 20
104.37362637362637
 10
268.94444444444446
 20
104.37362637362637
 10
270.3333333333333
 20
104.37362637362637
 10
271.72222222222223
 20
104.37362637362637
 10
273.1111111111111
 20
104.37362637362637
 10
274.5
 20
104.37362637362637
 10
275.8888888888889
 20
104.37362637362637
 10
277.27777777777777
 20
104.37362637362637
 10
278.66666666666663
 20
104.37362637362637
 10
280.05555555555554
 20
104.37362637362637
 10
281.44444444444446
 20
104.37362637362637
 10
282.8333333333333
 20
104.37362637362637
 10
284.22222222222223
 20
104.37362637362637
 10
285.6111111111111
 20
104.37362637362637
 10
287.0
 20
104.37362637362637
 10
288.3888888888889
 20
104.37362637362637
 10
289.77777777777777
 20
104.37362637362637
 10
291.16666666666663
 20
104.37362637362637
 10
292.55555555555554
 20
104.37362637362637
 10
293.94444444444446
 20
104.37362637362637
 10
295.3333333333333
 20
104.37362637362637
 10
296.72222222222223
 20
104.37362637362637
 10
298.1111111111111
 20
104.37362637362637
 10
299.5
 20
104.37362637362637
 10
300.8888888888889
 20
104.37362637362637
 10
302.27777777777777
 20
104.37362637362637
 10
303.66666666666663
 20
104.37362637362637
 10
305.05555555555554
 20
104.37362637362637
 10
306.44444444444446
 20
104.37362637362637
 10
307.8333333333333
 20
104.37362637362637
 10
309.2222222222222
 20
104.37362637362637
 10
310.6111111111111
 20
104.37362637362637
 10
312.0
 20
104.37362637362637
 10
313.3888888888889
 20
104.37362637362637
 10
314.77777777777777
 20
104.37362637362637
 10
316.16666666666663
 20
104.37362637362637
 10
317.55555555555554
 20
104.37362637362637
 10
318.94444444444446
 20
104.37219465193954
 10
320.3333333333333
 20
104.36817920212059
 10
321.7222222222222
 20
104.36199959703191
 10
323.1111111111111
 20
104.35407540953588
 10
324.5
 20
104.34482621249487
 10
325.8888888888889
 20
104.33467157877124
 10
327.27777777777777
 20
104.32403108122736
 10
328.66666666666663
 20
104.31332429272562
 10
330.05555555555554
 20
104.30201643289325
 10
331.44444444444446
 20
104.28917937613423
 10
332.8333333333333
 20
104.27464267747611
 10
334.2222222222222
 20
104.2582358919464
 10
335.6111111111111
 20
104.23978857457263
 10
337.0
 20
104.21913028038233
 10
338.3888888888889
 20
104.19609056440302
 10
339.77777777777777
 20
104.17049898166222
 10
341.16666666666663
 20
104.14043815225118
 10
342.55555555555554
 20
104.10391011910922
 10
343.94444444444446
 20
104.06062357153597
 10
345.3333333333333
 20
104.01028719883107
 10
346.7222222222222
 20
103.9526096902941
 10
348.1111111111111
 20
103.88729973522473
 10
349.5
 20
103.81406602292256
 10
350.8888888888889
 20
103.73261724268721
 10
352.27777777777777
 20
103.63148833247914
 10
353.66666666666663
 20
103.50030932685198
 10
355.05555555555554
 20
103.34043155999532
 10
356.44444444444446
 20
103.15320636609869
 10
357.8333333333333
 20
102.93998507935163
 10
359.2222222222222
 20
102.70211903394367
 10
360.6111111111111
 20
102.4409595640644
 10
362.0
 20
102.1578580039033
 10
363.3888888888889
 20
101.82251970107068
 10
364.77777777777777
 20
101.40730352588282
 10
366.16666666666663
 20
100.91754109658838
 10
367.55555555555554
 20
100.35856403143596
 10
368.94444444444446
 20
99.73570394867419
 10
370.3333333333333
 20
99.05429246655169
 10
371.7222222222222
 20
98.31966120331708
 10
373.1111111111111
 20
97.537141777219
 10
374.5
 20
96.6511884647775
 10
375.8888888888889
 20
95.61189763719138
 10
377.27777777777777
 20
94.43306405472728
 10
378.66666666666663
 20
93.12848247765191
 10
380.05555555555554
 20
91.71194766623196
 10
381.44444444444446
 20
90.19725438073411
 10
382.8333333333333
 20
88.59819738142504
 10
384.2222222222222
 20
86.92857142857143
  0
LWPOLYLINE
  5
D2
330
17
100
AcDbEntity
  8
WATERLINES
100
AcDbPolyline
 90
161
 70
0
 10
162.0
 20
86.92857142857143
 10
163.38888888888889
 20
87.34817108641317
 10
164.77777777777777
 20
87.77888636763724
 10
166.16666666666666
 20
88.22038186167521
 10
167.55555555555554
 20
88.67232215795865
 10
168.94444444444446
 20
89.13437184591913
 10
170.33333333333334
 20
89.60619551498822
 10
171.72222222222223
 20
90.08745775459748
 10
173.11111111111111
 20
90.57782315417849
 10
174.5
 20
91.08820209460008
 10
175.88888888888889
 20
91.62410099383264
 10
177.27777777777777
 20
92.17707849696005
 10
178.66666666666666
 20
92.73869324906619
 10
180.05555555555554
 20
93.30050389523493
 10
181.44444444444446
 20
93.85406908055013
 10
182.83333333333334
 20
94.3909474500957
 10
184.22222222222223
 20
94.90269764895548
 10
185.61111111111111
 20
95.39807303039484
 10
187.0
 20
95.88934242082294
 10
188.38888888888889
 20
96.37333767503945
 10
189.77777777777777
 20
96.84689064784399
 10
191.16666666666666
 20
97.3068331940362
 10
192.55555555555554
 20
97.74999716841573
 10
193.94444444444446
 20
98.1732144257822
 10
195.33333333333331
 20
98.57331682093528
 10
196.72222222222223
 20
98.9568210058049
 10
198.11111111111111
 20
99.33090842949272
 10
199.5
 20
99.69340814255578
 10
200.88888888888889
 20
100.04214919555118
 10
202.27777777777777
 20
100.37496063903598
 10
203.66666666666666
 20
100.68967152356726
 10
205.05555555555554
 20
100.98411089970209
 10
206.44444444444446
 20
101.25610781799755
 10
207.83333333333331
 20
101.51172096830841
 10
209.22222222222223
 20
101.75758687165457
 10
210.61111111111111
 20
101.99240132534064
 10
212.0
 20
102.21486012667128
 10
213.38888888888889
 20
102.42365907295118
 10
214.77777777777777
 20
102.61749396148497
 10
216.16666666666666
 20
102.7950605895773
 10
217.55555555555554
 20
102.95505475453285
 10
218.94444444444446
 20
103.10257307312555
 10
220.33333333333331
 20
103.24302025456896
 10
221.72222222222223
 20
103.37555423482726
 10
223.11111111111111
 20
103.49933294986458
 10
224.5
 20
103.61351433564505
 10
225.88888888888889
 20
103.71725632813283
 10
227.27777777777777
 20
103.80971686329205
 10
228.66666666666666
 20
103.89005387708686
 10
230.05555555555554
 20
103.96242624333013
 10
231.44444444444446
 20
104.03106253410769
 10
232.83333333333331
 20
104.09522523279313
 10
234.22222222222223
 20
104.15417682276004
 10
235.6111111111111
 20
104.20717978738202
 10
237.0
 20
104.25349661003264
 10
238.38888888888889
 20
104.2923897740855
 10
239.77777777777777
 20
104.32312176291423
 10
241.16666666666666
 20
104.34869269851552
 10
242.55555555555554
 20
104.37243245047145
 10
243.94444444444446
 20
104.39409812353358
 10
245.33333333333331
 20
104.41344682245352
 10
246.72222222222223
 20
104.4302356519828
 10
248.1111111111111
 20
104.44422171687302
 10
249.5
 20
104.45516212187574
 10
250.88888888888889
 20
104.46281397174255
 10
252.27777777777777
 20
104.46857836577792
 10
253.66666666666666
 20
104.47394262444456
 10
255.05555555555554
 20
104.4787931842314
 10
256.44444444444446
 20
104.48301648162733
 10
257.8333333333333
 20
104.48649895312126
 10
259.22222222222223
 20
104.48912703520209
 10
260.6111111111111
 20
104.49078716435872
 10
262.0
 20
104.49136577708006
 10
263.3888888888889
 20
104.49136577708006
 10
264.77777777777777
 20
104.49136577708006
 10
266.16666666666663
 20
104.49136577708006
 10
267.55555555555554
 20
104.49136577708006
 10
268.94444444444446
 20
104.49136577708006
 10
270.3333333333333
 20
104.49136577708006
 10
271.72222222222223
 20
104.49136577708006
 10
273.1111111111111
 20
104.49136577708006
 10
274.5
 20
104.49136577708006
 10
275.8888888888889
 20
104.49136577708006
 10
277.27777777777777
 20
104.49136577708006
 10
278.66666666666663
 20
104.49136577708006
 10
280.05555555555554
 20
104.49136577708006
 10
281.44444444444446
 20
104.49136577708006
 10
282.8333333333333
 20
104.49136577708006
 10
284.22222222222223
 20
104.49136577708006
 10
285.6111111111111
 20
104.49136577708006
 10
287.0
 20
104.49136577708006
 10
288.3888888888889
 20
104.49136577708006
 10
289.77777777777777
 20
104.49136577708006
 10
291.16666666666663
 20
104.49136577708006
 10
292.55555555555554
 20
104.49136577708006
 10
293.94444444444446
 20
104.49136577708006
 10
295.3333333333333
 20
104.49136577708006
 10
296.72222222222223
 20
104.49136577708006
 10
298.1111111111111
 20
104.49136577708006
 10
299.5
 20
104.49136577708006
 10
300.8888888888889
 20
104.49136577708006
 10
302.27777777777777
 20
104.49136577708006
 10
303.66666666666663
 20
104.49136577708006
 10
305.05555555555554
 20
104.49136577708006
 10
306.44444444444446
 20
104.49136577708006
 10
307.8333333333333
 20
104.49136577708006
 10
309.2222222222222
 20
104.49136577708006
 10
310.6111111111111
 20
104.49136577708006
 10
312.0
 20
104.49136577708006
 10
313.3888888888889
 20
104.49136577708006
 10
314.77777777777777
 20
104.49136577708006
 10
316.16666666666663
 20
104.49136577708006
 10
317.55555555555554
 20
104.49136577708006
 10
318.94444444444446
 20
104.49008166806303
 10
320.3333333333333
 20
104.48648079538027
 10
321.7222222222222
 20
104.48094034058435
 10
323.1111111111111
 20
104.47383748522782
 10
324.5
 20
104.46554941086319
 10
325.8888888888889
 20
104.456453299043
 10
327.27777777777777
 20
104.44692633131983
 10
328.66666666666663
 20
104.4373456892462
 10
330.05555555555554
 20
104.42724430162963
 10
331.44444444444446
 20
104.41579828619756
 10
332.8333333333333
 20
104.40284960788243
 10
334.2222222222222
 20
104.38824023161669
 10
335.6111111111111
 20
104.37181212233274
 10
337.0
 20
104.35340724496305
 10
338.3888888888889
 20
104.33286756444002
 10
339.77777777777777
 20
104.31003504569611
 10
341.16666666666663
 20
104.2832229094413
 10
342.55555555555554
 20
104.25065121627648
 10
343.94444444444446
 20
104.21202219097029
 10
345.3333333333333
 20
104.16703805829142
 10
346.7222222222222
 20
104.11540104300856
 10
348.1111111111111
 20
104.05681336989036
 10
349.5
 20
103.99097726370553
 10
350.8888888888889
 20
103.91759494922272
 10
352.27777777777777
 20
103.82598002733545
 10
353.66666666666663
 20
103.70638901927441
 10
355.05555555555554
 20
103.55993853031411
 10
356.44444444444446
 20
103.38774516572899
 10
357.8333333333333
 20
103.19092553079352
 10
359.2222222222222
 20
102.97059623078218
 10
360.6111111111111
 20
102.72787387096943
 10
362.0
 20
102.46387505662975
 10
363.3888888888889
 20
102.14883095206555
 10
364.77777777777777
 20
101.75519675729095
 10
366.16666666666663
 20
101.28742513114798
 10
367.55555555555554
 20
100.74996873247866
 10
368.94444444444446
 20
100.14728022012503
 10
370.3333333333333
 20
99.4838122529291
 10
371.7222222222222
 20
98.76401748973292
 10
373.1111111111111
 20
97.99234858937851
 10
374.5
 20
97.10374799227321
 10
375.8888888888889
 20
96.04111687006099
 10
377.27777777777777
 20
94.8208459784388
 10
378.66666666666663
 20
93.45932607310357
 10
380.05555555555554
 20
91.97294790975228
 10
381.44444444444446
 20
90.37810224408186
 10
382.8333333333333
 20
88.69117983178926
 10
384.2222222222222
 20
86.92857142857143
  0
LWPOLYLINE
  5
D3
330
17
100
AcDbEntity
  8
WATERLINES
100
AcDbPolyline
 90
161
 70
0
 10
162.0
 20
86.92857142857143
 10
163.38888888888889
 20
87.37406045736876
 10
164.77777777777777
 20
87.83050545772389
 10
166.16666666666666
 20
88.2975943157385
 10
167.55555555555554
 20
88.77501491751424
 10
168.94444444444446
 20
89.26245514915279
 10
170.33333333333334
 20
89.7596028967558
 10
171.72222222222223
 20
90.26614604642494
 10
173.11111111111111
 20
90.78177248426186
 10
174.5
 20
91.31833089357194
 10
175.88888888888889
 20
91.88167213494852
 10
177.27777777777777
 20
92.4624873604254
 10
178.66666666666666
 20
93.05146772203635
 10
180.05555555555554
 20
93.63930437181513
 10
181.44444444444446
 20
94.2166884617955
 10
182.83333333333334
 20
94.77431114401126
 10
184.22222222222223
 20
95.30286357049616
 10
185.61111111111111
 20
95.81197868504721
 10
187.0
 20
96.3153285894613
 10
188.38888888888889
 20
96.80966317277199
 10
189.77777777777777
 20
97.29173232401284
 10
191.16666666666666
 20
97.75828593221739
 10
192.55555555555554
 20
98.20607388641922
 10
193.94444444444446
 20
98.63184607565188
 10
195.33333333333331
 20
99.03235238894894
 10
196.72222222222223
 20
99.41480197941328
 10
198.11111111111111
 20
99.78703042116746
 10
199.5
 20
100.1467272347746
 10
200.88888888888889
 20
100.49158194079777
 10
202.27777777777777
 20
100.81928405980007
 10
203.66666666666666
 20
101.12752311234459
 10
205.05555555555554
 20
101.41398861899444
 10
206.44444444444446
 20
101.6763701003127
 10
207.83333333333331
 20
101.92127194873973
 10
209.22222222222223
 20
102.15599939106497
 10
210.61111111111111
 20
102.37929319937516
 10
212.0
 20
102.58989414575701
 10
213.38888888888889
 20
102.78654300229725
 10
214.77777777777777
 20
102.9679805410826
 10
216.16666666666666
 20
103.13294753419977
 10
217.55555555555554
 20
103.28018475373548
 10
218.94444444444446
 20
103.41493190379953
 10
220.33333333333331
 20
103.54275728295156
 10
221.72222222222223
 20
103.66289455495306
 10
223.11111111111111
 20
103.7745773835656
 10
224.5
 20
103.8770394325507
 10
225.88888888888889
 20
103.96951436566988
 10
227.27777777777777
 20
104.05123584668469
 10
228.66666666666666
 20
104.12143753935665
 10
230.05555555555554
 20
104.18428891330709
 10
231.44444444444446
 20
104.24394773001688
 10
232.83333333333331
 20
104.29963009103699
 10
234.22222222222223
 20
104.3505520979183
 10
235.6111111111111
 20
104.39592985221174
 10
237.0
 20
104.43497945546824
 10
238.38888888888889
 20
104.46691700923871
 10
239.77777777777777
 20
104.49095861507408
 10
241.16666666666666
 20
104.51008274690204
 10
242.55555555555554
 20
104.52768049242724
 10
243.94444444444446
 20
104.54358687386592
 10
245.33333333333331
 20
104.55763691343437
 10
246.72222222222223
 20
104.56966563334885
 10
248.1111111111111
 20
104.57950805582564
 10
249.5
 20
104.586999203081
 10
250.88888888888889
 20
104.59197409733125
 10
252.27777777777777
 20
104.59551374516418
 10
253.66666666666666
 20
104.59877032612886
 10
255.05555555555554
 20
104.6016856218833
 10
256.44444444444446
 20
104.60420141408558
 10
257.8333333333333
 20
104.60625948439372
 10
259.22222222222223
 20
104.60780161446576
 10
260.6111111111111
 20
104.60876958595976
 10
262.0
 20
104.60910518053376
 10
263.3888888888889
 20
104.60910518053376
 10
264.77777777777777
 20
104.60910518053376
 10
266.16666666666663
 20
104.60910518053376
 10
267.55555555555554
 20
104.60910518053376
 10
268.94444444444446
 20
104.60910518053376
 10
270.3333333333333
 20
104.60910518053376
 10
271.72222222222223
 20
104.60910518053376
 10
273.1111111111111
 20
104.60910518053376
 10
274.5
 20
104.60910518053376
 10
275.8888888888889
 20
104.60910518053376
 10
277.27777777777777
 20
104.60910518053376
 10
278.66666666666663
 20
104.60910518053376
 10
280.05555555555554
 20
104.60910518053376
 10
281.44444444444446
 20
104.60910518053376
 10
282.8333333333333
 20
104.60910518053376
 10
284.22222222222223
 20
104.60910518053376
 10
285.6111111111111
 20
104.60910518053376
 10
287.0
 20
104.60910518053376
 10
288.3888888888889
 20
104.60910518053376
 10
289.77777777777777
 20
104.60910518053376
 10
291.16666666666663
 20
104.60910518053376
 10
292.55555555555554
 20
104.60910518053376
 10
293.94444444444446
 20
104.60910518053376
 10
295.3333333333333
 20
104.60910518053376
 10
296.72222222222223
 20
104.60910518053376
 10
298.1111111111111
 20
104.60910518053376
 10
299.5
 20
104.60910518053376
 10
300.8888888888889
 20
104.60910518053376
 10
302.27777777777777
 20
104.60910518053376
 10
303.66666666666663
 20
104.60910518053376
 10
305.05555555555554
 20
104.60910518053376
 10
306.44444444444446
 20
104.60910518053376
 10
307.8333333333333
 20
104.60910518053376
 10
309.2222222222222
 20
104.60910518053376
 10
310.6111111111111
 20
104.60910518053376
 10
312.0
 20
104.60910518053376
 10
313.3888888888889
 20
104.60910518053376
 10
314.77777777777777
 20
104.60910518053376
 10
316.16666666666663
 20
104.60910518053376
 10
317.55555555555554
 20
104.60910518053376
 10
318.94444444444446
 20
104.60796867050675
 10
320.3333333333333
 20
104.60478234173786
 10
321.7222222222222
 20
104.59988099619538
 10
323.1111111111111
 20
104.5935994358475
 10
324.5
 20
104.58627246266245
 10
325.8888888888889
 20
104.57823487860848
 10
327.27777777777777
 20
104.56982148565385
 10
328.66666666666663
 20
104.56136708576676
 10
330.05555555555554
 20
104.55247222977722
 10
331.44444444444446
 20
104.54241721234814
 10
332.8333333333333
 20
104.53105645119712
 10
334.2222222222222
 20
104.5182443640418
 10
335.6111111111111
 20
104.5038353685998
 10
337.0
 20
104.48768388258875
 10
338.3888888888889
 20
104.46964432372629
 10
339.77777777777777
 20
104.44957110973
 10
341.16666666666663
 20
104.42600490303931
 10
342.55555555555554
 20
104.39738233979458
 10
343.94444444444446
 20
104.36340179826482
 10
345.3333333333333
 20
104.32376165671913
 10
346.7222222222222
 20
104.27816029342657
 10
348.1111111111111
 20
104.22629608665619
 10
349.5
 20
104.16786741467705
 10
350.8888888888889
 20
104.10257265575822
 10
352.27777777777777
 20
104.0204651341549
 10
353.66666666666663
 20
103.91240473411673
 10
355.05555555555554
 20
103.77929967390445
 10
356.44444444444446
 20
103.62205817177876
 10
357.8333333333333
 20
103.44158844600037
 10
359.2222222222222
 20
103.23879871483001
 10
360.6111111111111
 20
103.01459719652837
 10
362.0
 20
102.76989210935619
 10
363.3888888888889
 20
102.47513794708419
 10
364.77777777777777
 20
102.1026953163846
 10
366.16666666666663
 20
101.65633160487049
 10
367.55555555555554
 20
101.13981420015486
 10
368.94444444444446
 20
100.55691048985076
 10
370.3333333333333
 20
99.91138786157124
 10
371.7222222222222
 20
99.20701370292932
 10
373.1111111111111
 20
98.44755540153801
 10
374.5
 20
97.5576953071839
 10
375.8888888888889
 20
96.47237530076487
 10
377.27777777777777
 20
95.210752066561
 10
378.66666666666663
 20
93.79198228885235
 10
380.05555555555554
 20
92.235222651919
 10
381.44444444444446
 20
90.55962984004103
 10
382.8333333333333
 20
88.78436053749847
 10
384.2222222222222
 20
86.92857142857143
  0
LWPOLYLINE
  5
D4
330
17
100
AcDbEntity
  8
WATERLINES
100
AcDbPolyline
 90
161
 70
0
 10
162.0
 20
86.92857142857143
 10
163.38888888888889
 20
87.39995240057338
 10
164.77777777777777
 20
87.88213336695007
 10
166.16666666666666
 20
88.37482330568838
 10
167.55555555555554
 20
88.87773119477521
 10
168.94444444444446
 20
89.39056601219743
 10
170.33333333333334
 20
89.91303673594192
 10
171.72222222222223
 20
90.44485234399556
 10
173.11111111111111
 20
90.98572181434525
 10
174.5
 20
91.54846281860802
 10
175.88888888888889
 20
92.13928927055694
 10
177.27777777777777
 20
92.74800451141306
 10
178.66666666666666
 20
93.36441188239736
 10
180.05555555555554
 20
93.9783147247309
 10
181.44444444444446
 20
94.57951637963463
 10
182.83333333333334
 20
95.15782018832961
 10
184.22222222222223
 20
95.70302949203683
 10
185.61111111111111
 20
96.22575546038874
 10
187.0
 20
96.74116269382114
 10
188.38888888888889
 20
97.24588467976002
 10
189.77777777777777
 20
97.73655490563142
 10
191.16666666666666
 20
98.20980685886136
 10
192.55555555555554
 20
98.66227402687586
 10
193.94444444444446
 20
99.09058989710094
 10
195.33333333333331
 20
99.49138795696263
 10
196.72222222222223
 20
99.87267525501844
 10
198.11111111111111
 20
100.24304432836445
 10
199.5
 20
100.60000689723446
 10
200.88888888888889
 20
100.9410746818623
 10
202.27777777777777
 20
101.26375940248175
 10
203.66666666666666
 20
101.56557277932662
 10
205.05555555555554
 20
101.84402653263072
 10
206.44444444444446
 20
102.09663238262786
 10
207.83333333333331
 20
102.33066230337936
 10
209.22222222222223
 20
102.55421235302121
 10
210.61111111111111
 20
102.76603037789931
 10
212.0
 20
102.96486422435949
 10
213.38888888888889
 20
103.14946173874762
 10
214.77777777777777
 20
103.31857076740951
 10
216.16666666666666
 20
103.47093915669107
 10
217.55555555555554
 20
103.60531475293813
 10
218.94444444444446
 20
103.72717154867647
 10
220.33333333333331
 20
103.84234092313665
 10
221.72222222222223
 20
103.95010680272169
 10
223.11111111111111
 20
104.04975311383467
 10
224.5
 20
104.14056378287859
 10
225.88888888888889
 20
104.22182273625651
 10
227.27777777777777
 20
104.29281390037144
 10
228.66666666666666
 20
104.35282120162644
 10
230.05555555555554
 20
104.40610804767545
 10
231.44444444444446
 20
104.45683585465547
 10
232.83333333333331
 20
104.50413556169411
 10
234.22222222222223
 20
104.54713810791904
 10
235.6111111111111
 20
104.58497443245786
 10
237.0
 20
104.61677547443819
 10
238.38888888888889
 20
104.64167217298767
 10
239.77777777777777
 20
104.65879546723393
 10
241.16666666666666
 20
104.67124351996057
 10
242.55555555555554
 20
104.68261074348099
 10
243.94444444444446
 20
104.69277245121745
 10
245.33333333333331
 20
104.70160395659221
 10
246.72222222222223
 20
104.70898057302757
 10
248.1111111111111
 20
104.7147776139458
 10
249.5
 20
104.71887039276916
 10
250.88888888888889
 20
104.72113422291994
 10
252.27777777777777
 20
104.72238086948883
 10
253.66666666666666
 20
104.72349773466138
 10
255.05555555555554
 20
104.72447358750212
 10
256.44444444444446
 20
104.72529719707559
 10
257.8333333333333
 20
104.72595733244633
 10
259.22222222222223
 20
104.72644276267886
 10
260.6111111111111
 20
104.72674225683772
 10
262.0
 20
104.72684458398744
 10
263.3888888888889
 20
104.72684458398744
 10
264.77777777777777
 20
104.72684458398744
 10
266.16666666666663
 20
104.72684458398744
 10
267.55555555555554
 20
104.72684458398744
 10
268.94444444444446
 20
104.72684458398744
 10
270.3333333333333
 20
104.72684458398744
 10
271.72222222222223
 20
104.72684458398744
 10
273.1111111111111
 20
104.72684458398744
 10
274.5
 20
104.72684458398744
 10
275.8888888888889
 20
104.72684458398744
 10
277.27777777777777
 20
104.72684458398744
 10
278.66666666666663
 20
104.72684458398744
 10
280.05555555555554
 20
104.72684458398744
 10
281.44444444444446
 20
104.72684458398744
 10
282.8333333333333
 20
104.72684458398744
 10
284.22222222222223
 20
104.72684458398744
 10
285.6111111111111
 20
104.72684458398744
 10
287.0
 20
104.72684458398744
 10
288.3888888888889
 20
104.72684458398744
 10
289.77777777777777
 20
104.72684458398744
 10
291.16666666666663
 20
104.72684458398744
 10
292.55555555555554
 20
104.72684458398744
 10
293.94444444444446
 20
104.72684458398744
 10
295.3333333333333
 20
104.72684458398744
 10
296.72222222222223
 20
104.72684458398744
 10
298.1111111111111
 20
104.72684458398744
 10
299.5
 20
104.72684458398744
 10
300.8888888888889
 20
104.72684458398744
 10
302.27777777777777
 20
104.72684458398744
 10
303.66666666666663
 20
104.72684458398744
 10
305.05555555555554
 20
104.72684458398744
 10
306.44444444444446
 20
104.72684458398744
 10
307.8333333333333
 20
104.72684458398744
 10
309.2222222222222
 20
104.72684458398744
 10
310.6111111111111
 20
104.72684458398744
 10
312.0
 20
104.72684458398744
 10
313.3888888888889
 20
104.72684458398744
 10
314.77777777777777
 20
104.72684458398744
 10
316.16666666666663
 20
104.72684458398744
 10
317.55555555555554
 20
104.72684458398744
 10
318.94444444444446
 20
104.72585565277629
 10
320.3333333333333
 20
104.7230838189269
 10
321.7222222222222
 20
104.71882152211532
 10
323.1111111111111
 20
104.71336120201764
 10
324.5
 20
104.70699529830992
 10
325.8888888888889
 20
104.70001625066826
 10
327.27777777777777
 20
104.6927164987687
 10
328.66666666666663
 20
104.68538848228735
 10
330.05555555555554
 20
104.67770024608954
 10
331.44444444444446
 20
104.66903616410342
 10
332.8333333333333
 20
104.65926316959921
 10
334.2222222222222
 20
104.6482481958471
 10
335.6111111111111
 20
104.6358581761173
 10
337.0
 20
104.62196004368003
 10
338.3888888888889
 20
104.6064207318055
 10
339.77777777777777
 20
104.58910717376389
 10
341.16666666666663
 20
104.56878325387362
 10
342.55555555555554
 20
104.54410024623311
 10
343.94444444444446
 20
104.51475616878271
 10
345.3333333333333
 20
104.48044903946274
 10
346.7222222222222
 20
104.44087687621352
 10
348.1111111111111
 20
104.39573769697539
 10
349.5
 20
104.34472951968868
 10
350.8888888888889
 20
104.28755036229371
 10
352.27777777777777
 20
104.21494645338262
 10
353.66666666666663
 20
104.11835241180012
 10
355.05555555555554
 20
103.99849884086545
 10
356.44444444444446
 20
103.85611634389784
 10
357.8333333333333
 20
103.69193552421653
 10
359.2222222222222
 20
103.50668698514073
 10
360.6111111111111
 20
103.3011013299897
 10
362.0
 20
103.07590916208264
 10
363.3888888888889
 20
102.80148116473765
 10
364.77777777777777
 20
102.44988076534294
 10
366.16666666666663
 20
102.02437768332291
 10
367.55555555555554
 20
101.52824163810197
 10
368.94444444444446
 20
100.96474234910455
 10
370.3333333333333
 20
100.33714953575506
 10
371.7222222222222
 20
99.64873291747791
 10
373.1111111111111
 20
98.90276221369751
 10
374.5
 20
98.01295150734845
 10
375.8888888888889
 20
96.90555699143361
 10
377.27777777777777
 20
95.60266155047994
 10
378.66666666666663
 20
94.12634806901434
 10
380.05555555555554
 20
92.49869943156376
 10
381.44444444444446
 20
90.74179852265513
 10
382.8333333333333
 20
88.87772822681538
 10
384.2222222222222
 20
86.92857142857143
  0
LWPOLYLINE
  5
D5
330
17
100
AcDbEntity
  8
WATERLINES
100
AcDbPolyline
 90
161
 70
0
 10
162.0
 20
86.92857142857143
 10
163.38888888888889
 20
87.42447299636385
 10
164.77777777777777
 20
87.93069596377407
 10
166.16666666666666
 20
88.44698272891083
 10
167.55555555555554
 20
88.97307568988282
 10
168.94444444444446
 20
89.50871724479876
 10
170.33333333333334
 20
90.05364979176736
 10
171.72222222222223
 20
90.60761572889731
 10
173.11111111111111
 20
91.17035745429735
 10
174.5
 20
91.75548815058659
 10
175.88888888888889
 20
92.36947991023736
 10
177.27777777777777
 20
93.00136349613823
 10
178.66666666666666
 20
93.6401696711777
 10
180.05555555555554
 20
94.27492919824434
 10
181.44444444444446
 20
94.89467284022669
 10
182.83333333333334
 20
95.48843136001328
 10
184.22222222222223
 20
96.04523552049267
 10
185.61111111111111
 20
96.57660103600826
 10
187.0
 20
97.09907511686941
 10
188.38888888888889
 20
97.60923576991352
 10
189.77777777777777
 20
98.103661001978
 10
191.16666666666666
 20
98.57892881990021
 10
192.55555555555554
 20
99.0316172305176
 10
193.94444444444446
 20
99.45830424066753
 10
195.33333333333331
 20
99.85556785718744
 10
196.72222222222223
 20
100.23201409951174
 10
198.11111111111111
 20
100.59684188162863
 10
199.5
 20
100.94751855220612
 10
200.88888888888889
 20
101.28151145991221
 10
202.27777777777777
 20
101.59628795341496
 10
203.66666666666666
 20
101.88931538138233
 10
205.05555555555554
 20
102.15806109248237
 10
206.44444444444446
 20
102.3999924353831
 10
207.83333333333331
 20
102.6228152104197
 10
209.22222222222223
 20
102.83510066800613
 10
210.61111111111111
 20
103.03561433192847
 10
212.0
 20
103.22312172597279
 10
213.38888888888889
 20
103.39638837392519
 10
214.77777777777777
 20
103.55417979957176
 10
216.16666666666666
 20
103.69526152669857
 10
217.55555555555554
 20
103.81839907909172
 10
218.94444444444446
 20
103.92918879886216
 10
220.33333333333331
 20
104.03360004225642
 10
221.72222222222223
 20
104.130957854264
 10
223.11111111111111
 20
104.22058727987437
 10
224.5
 20
104.30181336407698
 10
225.88888888888889
 20
104.37396115186135
 10
227.27777777777777
 20
104.43635568821693
 10
228.66666666666666
 20
104.48832201813325
 10
230.05555555555554
 20
104.53407698088154
 10
231.44444444444446
 20
104.57770620285264
 10
232.83333333333331
 20
104.61833790971525
 10
234.22222222222223
 20
104.6551003271381
 10
235.6111111111111
 20
104.6871216807899
 10
237.0
 20
104.71353019633936
 10
238.38888888888889
 20
104.73345409945523
 10
239.77777777777777
 20
104.7460216158062
 10
241.16666666666666
 20
104.75431056403995
 10
242.55555555555554
 20
104.7618971684447
 10
243.94444444444446
 20
104.76865726314989
 10
245.33333333333331
 20
104.77446668228501
 10
246.72222222222223
 20
104.77920125997953
 10
248.1111111111111
 20
104.78273683036294
 10
249.5
 20
104.7849492275647
 10
250.88888888888889
 20
104.78571428571429
 10
252.27777777777777
 20
104.78571428571429
 10
253.66666666666666
 20
104.78571428571429
 10
255.05555555555554
 20
104.78571428571429
 10
256.44444444444446
 20
104.78571428571429
 10
257.8333333333333
 20
104.78571428571429
 10
259.22222222222223
 20
104.78571428571429
 10
260.6111111111111
 20
104.78571428571429
 10
262.0
 20
104.78571428571429
 10
263.3888888888889
 20
104.78571428571429
 10
264.77777777777777
 20
104.78571428571429
 10
266.16666666666663
 20
104.78571428571429
 10
267.55555555555554
 20
104.78571428571429
 10
268.94444444444446
 20
104.78571428571429
 10
270.3333333333333
 20
104.78571428571429
 10
271.72222222222223
 20
104.78571428571429
 10
273.1111111111111
 20
104.78571428571429
 10
274.5
 20
104.78571428571429
 10
275.8888888888889
 20
104.78571428571429
 10
277.27777777777777
 20
104.78571428571429
 10
278.66666666666663
 20
104.78571428571429
 10
280.05555555555554
 20
104.78571428571429
 10
281.44444444444446
 20
104.78571428571429
 10
282.8333333333333
 20
104.78571428571429
 10
284.22222222222223
 20
104.78571428571429
 10
285.6111111111111
 20
104.78571428571429
 10
287.0
 20
104.78571428571429
 10
288.3888888888889
 20
104.78571428571429
 10
289.77777777777777
 20
104.78571428571429
 10
291.16666666666663
 20
104.78571428571429
 10
292.55555555555554
 20
104.78571428571429
 10
293.94444444444446
 20
104.78571428571429
 10
295.3333333333333
 20
104.78571428571429
 10
296.72222222222223
 20
104.78571428571429
 10
298.1111111111111
 20
104.78571428571429
 10
299.5
 20
104.78571428571429
 10
300.8888888888889
 20
104.78571428571429
 10
302.27777777777777
 20
104.78571428571429
 10
303.66666666666663
 20
104.78571428571429
 10
305.05555555555554
 20
104.78571428571429
 10
306.44444444444446
 20
104.78571428571429
 10
307.8333333333333
 20
104.78571428571429
 10
309.2222222222222
 20
104.78571428571429
 10
310.6111111111111
 20
104.78571428571429
 10
312.0
 20
104.78571428571429
 10
313.3888888888889
 20
104.78571428571429
 10
314.77777777777777
 20
104.78571428571429
 10
316.16666666666663
 20
104.78571428571429
 10
317.55555555555554
 20
104.78571428571429
 10
318.94444444444446
 20
104.78484199329965
 10
320.3333333333333
 20
104.7823972589025
 10
321.7222222222222
 20
104.77863829679305
 10
323.1111111111111
 20
104.77382332124144
 10
324.5
 20
104.76821054651785
 10
325.8888888888889
 20
104.76205818689243
 10
327.27777777777777
 20
104.75562445663539
 10
328.66666666666663
 20
104.74916757001685
 10
330.05555555555554
 20
104.74240139692739
 10
331.44444444444446
 20
104.7347867076027
 10
332.8333333333333
 20
104.72620206683068
 10
334.2222222222222
 20
104.71652603939927
 10
335.6111111111111
 20
104.70563719009638
 10
337.0
 20
104.69341408370997
 10
338.3888888888889
 20
104.67973528502793
 10
339.77777777777777
 20
104.6644793588382
 10
341.16666666666663
 20
104.64656617921437
 10
342.55555555555554
 20
104.62479932419733
 10
343.94444444444446
 20
104.59888291452577
 10
345.3333333333333
 20
104.56852107093847
 10
346.7222222222222
 20
104.53341791417418
 10
348.1111111111111
 20
104.49327756497166
 10
349.5
 20
104.44780414406964
 10
350.8888888888889
 20
104.39670177220687
 10
352.27777777777777
 20
104.3312640365005
 10
353.66666666666663
 20
104.24337826113685
 10
355.05555555555554
 20
104.13363917245844
 10
356.44444444444446
 20
104.00264149680778
 10
357.8333333333333
 20
103.85097996052738
 10
359.2222222222222
 20
103.67924928995977
 10
360.6111111111111
 20
103.48804421144746
 10
362.0
 20
103.27795945133295
 10
363.3888888888889
 20
103.01888135193613
 10
364.77777777777777
 20
102.68238518023327
 10
366.16666666666663
 20
102.27159904955153
 10
367.55555555555554
 20
101.78965107321802
 10
368.94444444444446
 20
101.23966936455994
 10
370.3333333333333
 20
100.62478203690442
 10
371.7222222222222
 20
99.94811720357858
 10
373.1111111111111
 20
99.21280297790959
 10
374.5
 20
98.32447011131886
 10
375.8888888888889
 20
97.20280397971953
 10
377.27777777777777
 20
95.8720146331764
 10
378.66666666666663
 20
94.35631212175427
 10
380.05555555555554
 20
92.67990649551793
 10
381.44444444444446
 20
90.86700780453214
 10
382.8333333333333
 20
88.94182609886171
 10
384.2222222222222
 20
86.92857142857143
  0
LWPOLYLINE
  5
D6
330
17
100
AcDbEntity
  8
WATERLINES
100
AcDbPolyline
 90
161
 70
0
 10
162.0
 20
86.92857142857143
 10
163.38888888888889
 20
87.44762537711593
 10
164.77777777777777
 20
87.97620398776998
 10
166.16666666666666
 20
88.51409272210724
 10
167.55555555555554
 20
89.0610770417013
 10
168.94444444444446
 20
89.6169424081258
 10
170.33333333333334
 20
90.18147428295435
 10
171.72222222222223
 20
90.7544581277606
 10
173.11111111111111
 20
91.33567940411815
 10
174.5
 20
91.93938749649833
 10
175.88888888888889
 20
92.57222052196843
 10
177.27777777777777
 20
93.22254704099606
 10
178.66666666666666
 20
93.87873561404885
 10
180.05555555555554
 20
94.52915480159439
 10
181.44444444444446
 20
95.1621731641003
 10
182.83333333333334
 20
95.76615926203418
 10
184.22222222222223
 20
96.32948165586366
 10
185.61111111111111
 20
96.86449593589049
 10
187.0
 20
97.38903383050021
 10
188.38888888888889
 20
97.89967810728612
 10
189.77777777777777
 20
98.39301153384149
 10
191.16666666666666
 20
98.8656168777596
 10
192.55555555555554
 20
99.31407690663379
 10
193.94444444444446
 20
99.73497438805728
 10
195.33333333333331
 20
100.1248920896234
 10
196.72222222222223
 20
100.49281661853621
 10
198.11111111111111
 20
100.84839271400877
 10
199.5
 20
101.18919034164786
 10
200.88888888888889
 20
101.51277946706026
 10
202.27777777777777
 20
101.81673005585273
 10
203.66666666666666
 20
102.09861207363207
 10
205.05555555555554
 20
102.35599548600503
 10
206.44444444444446
 20
102.5864502585784
 10
207.83333333333331
 20
102.79781639735826
 10
209.22222222222223
 20
102.99876517502439
 10
210.61111111111111
 20
103.18811345719396
 10
212.0
 20
103.3646781094842
 10
213.38888888888889
 20
103.52727599751236
 10
214.77777777777777
 20
103.6747239868956
 10
216.16666666666666
 20
103.80583894325117
 10
217.55555555555554
 20
103.91943773219629
 10
218.94444444444446
 20
104.02106390151792
 10
220.33333333333331
 20
104.11663387792242
 10
221.72222222222223
 20
104.20552384540598
 10
223.11111111111111
 20
104.28710998796481
 10
224.5
 20
104.36076848959512
 10
225.88888888888889
 20
104.42587553429313
 10
227.27777777777777
 20
104.48180730605503
 10
228.66666666666666
 20
104.52793998887704
 10
230.05555555555554
 20
104.56821646272975
 10
231.44444444444446
 20
104.6064991807022
 10
232.83333333333331
 20
104.6420436864683
 10
234.22222222222223
 20
104.674105523702
 10
235.6111111111111
 20
104.70194023607719
 10
237.0
 20
104.72480336726778
 10
238.38888888888889
 20
104.7419504609477
 10
239.77777777777777
 20
104.75263706079087
 10
241.16666666666666
 20
104.75957712654913
 10
242.55555555555554
 20
104.76591460310327
 10
243.94444444444446
 20
104.77155001182066
 10
245.33333333333331
 20
104.77638387406869
 10
246.72222222222223
 20
104.78031671121468
 10
248.1111111111111
 20
104.78324904462605
 10
249.5
 20
104.78508139567012
 10
250.88888888888889
 20
104.78571428571429
 10
252.27777777777777
 20
104.78571428571429
 10
253.66666666666666
 20
104.78571428571429
 10
255.05555555555554
 20
104.78571428571429
 10
256.44444444444446
 20
104.78571428571429
 10
257.8333333333333
 20
104.78571428571429
 10
259.22222222222223
 20
104.78571428571429
 10
260.6111111111111
 20
104.78571428571429
 10
262.0
 20
104.78571428571429
 10
263.3888888888889
 20
104.78571428571429
 10
264.77777777777777
 20
104.78571428571429
 10
266.16666666666663
 20
104.78571428571429
 10
267.55555555555554
 20
104.78571428571429
 10
268.94444444444446
 20
104.78571428571429
 10
270.3333333333333
 20
104.78571428571429
 10
271.72222222222223
 20
104.78571428571429
 10
273.1111111111111
 20
104.78571428571429
 10
274.5
 20
104.78571428571429
 10
275.8888888888889
 20
104.78571428571429
 10
277.27777777777777
 20
104.78571428571429
 10
278.66666666666663
 20
104.78571428571429
 10
280.05555555555554
 20
104.78571428571429
 10
281.44444444444446
 20
104.78571428571429
 10
282.8333333333333
 20
104.78571428571429
 10
284.22222222222223
 20
104.78571428571429
 10
285.6111111111111
 20
104.78571428571429
 10
287.0
 20
104.78571428571429
 10
288.3888888888889
 20
104.78571428571429
 10
289.77777777777777
 20
104.78571428571429
 10
291.16666666666663
 20
104.78571428571429
 10
292.55555555555554
 20
104.78571428571429
 10
293.94444444444446
 20
104.78571428571429
 10
295.3333333333333
 20
104.78571428571429
 10
296.72222222222223
 20
104.78571428571429
 10
298.1111111111111
 20
104.78571428571429
 10
299.5
 20
104.78571428571429
 10
300.8888888888889
 20
104.78571428571429
 10
302.27777777777777
 20
104.78571428571429
 10
303.66666666666663
 20
104.78571428571429
 10
305.05555555555554
 20
104.78571428571429
 10
306.44444444444446
 20
104.78571428571429
 10
307.8333333333333
 20
104.78571428571429
 10
309.2222222222222
 20
104.78571428571429
 10
310.6111111111111
 20
104.78571428571429
 10
312.0
 20
104.78571428571429
 10
313.3888888888889
 20
104.78571428571429
 10
314.77777777777777
 20
104.78571428571429
 10
316.16666666666663
 20
104.78571428571429
 10
317.55555555555554
 20
104.78571428571429
 10
318.94444444444446
 20
104.78492770481355
 10
320.3333333333333
 20
104.78272270533358
 10
321.7222222222222
 20
104.7793314021077
 10
323.1111111111111
 20
104.77498590996919
 10
324.5
 20
104.76991834375139
 10
325.8888888888889
 20
104.7643608182876
 10
327.27777777777777
 20
104.75854544841113
 10
328.66666666666663
 20
104.75270434895532
 10
330.05555555555554
 20
104.74657561718789
 10
331.44444444444446
 20
104.73966879431137
 10
332.8333333333333
 20
104.73187316106134
 10
334.2222222222222
 20
104.72307799817335
 10
335.6111111111111
 20
104.71317258638295
 10
337.0
 20
104.7020462064257
 10
338.3888888888889
 20
104.68958813903717
 10
339.77777777777777
 20
104.67568766495287
 10
341.16666666666663
 20
104.659356525404
 10
342.55555555555554
 20
104.63948966246346
 10
343.94444444444446
 20
104.61580115812953
 10
345.3333333333333
 20
104.58800509440046
 10
346.7222222222222
 20
104.55581555327448
 10
348.1111111111111
 20
104.51894661674987
 10
349.5
 20
104.47711236682485
 10
350.8888888888889
 20
104.43002688549768
 10
352.27777777777777
 20
104.36941316989375
 10
353.66666666666663
 20
104.2875074659311
 10
355.05555555555554
 20
104.18479372879696
 10
356.44444444444446
 20
104.06175591367857
 10
357.8333333333333
 20
103.91887797576315
 10
359.2222222222222
 20
103.75664387023795
 10
360.6111111111111
 20
103.57553755229019
 10
362.0
 20
103.37604297710712
 10
363.3888888888889
 20
103.12733664405356
 10
364.77777777777777
 20
102.80042693757623
 10
366.16666666666663
 20
102.39854564048515
 10
367.55555555555554
 20
101.92492453559034
 10
368.94444444444446
 20
101.38279540570181
 10
370.3333333333333
 20
100.7753900336296
 10
371.7222222222222
 20
100.10594020218375
 10
373.1111111111111
 20
99.37767769417424
 10
374.5
 20
98.49146108869823
 10
375.8888888888889
 20
97.36295540463128
 10
377.27777777777777
 20
96.01760208445111
 10
378.66666666666663
 20
94.48084257063542
 10
380.05555555555554
 20
92.77811830566189
 10
381.44444444444446
 20
90.93487073200825
 10
382.8333333333333
 20
88.97654129215219
 10
384.2222222222222
 20
86.92857142857143
  0
LWPOLYLINE
  5
D7
330
17
100
AcDbEntity
  8
WATERLINES
100
AcDbPolyline
 90
161
 70
0
 10
162.0
 20
86.92857142857143
 10
163.38888888888889
 20
87.47078374575463
 10
164.77777777777777
 20
88.0217325416629
 10
166.16666666666666
 20
88.58124120886052
 10
167.55555555555554
 20
89.14913313991178
 10
168.94444444444446
 20
89.72523172738097
 10
170.33333333333334
 20
90.30936036383237
 10
171.72222222222223
 20
90.90134244183028
 10
173.11111111111111
 20
91.50100135393896
 10
174.5
 20
92.1232672052671
 10
175.88888888888889
 20
92.7749759259402
 10
177.27777777777777
 20
93.44380964604774
 10
178.66666666666666
 20
94.11745049567922
 10
180.05555555555554
 20
94.78358060492417
 10
181.44444444444446
 20
95.42988210387205
 10
182.83333333333334
 20
96.04403712261238
 10
184.22222222222223
 20
96.61372779123465
 10
185.61111111111111
 20
97.15225212019075
 10
187.0
 20
97.6788224755769
 10
188.38888888888889
 20
98.18999252094905
 10
189.77777777777777
 20
98.6823159198632
 10
191.16666666666666
 20
99.15234633587532
 10
192.55555555555554
 20
99.59663743254141
 10
193.94444444444446
 20
100.01174287341743
 10
195.33333333333331
 20
100.39421632205936
 10
196.72222222222223
 20
100.75350851146699
 10
198.11111111111111
 20
101.09980056588904
 10
199.5
 20
101.43074173575496
 10
200.88888888888889
 20
101.74398127149422
 10
202.27777777777777
 20
102.03716842353627
 10
203.66666666666666
 20
102.30795244231057
 10
205.05555555555554
 20
102.55398257824656
 10
206.44444444444446
 20
102.77290808177369
 10
207.83333333333331
 20
102.97275437176255
 10
209.22222222222223
 20
103.16234995824672
 10
210.61111111111111
 20
103.34054872840028
 10
212.0
 20
103.50620456939728
 10
213.38888888888889
 20
103.65817136841179
 10
214.77777777777777
 20
103.79530301261784
 10
216.16666666666666
 20
103.91645338918951
 10
217.55555555555554
 20
104.02047638530085
 10
218.94444444444446
 20
104.1128957633654
 10
220.33333333333331
 20
104.19961157888412
 10
221.72222222222223
 20
104.28004215866208
 10
223.11111111111111
 20
104.35360582950447
 10
224.5
 20
104.41972091821641
 10
225.88888888888889
 20
104.47780575160303
 10
227.27777777777777
 20
104.52727865646946
 10
228.66666666666666
 20
104.56755795962084
 10
230.05555555555554
 20
104.60233000474514
 10
231.44444444444446
 20
104.63525504165149
 10
232.83333333333331
 20
104.66571225632671
 10
234.22222222222223
 20
104.69308083475767
 10
235.6111111111111
 20
104.71673996293119
 10
237.0
 20
104.73606882683411
 10
238.38888888888889
 20
104.75044661245329
 10
239.77777777777777
 20
104.75925250577556
 10
241.16666666666666
 20
104.76484012052765
 10
242.55555555555554
 20
104.7699267942066
 10
243.94444444444446
 20
104.77443729845473
 10
245.33333333333331
 20
104.77829640491436
 10
246.72222222222223
 20
104.7814288852278
 10
248.1111111111111
 20
104.7837595110374
 10
249.5
 20
104.78521305398544
 10
250.88888888888889
 20
104.78571428571429
 10
252.27777777777777
 20
104.78571428571429
 10
253.66666666666666
 20
104.78571428571429
 10
255.05555555555554
 20
104.78571428571429
 10
256.44444444444446
 20
104.78571428571429
 10
257.8333333333333
 20
104.78571428571429
 10
259.22222222222223
 20
104.78571428571429
 10
260.6111111111111
 20
104.78571428571429
 10
262.0
 20
104.78571428571429
 10
263.3888888888889
 20
104.78571428571429
 10
264.77777777777777
 20
104.78571428571429
 10
266.16666666666663
 20
104.78571428571429
 10
267.55555555555554
 20
104.78571428571429
 10
268.94444444444446
 20
104.78571428571429
 10
270.3333333333333
 20
104.78571428571429
 10
271.72222222222223
 20
104.78571428571429
 10
273.1111111111111
 20
104.78571428571429
 10
274.5
 20
104.78571428571429
 10
275.8888888888889
 20
104.78571428571429
 10
277.27777777777777
 20
104.78571428571429
 10
278.66666666666663
 20
104.78571428571429
 10
280.05555555555554
 20
104.78571428571429
 10
281.44444444444446
 20
104.78571428571429
 10
282.8333333333333
 20
104.78571428571429
 10
284.22222222222223
 20
104.78571428571429
 10
285.6111111111111
 20
104.78571428571429
 10
287.0
 20
104.78571428571429
 10
288.3888888888889
 20
104.78571428571429
 10
289.77777777777777
 20
104.78571428571429
 10
291.16666666666663
 20
104.78571428571429
 10
292.55555555555554
 20
104.78571428571429
 10
293.94444444444446
 20
104.78571428571429
 10
295.3333333333333
 20
104.78571428571429
 10
296.72222222222223
 20
104.78571428571429
 10
298.1111111111111
 20
104.78571428571429
 10
299.5
 20
104.78571428571429
 10
300.8888888888889
 20
104.78571428571429
 10
302.27777777777777
 20
104.78571428571429
 10
303.66666666666663
 20
104.78571428571429
 10
305.05555555555554
 20
104.78571428571429
 10
306.44444444444446
 20
104.78571428571429
 10
307.8333333333333
 20
104.78571428571429
 10
309.2222222222222
 20
104.78571428571429
 10
310.6111111111111
 20
104.78571428571429
 10
312.0
 20
104.78571428571429
 10
313.3888888888889
 20
104.78571428571429
 10
314.77777777777777
 20
104.78571428571429
 10
316.16666666666663
 20
104.78571428571429
 10
317.55555555555554
 20
104.78571428571429
 10
318.94444444444446
 20
104.78501340110587
 10
320.3333333333333
 20
104.78304809957632
 10
321.7222222222222
 20
104.7800244095692
 10
323.1111111111111
 20
104.77614835952801
 10
324.5
 20
104.77162597789633
 10
325.8888888888889
 20
104.7666632931177
 10
327.27777777777777
 20
104.76146633363568
 10
328.66666666666663
 20
104.75624112789379
 10
330.05555555555554
 20
104.75074989007828
 10
331.44444444444446
 20
104.74455085271208
 10
332.8333333333333
 20
104.7375440717437
 10
334.2222222222222
 20
104.72962960312167
 10
335.6111111111111
 20
104.72070750279451
 10
337.0
 20
104.71067782671075
 10
338.3888888888889
 20
104.69944063081893
 10
339.77777777777777
 20
104.68689597106756
 10
341.16666666666663
 20
104.67214587792216
 10
342.55555555555554
 20
104.65417585436403
 10
343.94444444444446
 20
104.63271116511531
 10
345.3333333333333
 20
104.60747707489816
 10
346.7222222222222
 20
104.57819884843475
 10
348.1111111111111
 20
104.54460175044723
 10
349.5
 20
104.50641104565776
 10
350.8888888888889
 20
104.4633519987885
 10
352.27777777777777
 20
104.40755681882197
 10
353.66666666666663
 20
104.33159906290679
 10
355.05555555555554
 20
104.23586601801414
 10
356.44444444444446
 20
104.12074497111522
 10
357.8333333333333
 20
103.98662320918127
 10
359.2222222222222
 20
103.83388801918349
 10
360.6111111111111
 20
103.66292668809308
 10
362.0
 20
103.47412650288128
 10
363.3888888888889
 20
103.23587019751892
 10
364.77777777777777
 20
102.918530176451
 10
366.16666666666663
 20
102.52547823235987
 10
367.55555555555554
 20
102.0600861579279
 10
368.94444444444446
 20
101.52572574583746
 10
370.3333333333333
 20
100.9257687887709
 10
371.7222222222222
 20
100.26358707941058
 10
373.1111111111111
 20
99.54255241043889
 10
374.5
 20
98.65864326976454
 10
375.8888888888889
 20
97.52338778189934
 10
377.27777777777777
 20
96.1634821944303
 10
378.66666666666663
 20
94.60562275494439
 10
380.05555555555554
 20
92.87650571102856
 10
381.44444444444446
 20
91.00282731026981
 10
382.8333333333333
 20
89.0112838002551
 10
384.2222222222222
 20
86.92857142857143
  0
LWPOLYLINE
  5
D8
330
17
100
AcDbEntity
  8
WATERLINES
100
AcDbPolyline
 90
161
 70
0
 10
162.0
 20
86.92857142857143
 10
163.38888888888889
 20
87.49394759010275
 10
164.77777777777777
 20
88.06727986941664
 10
166.16666666666666
 20
88.64842489660285
 10
167.55555555555554
 20
89.23723930175112
 10
168.94444444444446
 20
89.8335797149512
 10
170.33333333333334
 20
90.43730276629283
 10
171.72222222222223
 20
91.04826508586576
 10
173.11111111111111
 20
91.66632330375975
 10
174.5
 20
92.30713008957144
 10
175.88888888888889
 20
92.97774874147717
 10
177.27777777777777
 20
93.66515183243622
 10
178.66666666666666
 20
94.35631193540785
 10
180.05555555555554
 20
95.03820162335133
 10
181.44444444444446
 20
95.69779346922594
 10
182.83333333333334
 20
96.32206004599095
 10
184.22222222222223
 20
96.89797392660564
 10
185.61111111111111
 20
97.43987583079863
 10
187.0
 20
97.96845185772742
 10
188.38888888888889
 20
98.48019264949457
 10
189.77777777777777
 20
98.97158884820263
 10
191.16666666666666
 20
99.43913109595418
 10
192.55555555555554
 20
99.87931003485177
 10
193.94444444444446
 20
100.28861630699797
 10
195.33333333333331
 20
100.66354055449533
 10
196.72222222222223
 20
101.01408539912558
 10
198.11111111111111
 20
101.35106186004612
 10
199.5
 20
101.67217317542308
 10
200.88888888888889
 20
101.97512258342263
 10
202.27777777777777
 20
102.25761332221084
 10
203.66666666666666
 20
102.5173486299539
 10
205.05555555555554
 20
102.75203174481791
 10
206.44444444444446
 20
102.95936590496899
 10
207.83333333333331
 20
103.14762071977701
 10
209.22222222222223
 20
103.32584617258428
 10
210.61111111111111
 20
103.49291606251566
 10
212.0
 20
103.64770418869607
 10
213.38888888888889
 20
103.78908435025036
 10
214.77777777777777
 20
103.91593034630344
 10
216.16666666666666
 20
104.02711597598017
 10
217.55555555555554
 20
104.12151503840542
 10
218.94444444444446
 20
104.20467347553569
 10
220.33333333333331
 20
104.28252037019716
 10
221.72222222222223
 20
104.35450423281917
 10
223.11111111111111
 20
104.42007357383106
 10
224.5
 20
104.47867690366219
 10
225.88888888888889
 20
104.52976273274193
 10
227.27777777777777
 20
104.57277957149964
 10
228.66666666666666
 20
104.60717593036463
 10
230.05555555555554
 20
104.6364063185474
 10
231.44444444444446
 20
104.66395786358068
 10
232.83333333333331
 20
104.68932800337731
 10
234.22222222222223
 20
104.71201417585016
 10
235.6111111111111
 20
104.73151381891202
 10
237.0
 20
104.74732437047577
 10
238.38888888888889
 20
104.75894326845423
 10
239.77777777777777
 20
104.76586795076024
 10
241.16666666666666
 20
104.77009717038607
 10
242.55555555555554
 20
104.77393025109265
 10
243.94444444444446
 20
104.77731548694578
 10
245.33333333333331
 20
104.78020117201133
 10
246.72222222222223
 20
104.78253560035513
 10
248.1111111111111
 20
104.78426706604299
 10
249.5
 20
104.78534386314077
 10
250.88888888888889
 20
104.78571428571429
 10
252.27777777777777
 20
104.78571428571429
 10
253.66666666666666
 20
104.78571428571429
 10
255.05555555555554
 20
104.78571428571429
 10
256.44444444444446
 20
104.78571428571429
 10
257.8333333333333
 20
104.78571428571429
 10
259.22222222222223
 20
104.78571428571429
 10
260.6111111111111
 20
104.78571428571429
 10
262.0
 20
104.78571428571429
 10
263.3888888888889
 20
104.78571428571429
 10
264.77777777777777
 20
104.78571428571429
 10
266.16666666666663
 20
104.78571428571429
 10
267.55555555555554
 20
104.78571428571429
 10
268.94444444444446
 20
104.78571428571429
 10
270.3333333333333
 20
104.78571428571429
 10
271.72222222222223
 20
104.78571428571429
 10
273.1111111111111
 20
104.78571428571429
 10
274.5
 20
104.78571428571429
 10
275.8888888888889
 20
104.78571428571429
 10
277.27777777777777
 20
104.78571428571429
 10
278.66666666666663
 20
104.78571428571429
 10
280.05555555555554
 20
104.78571428571429
 10
281.44444444444446
 20
104.78571428571429
 10
282.8333333333333
 20
104.78571428571429
 10
284.22222222222223
 20
104.78571428571429
 10
285.6111111111111
 20
104.78571428571429
 10
287.0
 20
104.78571428571429
 10
288.3888888888889
 20
104.78571428571429
 10
289.77777777777777
 20
104.78571428571429
 10
291.16666666666663
 20
104.78571428571429
 10
292.55555555555554
 20
104.78571428571429
 10
293.94444444444446
 20
104.78571428571429
 10
295.3333333333333
 20
104.78571428571429
 10
296.72222222222223
 20
104.78571428571429
 10
298.1111111111111
 20
104.78571428571429
 10
299.5
 20
104.78571428571429
 10
300.8888888888889
 20
104.78571428571429
 10
302.27777777777777
 20
104.78571428571429
 10
303.66666666666663
 20
104.78571428571429
 10
305.05555555555554
 20
104.78571428571429
 10
306.44444444444446
 20
104.78571428571429
 10
307.8333333333333
 20
104.78571428571429
 10
309.2222222222222
 20
104.78571428571429
 10
310.6111111111111
 20
104.78571428571429
 10
312.0
 20
104.78571428571429
 10
313.3888888888889
 20
104.78571428571429
 10
314.77777777777777
 20
104.78571428571429
 10
316.16666666666663
 20
104.78571428571429
 10
317.55555555555554
 20
104.78571428571429
 10
318.94444444444446
 20
104.78509907633449
 10
320.3333333333333
 20
104.7833734216007
 10
321.7222222222222
 20
104.78071728162126
 10
323.1111111111111
 20
104.77731061650456
 10
324.5
 20
104.77333338635894
 10
325.8888888888889
 20
104.76896555129277
 10
327.27777777777777
 20
104.7643870714144
 10
328.66666666666663
 20
104.75977790683224
 10
330.05555555555554
 20
104.75492423817823
 10
331.44444444444446
 20
104.74943288010071
 10
332.8333333333333
 20
104.74321474373255
 10
334.2222222222222
 20
104.7361807402066
 10
335.6111111111111
 20
104.72824178065572
 10
337.0
 20
104.7193087762128
 10
338.3888888888889
 20
104.70929263801068
 10
339.77777777777777
 20
104.69810427718224
 10
341.16666666666663
 20
104.68493404758209
 10
342.55555555555554
 20
104.66885700008213
 10
343.94444444444446
 20
104.64961109134116
 10
345.3333333333333
 20
104.626934278018
 10
346.7222222222222
 20
104.60056451677143
 10
348.1111111111111
 20
104.57023976426026
 10
349.5
 20
104.53569797714329
 10
350.8888888888889
 20
104.49667711207931
 10
352.27777777777777
 20
104.44569596219696
 10
353.66666666666663
 20
104.37565205553612
 10
355.05555555555554
 20
104.28685145112235
 10
356.44444444444446
 20
104.17960020798124
 10
357.8333333333333
 20
104.0542043851384
 10
359.2222222222222
 20
103.91097004161942
 10
360.6111111111111
 20
103.7502032364499
 10
362.0
 20
103.57221002865545
 10
363.3888888888889
 20
103.34449119504109
 10
364.77777777777777
 20
103.03670933592927
 10
366.16666666666663
 20
102.65241324562164
 10
367.55555555555554
 20
102.19515171841982
 10
368.94444444444446
 20
101.66847354862546
 10
370.3333333333333
 20
101.0759275305402
 10
371.7222222222222
 20
100.42106245846567
 10
373.1111111111111
 20
99.70742712670352
 10
374.5
 20
98.82601327413946
 10
375.8888888888889
 20
97.68409614443722
 10
377.27777777777777
 20
96.30964978906555
 10
378.66666666666663
 20
94.73064825949318
 10
380.05555555555554
 20
92.97506560718884
 10
381.44444444444446
 20
91.07087588362128
 10
382.8333333333333
 20
89.04605314025923
 10
384.2222222222222
 20
86.92857142857143
  0
LWPOLYLINE
  5
D9
330
17
100
AcDbEntity
  8
WATERLINES
100
AcDbPolyline
 90
161
 70
0
 10
162.0
 20
86.92857142857143
 10
163.38888888888889
 20
87.51711645477624
 10
164.77777777777777
 20
88.11284440971454
 10
166.16666666666666
 20
88.7156408578655
 10
167.55555555555554
 20
89.32539136370825
 10
168.94444444444446
 20
89.94198149172198
 10
170.33333333333334
 20
90.56529680638583
 10
171.72222222222223
 20
91.19522287217897
 10
173.11111111111111
 20
91.83164525358056
 10
174.5
 20
92.49097859985064
 10
175.88888888888889
 20
93.1805411248189
 10
177.27777777777777
 20
93.88657373981904
 10
178.66666666666666
 20
94.59531735618474
 10
180.05555555555554
 20
95.29301288524967
 10
181.44444444444446
 20
95.9659012383475
 10
182.83333333333334
 20
96.60022332681194
 10
184.22222222222223
 20
97.18222006197664
 10
185.61111111111111
 20
97.72737311711076
 10
187.0
 20
98.25793260689878
 10
188.38888888888889
 20
98.77029210479735
 10
189.77777777777777
 20
99.2608451842631
 10
191.16666666666666
 20
99.72598541875274
 10
192.55555555555554
 20
100.16210638172288
 10
193.94444444444446
 20
100.56560164663017
 10
195.33333333333331
 20
100.9328647869313
 10
196.72222222222223
 20
101.274542817882
 10
198.11111111111111
 20
101.60217347986931
 10
199.5
 20
101.91348643404685
 10
200.88888888888889
 20
102.20621134156823
 10
202.27777777777777
 20
102.47807786358706
 10
203.66666666666666
 20
102.72681566125695
 10
205.05555555555554
 20
102.95015439573149
 10
206.44444444444446
 20
103.1458237281643
 10
207.83333333333331
 20
103.3224056411428
 10
209.22222222222223
 20
103.48924431249714
 10
210.61111111111111
 20
103.6452126962451
 10
212.0
 20
103.7891837464044
 10
213.38888888888889
 20
103.92003041699279
 10
214.77777777777777
 20
104.03662566202802
 10
216.16666666666666
 20
104.13784243552783
 10
217.55555555555554
 20
104.22255369150997
 10
218.94444444444446
 20
104.2963823511306
 10
220.33333333333331
 20
104.36534416066544
 10
221.72222222222223
 20
104.42890131181157
 10
223.11111111111111
 20
104.48651599626602
 10
224.5
 20
104.53765040572587
 10
225.88888888888889
 20
104.58176673188818
 10
227.27777777777777
 20
104.61832716645002
 10
228.66666666666666
 20
104.64679390110844
 10
230.05555555555554
 20
104.67042651692626
 10
231.44444444444446
 20
104.69258131720588
 10
232.83333333333331
 20
104.7128655770038
 10
234.22222222222223
 20
104.7308865713765
 10
235.6111111111111
 20
104.74625157538048
 10
237.0
 20
104.75856786407222
 10
238.38888888888889
 20
104.7674427125082
 10
239.77777777777777
 20
104.77248339574493
 10
241.16666666666666
 20
104.77534319060777
 10
242.55555555555554
 20
104.77791750116555
 10
243.94444444444446
 20
104.78017679333982
 10
245.33333333333331
 20
104.78209153305218
 10
246.72222222222223
 20
104.78363218622422
 10
248.1111111111111
 20
104.78476921877754
 10
249.5
 20
104.7854730966337
 10
250.88888888888889
 20
104.78571428571429
 10
252.27777777777777
 20
104.78571428571429
 10
253.66666666666666
 20
104.78571428571429
 10
255.05555555555554
 20
104.78571428571429
 10
256.44444444444446
 20
104.78571428571429
 10
257.8333333333333
 20
104.78571428571429
 10
259.22222222222223
 20
104.78571428571429
 10
260.6111111111111
 20
104.78571428571429
 10
262.0
 20
104.78571428571429
 10
263.3888888888889
 20
104.78571428571429
 10
264.77777777777777
 20
104.78571428571429
 10
266.16666666666663
 20
104.78571428571429
 10
267.55555555555554
 20
104.78571428571429
 10
268.94444444444446
 20
104.78571428571429
 10
270.3333333333333
 20
104.78571428571429
 10
271.72222222222223
 20
104.78571428571429
 10
273.1111111111111
 20
104.78571428571429
 10
274.5
 20
104.78571428571429
 10
275.8888888888889
 20
104.78571428571429
 10
277.27777777777777
 20
104.78571428571429
 10
278.66666666666663
 20
104.78571428571429
 10
280.05555555555554
 20
104.78571428571429
 10
281.44444444444446
 20
104.78571428571429
 10
282.8333333333333
 20
104.78571428571429
 10
284.22222222222223
 20
104.78571428571429
 10
285.6111111111111
 20
104.78571428571429
 10
287.0
 20
104.78571428571429
 10
288.3888888888889
 20
104.78571428571429
 10
289.77777777777777
 20
104.78571428571429
 10
291.16666666666663
 20
104.78571428571429
 10
292.55555555555554
 20
104.78571428571429
 10
293.94444444444446
 20
104.78571428571429
 10
295.3333333333333
 20
104.78571428571429
 10
296.72222222222223
 20
104.78571428571429
 10
298.1111111111111
 20
104.78571428571429
 10
299.5
 20
104.78571428571429
 10
300.8888888888889
 20
104.78571428571429
 10
302.27777777777777
 20
104.78571428571429
 10
303.66666666666663
 20
104.78571428571429
 10
305.05555555555554
 20
104.78571428571429
 10
306.44444444444446
 20
104.78571428571429
 10
307.8333333333333
 20
104.78571428571429
 10
309.2222222222222
 20
104.78571428571429
 10
310.6111111111111
 20
104.78571428571429
 10
312.0
 20
104.78571428571429
 10
313.3888888888889
 20
104.78571428571429
 10
314.77777777777777
 20
104.78571428571429
 10
316.16666666666663
 20
104.78571428571429
 10
317.55555555555554
 20
104.78571428571429
 10
318.94444444444446
 20
104.78518472122916
 10
320.3333333333333
 20
104.78369863962294
 10
321.7222222222222
 20
104.78140995866931
 10
323.1111111111111
 20
104.77847259614205
 10
324.5
 20
104.77504046981483
 10
325.8888888888889
 20
104.77126749746138
 10
327.27777777777777
 20
104.76730759685543
 10
328.66666666666663
 20
104.76331468577071
 10
330.05555555555554
 20
104.75909869871124
 10
331.44444444444446
 20
104.75431487696547
 10
332.8333333333333
 20
104.74888509848374
 10
334.2222222222222
 20
104.74273124121636
 10
335.6111111111111
 20
104.73577518311366
 10
337.0
 20
104.72793880212598
 10
338.3888888888889
 20
104.71914397620363
 10
339.77777777777777
 20
104.70931258329692
 10
341.16666666666663
 20
104.69772080451955
 10
342.55555555555554
 20
104.68353193205901
 10
343.94444444444446
 20
104.66649851047637
 10
345.3333333333333
 20
104.64637308433277
 10
346.7222222222222
 20
104.62290819818924
 10
348.1111111111111
 20
104.5958563966069
 10
349.5
 20
104.56497022414683
 10
350.8888888888889
 20
104.53000222537011
 10
352.27777777777777
 20
104.48383218158641
 10
353.66666666666663
 20
104.41966605774316
 10
355.05555555555554
 20
104.33774567385817
 10
356.44444444444446
 20
104.2383128499492
 10
357.8333333333333
 20
104.12160940603407
 10
359.2222222222222
 20
103.98787716213057
 10
360.6111111111111
 20
103.83735793825647
 10
362.0
 20
103.6702935544296
 10
363.3888888888889
 20
103.4532097908619
 10
364.77777777777777
 20
103.15498026046974
 10
366.16666666666663
 20
102.77936853232748
 10
367.55555555555554
 20
102.33013817550952
 10
368.94444444444446
 20
101.81105275909023
 10
370.3333333333333
 20
101.22587585214399
 10
371.7222222222222
 20
100.57837102374518
 10
373.1111111111111
 20
99.87230184296817
 10
374.5
 20
98.99356780066218
 10
375.8888888888889
 20
97.8450756415596
 10
377.27777777777777
 20
96.45609981555967
 10
378.66666666666663
 20
94.85591477256155
 10
380.05555555555554
 20
93.07379496246446
 10
381.44444444444446
 20
91.13901483516761
 10
382.8333333333333
 20
89.0808488405702
 10
384.2222222222222
 20
86.92857142857143
  0
LWPOLYLINE
  5
DA
330
17
100
AcDbEntity
  8
WATERLINES
100
AcDbPolyline
 90
161
 70
0
 10
162.0
 20
86.92857142857143
 10
163.38888888888889
 20
87.5402899335247
 10
164.77777777777777
 20
88.15842476969802
 10
166.16666666666666
 20
88.78288648103859
 10
167.55555555555554
 20
89.41358561149356
 10
168.94444444444446
 20
90.05043270501015
 10
170.33333333333334
 20
90.69333830553552
 10
171.72222222222223
 20
91.34221295701687
 10
173.11111111111111
 20
91.99696720340137
 10
174.5
 20
92.6748148759271
 10
175.88888888888889
 20
93.38335484106499
 10
177.27777777777777
 20
94.10807519561145
 10
178.66666666666666
 20
94.83446403636293
 10
180.05555555555554
 20
95.54800946011585
 10
181.44444444444446
 20
96.23419956366666
 10
182.83333333333334
 20
96.87852244381178
 10
184.22222222222223
 20
97.46646619734763
 10
185.61111111111111
 20
98.01474985455435
 10
187.0
 20
98.54727521350794
 10
188.38888888888889
 20
99.06030452269866
 10
189.77777777777777
 20
99.5501000306167
 10
191.16666666666666
 20
100.01292398575235
 10
192.55555555555554
 20
100.44503863659583
 10
193.94444444444446
 20
100.84270623163738
 10
195.33333333333331
 20
101.20218901936725
 10
196.72222222222223
 20
101.53487626818927
 10
198.11111111111111
 20
101.8531329982936
 10
199.5
 20
102.15468508585013
 10
200.88888888888889
 20
102.43725840702866
 10
202.27777777777777
 20
102.69857883799904
 10
203.66666666666666
 20
102.9363722549311
 10
205.05555555555554
 20
103.14836453399468
 10
206.44444444444446
 20
103.3322815513596
 10
207.83333333333331
 20
103.49709776704191
 10
209.22222222222223
 20
103.65253469078039
 10
210.61111111111111
 20
103.79743877332903
 10
212.0
 20
103.93065646544184
 10
213.38888888888889
 20
104.0510342178728
 10
214.77777777777777
 20
104.1574184813759
 10
216.16666666666666
 20
104.24865570670515
 10
217.55555555555554
 20
104.32359234461454
 10
218.94444444444446
 20
104.38800244069411
 10
220.33333333333331
 20
104.44806367813297
 10
221.72222222222223
 20
104.50322796408364
 10
223.11111111111111
 20
104.55294720569862
 10
224.5
 20
104.59667331013046
 10
225.88888888888889
 20
104.63385818453165
 10
227.27777777777777
 20
104.66395373605474
 10
228.66666666666666
 20
104.68641187185224
 10
230.05555555555554
 20
104.70435660893708
 10
231.44444444444446
 20
104.72107915145828
 10
232.83333333333331
 20
104.73628218727269
 10
234.22222222222223
 20
104.74966840423704
 10
235.6111111111111
 20
104.76094049020814
 10
237.0
 20
104.76980113304275
 10
238.38888888888889
 20
104.77595302059764
 10
239.77777777777777
 20
104.7790988407296
 10
241.16666666666666
 20
104.78056497994794
 10
242.55555555555554
 20
104.78186914667782
 10
243.94444444444446
 20
104.78300101164987
 10
245.33333333333331
 20
104.7839502455947
 10
246.72222222222223
 20
104.78470651924295
 10
248.1111111111111
 20
104.78525950332522
 10
249.5
 20
104.78559886857212
 10
250.88888888888889
 20
104.78571428571429
 10
252.27777777777777
 20
104.78571428571429
 10
253.66666666666666
 20
104.78571428571429
 10
255.05555555555554
 20
104.78571428571429
 10
256.44444444444446
 20
104.78571428571429
 10
257.8333333333333
 20
104.78571428571429
 10
259.22222222222223
 20
104.78571428571429
 10
260.6111111111111
 20
104.78571428571429
 10
262.0
 20
104.78571428571429
 10
263.3888888888889
 20
104.78571428571429
 10
264.77777777777777
 20
104.78571428571429
 10
266.16666666666663
 20
104.78571428571429
 10
267.55555555555554
 20
104.78571428571429
 10
268.94444444444446
 20
104.78571428571429
 10
270.3333333333333
 20
104.78571428571429
 10
271.72222222222223
 20
104.78571428571429
 10
273.1111111111111
 20
104.78571428571429
 10
274.5
 20
104.78571428571429
 10
275.8888888888889
 20
104.78571428571429
 10
277.27777777777777
 20
104.78571428571429
 10
278.66666666666663
 20
104.78571428571429
 10
280.05555555555554
 20
104.78571428571429
 10
281.44444444444446
 20
104.78571428571429
 10
282.8333333333333
 20
104.78571428571429
 10
284.22222222222223
 20
104.78571428571429
 10
285.6111111111111
 20
104.78571428571429
 10
287.0
 20
104.78571428571429
 10
288.3888888888889
 20
104.78571428571429
 10
289.77777777777777
 20
104.78571428571429
 10
291.16666666666663
 20
104.78571428571429
 10
292.55555555555554
 20
104.78571428571429
 10
293.94444444444446
 20
104.78571428571429
 10
295.3333333333333
 20
104.78571428571429
 10
296.72222222222223
 20
104.78571428571429
 10
298.1111111111111
 20
104.78571428571429
 10
299.5
 20
104.78571428571429
 10
300.8888888888889
 20
104.78571428571429
 10
302.27777777777777
 20
104.78571428571429
 10
303.66666666666663
 20
104.78571428571429
 10
305.05555555555554
 20
104.78571428571429
 10
306.44444444444446
 20
104.78571428571429
 10
307.8333333333333
 20
104.78571428571429
 10
309.2222222222222
 20
104.78571428571429
 10
310.6111111111111
 20
104.78571428571429
 10
312.0
 20
104.78571428571429
 10
313.3888888888889
 20
104.78571428571429
 10
314.77777777777777
 20
104.78571428571429
 10
316.16666666666663
 20
104.78571428571429
 10
317.55555555555554
 20
104.78571428571429
 10
318.94444444444446
 20
104.78527032014446
 10
320.3333333333333
 20
104.78402370000163
 10
321.7222222222222
 20
104.78210234013575
 10
323.1111111111111
 20
104.77963415539678
 10
324.5
 20
104.77674706063468
 10
325.8888888888889
 20
104.7735689706994
 10
327.27777777777777
 20
104.7702278004409
 10
328.66666666666663
 20
104.76685146470916
 10
330.05555555555554
 20
104.76327333732814
 10
331.44444444444446
 20
104.75919685382951
 10
332.8333333333333
 20
104.75455502162475
 10
334.2222222222222
 20
104.74928084812538
 10
335.6111111111111
 20
104.74330734074289
 10
337.0
 20
104.73656750688876
 10
338.3888888888889
 20
104.7289943539745
 10
339.77777777777777
 20
104.7205208894116
 10
341.16666666666663
 20
104.71050587768066
 10
342.55555555555554
 20
104.69819911936317
 10
343.94444444444446
 20
104.683370176022
 10
345.3333333333333
 20
104.66578860921999
 10
346.7222222222222
 20
104.64522398052003
 10
348.1111111111111
 20
104.62144585148495
 10
349.5
 20
104.59422378367763
 10
350.8888888888889
 20
104.56332733866093
 10
352.27777777777777
 20
104.52196797980136
 10
353.66666666666663
 20
104.46364172205682
 10
355.05555555555554
 20
104.38854495437731
 10
356.44444444444446
 20
104.29687406571277
 10
357.8333333333333
 20
104.18882544501318
 10
359.2222222222222
 20
104.0645954812285
 10
360.6111111111111
 20
103.9243805633087
 10
362.0
 20
103.76837708020376
 10
363.3888888888889
 20
103.5620372539152
 10
364.77777777777777
 20
103.27336041091984
 10
366.16666666666663
 20
102.9063635968807
 10
367.55555555555554
 20
102.46506385746076
 10
368.94444444444446
 20
101.95347823832302
 10
370.3333333333333
 20
101.37562378513044
 10
371.7222222222222
 20
100.73551754354605
 10
373.1111111111111
 20
100.03717655923282
 10
374.5
 20
99.1613036250824
 10
375.8888888888889
 20
98.0063215355926
 10
377.27777777777777
 20
96.60282733883567
 10
378.66666666666663
 20
94.98141808288379
 10
380.05555555555554
 20
93.1726908158092
 10
381.44444444444446
 20
91.20724258568414
 10
382.8333333333333
 20
89.11567044058081
 10
384.2222222222222
 20
86.92857142857143
  0
LWPOLYLINE
  5
DB
330
17
100
AcDbEntity
  8
WATERLINES
100
AcDbPolyline
 90
161
 70
0
 10
162.0
 20
86.92857142857143
 10
163.38888888888889
 20
87.56346766277875
 10
164.77777777777777
 20
88.20401970284352
 10
166.16666666666666
 20
88.85015942889046
 10
167.55555555555554
 20
89.50181872104426
 10
168.94444444444446
 20
90.15892945942963
 10
170.33333333333334
 20
90.82142352417128
 10
171.72222222222223
 20
91.48923279539389
 10
173.11111111111111
 20
92.16228915322216
 10
174.5
 20
92.85864079031298
 10
175.88888888888889
 20
93.58619132416287
 10
177.27777777777777
 20
94.32965577215603
 10
178.66666666666666
 20
95.07374915167671
 10
180.05555555555554
 20
95.80318648010908
 10
181.44444444444446
 20
96.50268277483738
 10
182.83333333333334
 20
97.15695305324583
 10
184.22222222222223
 20
97.75071233271862
 10
185.61111111111111
 20
98.30201176263851
 10
187.0
 20
98.83649006480765
 10
188.38888888888889
 20
99.35024361523936
 10
189.77777777777777
 20
99.83936878994699
 10
191.16666666666666
 20
100.29996196494386
 10
192.55555555555554
 20
100.7281195162433
 10
193.94444444444446
 20
101.11993781985865
 10
195.33333333333331
 20
101.47151325180323
 10
196.72222222222223
 20
101.79508128737855
 10
198.11111111111111
 20
102.10393899627275
 10
199.5
 20
102.39577514607902
 10
200.88888888888889
 20
102.66827850439063
 10
202.27777777777777
 20
102.9191378388008
 10
203.66666666666666
 20
103.14604191690273
 10
205.05555555555554
 20
103.34667950628969
 10
206.44444444444446
 20
103.51873937455491
 10
207.83333333333331
 20
103.67168406342998
 10
209.22222222222223
 20
103.81570858769454
 10
210.61111111111111
 20
103.94960042451395
 10
212.0
 20
104.07214705105348
 10
213.38888888888889
 20
104.18213594447845
 10
214.77777777777777
 20
104.27835458195418
 10
216.16666666666666
 20
104.35959044064595
 10
217.55555555555554
 20
104.42463099771909
 10
218.94444444444446
 20
104.4795069566784
 10
220.33333333333331
 20
104.53066010585901
 10
221.72222222222223
 20
104.57749454967174
 10
223.11111111111111
 20
104.61941439252743
 10
224.5
 20
104.65582373883687
 10
225.88888888888889
 20
104.68612669301092
 10
227.27777777777777
 20
104.70972735946036
 10
228.66666666666666
 20
104.72602984259603
 10
230.05555555555554
 20
104.73813008384208
 10
231.44444444444446
 20
104.74936714140097
 10
232.83333333333331
 20
104.75950979485111
 10
234.22222222222223
 20
104.7683268237709
 10
235.6111111111111
 20
104.77558700773872
 10
237.0
 20
104.78105912633296
 10
238.38888888888889
 20
104.78451195913202
 10
239.77777777777777
 20
104.78571428571429
 10
241.16666666666666
 20
104.78571428571429
 10
242.55555555555554
 20
104.78571428571429
 10
243.94444444444446
 20
104.78571428571429
 10
245.33333333333331
 20
104.78571428571429
 10
246.72222222222223
 20
104.78571428571429
 10
248.1111111111111
 20
104.78571428571429
 10
249.5
 20
104.78571428571429
 10
250.88888888888889
 20
104.78571428571429
 10
252.27777777777777
 20
104.78571428571429
 10
253.66666666666666
 20
104.78571428571429
 10
255.05555555555554
 20
104.78571428571429
 10
256.44444444444446
 20
104.78571428571429
 10
257.8333333333333
 20
104.78571428571429
 10
259.22222222222223
 20
104.78571428571429
 10
260.6111111111111
 20
104.78571428571429
 10
262.0
 20
104.78571428571429
 10
263.3888888888889
 20
104.78571428571429
 10
264.77777777777777
 20
104.78571428571429
 10
266.16666666666663
 20
104.78571428571429
 10
267.55555555555554
 20
104.78571428571429
 10
268.94444444444446
 20
104.78571428571429
 10
270.3333333333333
 20
104.78571428571429
 10
271.72222222222223
 20
104.78571428571429
 10
273.1111111111111
 20
104.78571428571429
 10
274.5
 20
104.78571428571429
 10
275.8888888888889
 20
104.78571428571429
 10
277.27777777777777
 20
104.78571428571429
 10
278.66666666666663
 20
104.78571428571429
 10
280.05555555555554
 20
104.78571428571429
 10
281.44444444444446
 20
104.78571428571429
 10
282.8333333333333
 20
104.78571428571429
 10
284.22222222222223
 20
104.78571428571429
 10
285.6111111111111
 20
104.78571428571429
 10
287.0
 20
104.78571428571429
 10
288.3888888888889
 20
104.78571428571429
 10
289.77777777777777
 20
104.78571428571429
 10
291.16666666666663
 20
104.78571428571429
 10
292.55555555555554
 20
104.78571428571429
 10
293.94444444444446
 20
104.78571428571429
 10
295.3333333333333
 20
104.78571428571429
 10
296.72222222222223
 20
104.78571428571429
 10
298.1111111111111
 20
104.78571428571429
 10
299.5
 20
104.78571428571429
 10
300.8888888888889
 20
104.78571428571429
 10
302.27777777777777
 20
104.78571428571429
 10
303.66666666666663
 20
104.78571428571429
 10
305.05555555555554
 20
104.78571428571429
 10
306.44444444444446
 20
104.78571428571429
 10
307.8333333333333
 20
104.78571428571429
 10
309.2222222222222
 20
104.78571428571429
 10
310.6111111111111
 20
104.78571428571429
 10
312.0
 20
104.78571428571429
 10
313.3888888888889
 20
104.78571428571429
 10
314.77777777777777
 20
104.78571428571429
 10
316.16666666666663
 20
104.78571428571429
 10
317.55555555555554
 20
104.78571428571429
 10
318.94444444444446
 20
104.7853558444419
 10
320.3333333333333
 20
104.78434850454764
 10
321.7222222222222
 20
104.78279424191588
 10
323.1111111111111
 20
104.780795032431
 10
324.5
 20
104.77845285197736
 10
325.8888888888889
 20
104.77586967643934
 10
327.27777777777777
 20
104.7731474817013
 10
328.66666666666663
 20
104.77038824364763
 10
330.05555555555554
 20
104.76744828054625
 10
331.44444444444446
 20
104.76407885170974
 10
332.8333333333333
 20
104.76022434458943
 10
334.2222222222222
 20
104.75582914663659
 10
335.6111111111111
 20
104.75083764530257
 10
337.0
 20
104.74519422803863
 10
338.3888888888889
 20
104.7388432822961
 10
339.77777777777777
 20
104.7317291955263
 10
341.16666666666663
 20
104.7232889744286
 10
342.55555555555554
 20
104.7128565444661
 10
343.94444444444446
 20
104.70022167123562
 10
345.3333333333333
 20
104.68517412033397
 10
346.7222222222222
 20
104.66750365735794
 10
348.1111111111111
 20
104.64700004790436
 10
349.5
 20
104.62345305757002
 10
350.8888888888889
 20
104.59665245195174
 10
352.27777777777777
 20
104.56010730003283
 10
353.66666666666663
 20
104.50758145526837
 10
355.05555555555554
 20
104.43924685996288
 10
356.44444444444446
 20
104.35527545642087
 10
357.8333333333333
 20
104.25583918694686
 10
359.2222222222222
 20
104.14110999384535
 10
360.6111111111111
 20
104.01125981942087
 10
362.0
 20
103.86646060597793
 10
363.3888888888889
 20
103.67098613662733
 10
364.77777777777777
 20
103.39186911317256
 10
366.16666666666663
 20
103.03341985595722
 10
367.55555555555554
 20
102.59994868532489
 10
368.94444444444446
 20
102.09576592161916
 10
370.3333333333333
 20
101.52518188518363
 10
371.7222222222222
 20
100.89250689636187
 10
373.1111111111111
 20
100.20205127549745
 10
374.5
 20
99.32921759783345
 10
375.8888888888889
 20
98.16782919860152
 10
377.27777777777777
 20
96.74982753812824
 10
378.66666666666663
 20
95.10715407674019
 10
380.05555555555554
 20
93.2717502747639
 10
381.44444444444446
 20
91.27555759252597
 10
382.8333333333333
 20
89.15051749035297
 10
384.2222222222222
 20
86.92857142857143
  0
LWPOLYLINE
  5
DC
330
17
100
AcDbEntity
  8
WATERLINES
100
AcDbPolyline
 90
161
 70
0
 10
162.0
 20
86.92857142857143
 10
163.38888888888889
 20
87.61736109602246
 10
164.77777777777777
 20
88.30701879026746
 10
166.16666666666666
 20
88.99754289582944
 10
167.55555555555554
 20
89.68893179723142
 10
168.94444444444446
 20
90.38118387899645
 10
170.33333333333334
 20
91.07429752564754
 10
171.72222222222223
 20
91.76827112170771
 10
173.11111111111111
 20
92.46310305170002
 10
174.5
 20
93.17563253413118
 10
175.88888888888889
 20
93.91308037716139
 10
177.27777777777777
 20
94.66101734979377
 10
178.66666666666666
 20
95.40501422103146
 10
180.05555555555554
 20
96.13064175987759
 10
181.44444444444446
 20
96.82347073533532
 10
182.83333333333334
 20
97.46907191640776
 10
184.22222222222223
 20
98.05301607209806
 10
185.61111111111111
 20
98.59329093522216
 10
187.0
 20
99.11515475344167
 10
188.38888888888889
 20
99.6150840680283
 10
189.77777777777777
 20
100.08955542025373
 10
191.16666666666666
 20
100.53504535138961
 10
192.55555555555554
 20
100.94803040270767
 10
193.94444444444446
 20
101.32498711547956
 10
195.33333333333331
 20
101.66239203097697
 10
196.72222222222223
 20
101.97228238355768
 10
198.11111111111111
 20
102.26759787485665
 10
199.5
 20
102.54616874706126
 10
200.88888888888889
 20
102.8058252423589
 10
202.27777777777777
 20
103.04439760293701
 10
203.66666666666666
 20
103.25971607098296
 10
205.05555555555554
 20
103.44961088868416
 10
206.44444444444446
 20
103.61191229822803
 10
207.83333333333331
 20
103.75583281830464
 10
209.22222222222223
 20
103.89125657271265
 10
210.61111111111111
 20
104.01702121130242
 10
212.0
 20
104.13196438392428
 10
213.38888888888889
 20
104.2349237404286
 10
214.77777777777777
 20
104.3247369306657
 10
216.16666666666666
 20
104.40024160448588
 10
217.55555555555554
 20
104.46027541173956
 10
218.94444444444446
 20
104.51066677086014
 10
220.33333333333331
 20
104.55763419153003
 10
221.72222222222223
 20
104.60060046047296
 10
223.11111111111111
 20
104.63898836441268
 10
224.5
 20
104.67222069007292
 10
225.88888888888889
 20
104.69972022417744
 10
227.27777777777777
 20
104.72090975344996
 10
228.66666666666666
 20
104.73521206461423
 10
230.05555555555554
 20
104.74554846609199
 10
231.44444444444446
 20
104.75510262155643
 10
232.83333333333331
 20
104.76369085060846
 10
234.22222222222223
 20
104.77112947284898
 10
235.6111111111111
 20
104.77723480787893
 10
237.0
 20
104.78182317529917
 10
238.38888888888889
 20
104.78471089471066
 10
239.77777777777777
 20
104.78571428571429
 10
241.16666666666666
 20
104.78571428571429
 10
242.55555555555554
 20
104.78571428571429
 10
243.94444444444446
 20
104.78571428571429
 10
245.33333333333331
 20
104.78571428571429
 10
246.72222222222223
 20
104.78571428571429
 10
248.1111111111111
 20
104.78571428571429
 10
249.5
 20
104.78571428571429
 10
250.88888888888889
 20
104.78571428571429
 10
252.27777777777777
 20
104.78571428571429
 10
253.66666666666666
 20
104.78571428571429
 10
255.05555555555554
 20
104.78571428571429
 10
256.44444444444446
 20
104.78571428571429
 10
257.8333333333333
 20
104.78571428571429
 10
259.22222222222223
 20
104.78571428571429
 10
260.6111111111111
 20
104.78571428571429
 10
262.0
 20
104.78571428571429
 10
263.3888888888889
 20
104.78571428571429
 10
264.77777777777777
 20
104.78571428571429
 10
266.16666666666663
 20
104.78571428571429
 10
267.55555555555554
 20
104.78571428571429
 10
268.94444444444446
 20
104.78571428571429
 10
270.3333333333333
 20
104.78571428571429
 10
271.72222222222223
 20
104.78571428571429
 10
273.1111111111111
 20
104.78571428571429
 10
274.5
 20
104.78571428571429
 10
275.8888888888889
 20
104.78571428571429
 10
277.27777777777777
 20
104.78571428571429
 10
278.66666666666663
 20
104.78571428571429
 10
280.05555555555554
 20
104.78571428571429
 10
281.44444444444446
 20
104.78571428571429
 10
282.8333333333333
 20
104.78571428571429
 10
284.22222222222223
 20
104.78571428571429
 10
285.6111111111111
 20
104.78571428571429
 10
287.0
 20
104.78571428571429
 10
288.3888888888889
 20
104.78571428571429
 10
289.77777777777777
 20
104.78571428571429
 10
291.16666666666663
 20
104.78571428571429
 10
292.55555555555554
 20
104.78571428571429
 10
293.94444444444446
 20
104.78571428571429
 10
295.3333333333333
 20
104.78571428571429
 10
296.72222222222223
 20
104.78571428571429
 10
298.1111111111111
 20
104.78571428571429
 10
299.5
 20
104.78571428571429
 10
300.8888888888889
 20
104.78571428571429
 10
302.27777777777777
 20
104.78571428571429
 10
303.66666666666663
 20
104.78571428571429
 10
305.05555555555554
 20
104.78571428571429
 10
306.44444444444446
 20
104.78571428571429
 10
307.8333333333333
 20
104.78571428571429
 10
309.2222222222222
 20
104.78571428571429
 10
310.6111111111111
 20
104.78571428571429
 10
312.0
 20
104.78571428571429
 10
313.3888888888889
 20
104.78571428571429
 10
314.77777777777777
 20
104.78571428571429
 10
316.16666666666663
 20
104.78571428571429
 10
317.55555555555554
 20
104.78571428571429
 10
318.94444444444446
 20
104.78541453237348
 10
320.3333333333333
 20
104.78457077256864
 10
321.7222222222222
 20
104.78326625662618
 10
323.1111111111111
 20
104.78158423487248
 10
324.5
 20
104.77960795763394
 10
325.8888888888889
 20
104.77742067523697
 10
327.27777777777777
 20
104.77510563800794
 10
328.66666666666663
 20
104.77274609627327
 10
330.05555555555554
 20
104.77020222049316
 10
331.44444444444446
 20
104.76724835681773
 10
332.8333333333333
 20
104.76383901910815
 10
334.2222222222222
 20
104.75992872122555
 10
335.6111111111111
 20
104.75547197703115
 10
337.0
 20
104.7504233003861
 10
338.3888888888889
 20
104.74473720515157
 10
339.77777777777777
 20
104.73836820518875
 10
341.16666666666663
 20
104.73077688506358
 10
342.55555555555554
 20
104.72132461361251
 10
343.94444444444446
 20
104.70981708110237
 10
345.3333333333333
 20
104.69605997780005
 10
346.7222222222222
 20
104.67985899397235
 10
348.1111111111111
 20
104.66101981988615
 10
349.5
 20
104.6393481458083
 10
350.8888888888889
 20
104.61464966200563
 10
352.27777777777777
 20
104.58053737363848
 10
353.66666666666663
 20
104.53087008012342
 10
355.05555555555554
 20
104.46582216311171
 10
356.44444444444446
 20
104.3855680042546
 10
357.8333333333333
 20
104.29028198520334
 10
359.2222222222222
 20
104.18013848760917
 10
360.6111111111111
 20
104.05531189312337
 10
362.0
 20
103.91597658339718
 10
363.3888888888889
 20
103.72562509557476
 10
364.77777777777777
 20
103.4506529310604
 10
366.16666666666663
 20
103.09558891789564
 10
367.55555555555554
 20
102.66496188412201
 10
368.94444444444446
 20
102.16330065778098
 10
370.3333333333333
 20
101.5951340669141
 10
371.7222222222222
 20
100.96499093956287
 10
373.1111111111111
 20
100.2774001037688
 10
374.5
 20
99.4054271759066
 10
375.8888888888889
 20
98.24080028750089
 10
377.27777777777777
 20
96.81604203931806
 10
378.66666666666663
 20
95.16367503212453
 10
380.05555555555554
 20
93.3162218666867
 10
381.44444444444446
 20
91.30620514377098
 10
382.8333333333333
 20
89.16614746414375
 10
384.2222222222222
 20
86.92857142857143
  0
LWPOLYLINE
  5
DD
330
17
100
AcDbEntity
  8
WATERLINES
100
AcDbPolyline
 90
161
 70
0
 10
162.0
 20
86.92857142857143
 10
163.38888888888889
 20
87.6713658330842
 10
164.77777777777777
 20
88.41039949078173
 10
166.16666666666666
 20
89.14564188731278
 10
167.55555555555554
 20
89.87706250832613
 10
168.94444444444446
 20
90.60463083947054
 10
170.33333333333334
 20
91.32831636639479
 10
171.72222222222223
 20
92.04808857474765
 10
173.11111111111111
 20
92.76391695017787
 10
174.5
 20
93.4918728798987
 10
175.88888888888889
 20
94.2389196606331
 10
177.27777777777777
 20
94.99136464229454
 10
178.66666666666666
 20
95.73551517479643
 10
180.05555555555554
 20
96.45767860805225
 10
181.44444444444446
 20
97.1441622919754
 10
182.83333333333334
 20
97.78127357647934
 10
184.22222222222223
 20
98.3553198114775
 10
185.61111111111111
 20
98.88438185470598
 10
187.0
 20
99.39355428185299
 10
188.38888888888889
 20
99.87966501976007
 10
189.77777777777777
 20
100.33954199526876
 10
191.16666666666666
 20
100.77001313522062
 10
192.55555555555554
 20
101.1679063664572
 10
193.94444444444446
 20
101.53004961582005
 10
195.33333333333331
 20
101.8532708101507
 10
196.72222222222223
 20
102.14944469108099
 10
198.11111111111111
 20
102.43120395980252
 10
199.5
 20
102.6965134824966
 10
200.88888888888889
 20
102.94333812534454
 10
202.27777777777777
 20
103.16964275452766
 10
203.66666666666666
 20
103.37339223622728
 10
205.05555555555554
 20
103.55255143662467
 10
206.44444444444446
 20
103.70508522190117
 10
207.83333333333331
 20
103.83996826701708
 10
209.22222222222223
 20
103.96678835016833
 10
210.61111111111111
 20
104.08442999238957
 10
212.0
 20
104.19177771471553
 10
213.38888888888889
 20
104.28771603818085
 10
214.77777777777777
 20
104.37112948382025
 10
216.16666666666666
 20
104.4409025726684
 10
217.55555555555554
 20
104.49591982576003
 10
218.94444444444446
 20
104.5418169029472
 10
220.33333333333331
 20
104.58459849189369
 10
221.72222222222223
 20
104.62370265535151
 10
223.11111111111111
 20
104.65856745607272
 10
224.5
 20
104.68863095680936
 10
225.88888888888889
 20
104.71333122031349
 10
227.27777777777777
 20
104.73210630933717
 10
228.66666666666666
 20
104.74439428663243
 10
230.05555555555554
 20
104.75295097943264
 10
231.44444444444446
 20
104.76081478413093
 10
232.83333333333331
 20
104.76784761721896
 10
234.22222222222223
 20
104.77391139518843
 10
235.6111111111111
 20
104.77886803453102
 10
237.0
 20
104.7825794517384
 10
238.38888888888889
 20
104.78490756330226
 10
239.77777777777777
 20
104.78571428571429
 10
241.16666666666666
 20
104.78571428571429
 10
242.55555555555554
 20
104.78571428571429
 10
243.94444444444446
 20
104.78571428571429
 10
245.33333333333331
 20
104.78571428571429
 10
246.72222222222223
 20
104.78571428571429
 10
248.1111111111111
 20
104.78571428571429
 10
249.5
 20
104.78571428571429
 10
250.88888888888889
 20
104.78571428571429
 10
252.27777777777777
 20
104.78571428571429
 10
253.66666666666666
 20
104.78571428571429
 10
255.05555555555554
 20
104.78571428571429
 10
256.44444444444446
 20
104.78571428571429
 10
257.8333333333333
 20
104.78571428571429
 10
259.22222222222223
 20
104.78571428571429
 10
260.6111111111111
 20
104.78571428571429
 10
262.0
 20
104.78571428571429
 10
263.3888888888889
 20
104.78571428571429
 10
264.77777777777777
 20
104.78571428571429
 10
266.16666666666663
 20
104.78571428571429
 10
267.55555555555554
 20
104.78571428571429
 10
268.94444444444446
 20
104.78571428571429
 10
270.3333333333333
 20
104.78571428571429
 10
271.72222222222223
 20
104.78571428571429
 10
273.1111111111111
 20
104.78571428571429
 10
274.5
 20
104.78571428571429
 10
275.8888888888889
 20
104.78571428571429
 10
277.27777777777777
 20
104.78571428571429
 10
278.66666666666663
 20
104.78571428571429
 10
280.05555555555554
 20
104.78571428571429
 10
281.44444444444446
 20
104.78571428571429
 10
282.8333333333333
 20
104.78571428571429
 10
284.22222222222223
 20
104.78571428571429
 10
285.6111111111111
 20
104.78571428571429
 10
287.0
 20
104.78571428571429
 10
288.3888888888889
 20
104.78571428571429
 10
289.77777777777777
 20
104.78571428571429
 10
291.16666666666663
 20
104.78571428571429
 10
292.55555555555554
 20
104.78571428571429
 10
293.94444444444446
 20
104.78571428571429
 10
295.3333333333333
 20
104.78571428571429
 10
296.72222222222223
 20
104.78571428571429
 10
298.1111111111111
 20
104.78571428571429
 10
299.5
 20
104.78571428571429
 10
300.8888888888889
 20
104.78571428571429
 10
302.27777777777777
 20
104.78571428571429
 10
303.66666666666663
 20
104.78571428571429
 10
305.05555555555554
 20
104.78571428571429
 10
306.44444444444446
 20
104.78571428571429
 10
307.8333333333333
 20
104.78571428571429
 10
309.2222222222222
 20
104.78571428571429
 10
310.6111111111111
 20
104.78571428571429
 10
312.0
 20
104.78571428571429
 10
313.3888888888889
 20
104.78571428571429
 10
314.77777777777777
 20
104.78571428571429
 10
316.16666666666663
 20
104.78571428571429
 10
317.55555555555554
 20
104.78571428571429
 10
318.94444444444446
 20
104.78547287747959
 10
320.3333333333333
 20
104.78479186518805
 10
321.7222222222222
 20
104.78373606745849
 10
323.1111111111111
 20
104.78237030290973
 10
324.5
 20
104.78075939016057
 10
325.8888888888889
 20
104.77896814782983
 10
327.27777777777777
 20
104.77706139453633
 10
328.66666666666663
 20
104.7751039488989
 10
330.05555555555554
 20
104.7729582894528
 10
331.44444444444446
 20
104.77042045979157
 10
332.8333333333333
 20
104.76745562612132
 10
334.2222222222222
 20
104.76402895464827
 10
335.6111111111111
 20
104.76010561157855
 10
337.0
 20
104.75565076311837
 10
338.3888888888889
 20
104.75062957547385
 10
339.77777777777777
 20
104.74500721485119
 10
341.16666666666663
 20
104.7382650849213
 10
342.55555555555554
 20
104.72978996102398
 10
343.94444444444446
 20
104.71940506686884
 10
345.3333333333333
 20
104.70693362616538
 10
346.7222222222222
 20
104.69219886262319
 10
348.1111111111111
 20
104.67502399995178
 10
349.5
 20
104.6552322618607
 10
350.8888888888889
 20
104.63264687205952
 10
352.27777777777777
 20
104.60097243000953
 10
353.66666666666663
 20
104.55415376173872
 10
355.05555555555554
 20
104.49237443080673
 10
356.44444444444446
 20
104.41581800077321
 10
357.8333333333333
 20
104.32466803519779
 10
359.2222222222222
 20
104.2191080976401
 10
360.6111111111111
 20
104.09932175165977
 10
362.0
 20
103.96549256081643
 10
363.3888888888889
 20
103.78030360124852
 10
364.77777777777777
 20
103.50948648374481
 10
366.16666666666663
 20
103.15779757384047
 10
367.55555555555554
 20
102.72999323707066
 10
368.94444444444446
 20
102.23082983897055
 10
370.3333333333333
 20
101.66506374507532
 10
371.7222222222222
 20
101.03745132092013
 10
373.1111111111111
 20
100.35274893204014
 10
374.5
 20
99.48166667600948
 10
375.8888888888889
 20
98.31381534346436
 10
377.27777777777777
 20
96.882302339533
 10
378.66666666666663
 20
95.22023506934366
 10
380.05555555555554
 20
93.36072093802457
 10
381.44444444444446
 20
91.33686735070401
 10
382.8333333333333
 20
89.18178171251022
 10
384.2222222222222
 20
86.92857142857143
  0
LWPOLYLINE
  5
DE
330
17
100
AcDbEntity
  8
WATERLINES
100
AcDbPolyline
 90
161
 70
0
 10
162.0
 20
86.92857142857143
 10
163.38888888888889
 20
87.72547326775432
 10
164.77777777777777
 20
88.51413229738192
 10
166.16666666666666
 20
89.29440107770724
 10
167.55555555555554
 20
90.0661321689833
 10
168.94444444444446
 20
90.82917813146317
 10
170.33333333333334
 20
91.58339152539983
 10
171.72222222222223
 20
92.32862491104633
 10
173.11111111111111
 20
93.06473084865573
 10
174.5
 20
93.8074230895302
 10
175.88888888888889
 20
94.56380118741085
 10
177.27777777777777
 20
95.32079640620896
 10
178.66666666666666
 20
96.06534000983584
 10
180.05555555555554
 20
96.78436326220276
 10
181.44444444444446
 20
97.46479742722106
 10
182.83333333333334
 20
98.09357376880202
 10
184.22222222222223
 20
98.65762355085693
 10
185.61111111111111
 20
99.17527810563611
 10
187.0
 20
99.6716806214784
 10
188.38888888888889
 20
100.14398014642784
 10
189.77777777777777
 20
100.5893257285285
 10
191.16666666666666
 20
101.00486641582442
 10
192.55555555555554
 20
101.38775125635969
 10
193.94444444444446
 20
101.73512929817835
 10
195.33333333333331
 20
102.04414958932445
 10
196.72222222222223
 20
102.32656361574891
 10
198.11111111111111
 20
102.59475128715235
 10
199.5
 20
102.84680428720338
 10
200.88888888888889
 20
103.08081429957062
 10
202.27777777777777
 20
103.29487300792272
 10
203.66666666666666
 20
103.48707209592828
 10
205.05555555555554
 20
103.65550324725594
 10
206.44444444444446
 20
103.79825814557431
 10
207.83333333333331
 20
103.92408804898129
 10
209.22222222222223
 20
104.04230133354162
 10
210.61111111111111
 20
104.15182535987417
 10
212.0
 20
104.25158748859779
 10
213.38888888888889
 20
104.34051508033137
 10
214.77777777777777
 20
104.41753549569376
 10
216.16666666666666
 20
104.48157609530385
 10
217.55555555555554
 20
104.53156423978048
 10
218.94444444444446
 20
104.5729551551145
 10
220.33333333333331
 20
104.61155164622345
 10
221.72222222222223
 20
104.64680244211624
 10
223.11111111111111
 20
104.67815627180181
 10
224.5
 20
104.7050618642891
 10
225.88888888888889
 20
104.72696794858705
 10
227.27777777777777
 20
104.74332325370457
 10
228.66666666666666
 20
104.75357650865061
 10
230.05555555555554
 20
104.76033094704476
 10
231.44444444444446
 20
104.766493818288
 10
232.83333333333331
 20
104.77196987506132
 10
234.22222222222223
 20
104.77666387004572
 10
235.6111111111111
 20
104.78048055592222
 10
237.0
 20
104.78332468537181
 10
238.38888888888889
 20
104.78510101107551
 10
239.77777777777777
 20
104.78571428571429
 10
241.16666666666666
 20
104.78571428571429
 10
242.55555555555554
 20
104.78571428571429
 10
243.94444444444446
 20
104.78571428571429
 10
245.33333333333331
 20
104.78571428571429
 10
246.72222222222223
 20
104.78571428571429
 10
248.1111111111111
 20
104.78571428571429
 10
249.5
 20
104.78571428571429
 10
250.88888888888889
 20
104.78571428571429
 10
252.27777777777777
 20
104.78571428571429
 10
253.66666666666666
 20
104.78571428571429
 10
255.05555555555554
 20
104.78571428571429
 10
256.44444444444446
 20
104.78571428571429
 10
257.8333333333333
 20
104.78571428571429
 10
259.22222222222223
 20
104.78571428571429
 10
260.6111111111111
 20
104.78571428571429
 10
262.0
 20
104.78571428571429
 10
263.3888888888889
 20
104.78571428571429
 10
264.77777777777777
 20
104.78571428571429
 10
266.16666666666663
 20
104.78571428571429
 10
267.55555555555554
 20
104.78571428571429
 10
268.94444444444446
 20
104.78571428571429
 10
270.3333333333333
 20
104.78571428571429
 10
271.72222222222223
 20
104.78571428571429
 10
273.1111111111111
 20
104.78571428571429
 10
274.5
 20
104.78571428571429
 10
275.8888888888889
 20
104.78571428571429
 10
277.27777777777777
 20
104.78571428571429
 10
278.66666666666663
 20
104.78571428571429
 10
280.05555555555554
 20
104.78571428571429
 10
281.44444444444446
 20
104.78571428571429
 10
282.8333333333333
 20
104.78571428571429
 10
284.22222222222223
 20
104.78571428571429
 10
285.6111111111111
 20
104.78571428571429
 10
287.0
 20
104.78571428571429
 10
288.3888888888889
 20
104.78571428571429
 10
289.77777777777777
 20
104.78571428571429
 10
291.16666666666663
 20
104.78571428571429
 10
292.55555555555554
 20
104.78571428571429
 10
293.94444444444446
 20
104.78571428571429
 10
295.3333333333333
 20
104.78571428571429
 10
296.72222222222223
 20
104.78571428571429
 10
298.1111111111111
 20
104.78571428571429
 10
299.5
 20
104.78571428571429
 10
300.8888888888889
 20
104.78571428571429
 10
302.27777777777777
 20
104.78571428571429
 10
303.66666666666663
 20
104.78571428571429
 10
305.05555555555554
 20
104.78571428571429
 10
306.44444444444446
 20
104.78571428571429
 10
307.8333333333333
 20
104.78571428571429
 10
309.2222222222222
 20
104.78571428571429
 10
310.6111111111111
 20
104.78571428571429
 10
312.0
 20
104.78571428571429
 10
313.3888888888889
 20
104.78571428571429
 10
314.77777777777777
 20
104.78571428571429
 10
316.16666666666663
 20
104.78571428571429
 10
317.55555555555554
 20
104.78571428571429
 10
318.94444444444446
 20
104.78553067933602
 10
320.3333333333333
 20
104.78501109523712
 10
321.7222222222222
 20
104.78420238597141
 10
323.1111111111111
 20
104.7831514040927
 10
324.5
 20
104.78190500215484
 10
325.8888888888889
 20
104.78051003271165
 10
327.27777777777777
 20
104.77901334831694
 10
328.66666666666663
 20
104.77746180152455
 10
330.05555555555554
 20
104.77571779022105
 10
331.44444444444446
 20
104.77359687868491
 10
332.8333333333333
 20
104.77107566905777
 10
334.2222222222222
 20
104.76813076348122
 10
335.6111111111111
 20
104.7647387640969
 10
337.0
 20
104.76087627304645
 10
338.3888888888889
 20
104.75651989247149
 10
339.77777777777777
 20
104.75164622451365
 10
341.16666666666663
 20
104.74575399475565
 10
342.55555555555554
 20
104.73825265547508
 10
343.94444444444446
 20
104.72898489885578
 10
345.3333333333333
 20
104.71779341708162
 10
346.7222222222222
 20
104.70452090233644
 10
348.1111111111111
 20
104.68901004680411
 10
349.5
 20
104.67110354266849
 10
350.8888888888889
 20
104.65064408211342
 10
352.27777777777777
 20
104.62141417729643
 10
353.66666666666663
 20
104.57743451029722
 10
355.05555555555554
 20
104.51890502818296
 10
356.44444444444446
 20
104.44602567802077
 10
357.8333333333333
 20
104.35899640687781
 10
359.2222222222222
 20
104.25801716182121
 10
360.6111111111111
 20
104.14328788991811
 10
362.0
 20
104.01500853823568
 10
363.3888888888889
 20
103.83502347638512
 10
364.77777777777777
 20
103.56837252234115
 10
366.16666666666663
 20
103.2200487957162
 10
367.55555555555554
 20
102.79504541612269
 10
368.94444444444446
 20
102.29835550317304
 10
370.3333333333333
 20
101.73497217647967
 10
371.7222222222222
 20
101.10988855565502
 10
373.1111111111111
 20
100.42809776031149
 10
374.5
 20
99.55793583800272
 10
375.8888888888889
 20
98.38687398424628
 10
377.27777777777777
 20
96.94860804060049
 10
378.66666666666663
 20
95.27683384862362
 10
380.05555555555554
 20
93.40524724987398
 10
381.44444444444446
 20
91.36754408590987
 10
382.8333333333333
 20
89.19742019828959
 10
384.2222222222222
 20
86.92857142857143
  0
LWPOLYLINE
  5
DF
330
17
100
AcDbEntity
  8
WATERLINES
100
AcDbPolyline
 90
161
 70
0
 10
162.0
 20
86.92857142857143
 10
163.38888888888889
 20
87.77967565879287
 10
164.77777777777777
 20
88.61819066867379
 10
166.16666666666666
 20
89.44377070189859
 10
167.55555555555554
 20
90.25607000215163
 10
168.94444444444446
 20
91.05474281311727
 10
170.33333333333334
 20
91.8394433784799
 10
171.72222222222223
 20
92.60982594192387
 10
173.11111111111111
 20
93.36554474713358
 10
174.5
 20
94.12233842064671
 10
175.88888888888889
 20
94.88780824661815
 10
177.27777777777777
 20
95.64940245515797
 10
178.66666666666666
 20
96.39456927637627
 10
180.05555555555554
 20
97.11075694038317
 10
181.44444444444446
 20
97.78541367728876
 10
182.83333333333334
 20
98.40598771720312
 10
184.22222222222223
 20
98.95992729023637
 10
185.61111111111111
 20
99.46597304016323
 10
187.0
 20
99.94952563945462
 10
188.38888888888889
 20
100.40802336126481
 10
189.77777777777777
 20
100.8389044787481
 10
191.16666666666666
 20
101.23960726505881
 10
192.55555555555554
 20
101.60756999335118
 10
193.94444444444446
 20
101.94023093677956
 10
195.33333333333331
 20
102.2350283684982
 10
196.72222222222223
 20
102.50363382285212
 10
198.11111111111111
 20
102.75823301430982
 10
199.5
 20
102.99703548621078
 10
200.88888888888889
 20
103.21825078189451
 10
202.27777777777777
 20
103.42008844470055
 10
203.66666666666666
 20
103.60075801796837
 10
205.05555555555554
 20
103.7584690450375
 10
206.44444444444446
 20
103.89143106924743
 10
207.83333333333331
 20
104.00818922883664
 10
209.22222222222223
 20
104.11779243186078
 10
210.61111111111111
 20
104.21920587638525
 10
212.0
 20
104.31139476047544
 10
213.38888888888889
 20
104.39332428219672
 10
214.77777777777777
 20
104.46395963961447
 10
216.16666666666666
 20
104.5222660307941
 10
217.55555555555554
 20
104.56720865380095
 10
218.94444444444446
 20
104.6040787367215
 10
220.33333333333331
 20
104.63849264208721
 10
221.72222222222223
 20
104.66990326963091
 10
223.11111111111111
 20
104.69776351908544
 10
224.5
 20
104.72152629018365
 10
225.88888888888889
 20
104.74064448265838
 10
227.27777777777777
 20
104.75457099624249
 10
228.66666666666666
 20
104.7627587306688
 10
230.05555555555554
 20
104.76767733540113
 10
231.44444444444446
 20
104.77212351149784
 10
232.83333333333331
 20
104.77604073608364
 10
234.22222222222223
 20
104.77937248628325
 10
235.6111111111111
 20
104.7820622392214
 10
237.0
 20
104.78405347202282
 10
238.38888888888889
 20
104.78528966181221
 10
239.77777777777777
 20
104.78571428571429
 10
241.16666666666666
 20
104.78571428571429
 10
242.55555555555554
 20
104.78571428571429
 10
243.94444444444446
 20
104.78571428571429
 10
245.33333333333331
 20
104.78571428571429
 10
246.72222222222223
 20
104.78571428571429
 10
248.1111111111111
 20
104.78571428571429
 10
249.5
 20
104.78571428571429
 10
250.88888888888889
 20
104.78571428571429
 10
252.27777777777777
 20
104.78571428571429
 10
253.66666666666666
 20
104.78571428571429
 10
255.05555555555554
 20
104.78571428571429
 10
256.44444444444446
 20
104.78571428571429
 10
257.8333333333333
 20
104.78571428571429
 10
259.22222222222223
 20
104.78571428571429
 10
260.6111111111111
 20
104.78571428571429
 10
262.0
 20
104.78571428571429
 10
263.3888888888889
 20
104.78571428571429
 10
264.77777777777777
 20
104.78571428571429
 10
266.16666666666663
 20
104.78571428571429
 10
267.55555555555554
 20
104.78571428571429
 10
268.94444444444446
 20
104.78571428571429
 10
270.3333333333333
 20
104.78571428571429
 10
271.72222222222223
 20
104.78571428571429
 10
273.1111111111111
 20
104.78571428571429
 10
274.5
 20
104.78571428571429
 10
275.8888888888889
 20
104.78571428571429
 10
277.27777777777777
 20
104.78571428571429
 10
278.66666666666663
 20
104.78571428571429
 10
280.05555555555554
 20
104.78571428571429
 10
281.44444444444446
 20
104.78571428571429
 10
282.8333333333333
 20
104.78571428571429
 10
284.22222222222223
 20
104.78571428571429
 10
285.6111111111111
 20
104.78571428571429
 10
287.0
 20
104.78571428571429
 10
288.3888888888889
 20
104.78571428571429
 10
289.77777777777777
 20
104.78571428571429
 10
291.16666666666663
 20
104.78571428571429
 10
292.55555555555554
 20
104.78571428571429
 10
293.94444444444446
 20
104.78571428571429
 10
295.3333333333333
 20
104.78571428571429
 10
296.72222222222223
 20
104.78571428571429
 10
298.1111111111111
 20
104.78571428571429
 10
299.5
 20
104.78571428571429
 10
300.8888888888889
 20
104.78571428571429
 10
302.27777777777777
 20
104.78571428571429
 10
303.66666666666663
 20
104.78571428571429
 10
305.05555555555554
 20
104.78571428571429
 10
306.44444444444446
 20
104.78571428571429
 10
307.8333333333333
 20
104.78571428571429
 10
309.2222222222222
 20
104.78571428571429
 10
310.6111111111111
 20
104.78571428571429
 10
312.0
 20
104.78571428571429
 10
313.3888888888889
 20
104.78571428571429
 10
314.77777777777777
 20
104.78571428571429
 10
316.16666666666663
 20
104.78571428571429
 10
317.55555555555554
 20
104.78571428571429
 10
318.94444444444446
 20
104.78558754347344
 10
320.3333333333333
 20
104.78522711024955
 10
321.7222222222222
 20
104.78466267629062
 10
323.1111111111111
 20
104.78392393184465
 10
324.5
 20
104.78304056715963
 10
325.8888888888889
 20
104.78204227248355
 10
327.27777777777777
 20
104.7809587380644
 10
328.66666666666663
 20
104.77981965415019
 10
330.05555555555554
 20
104.77848332754422
 10
331.44444444444446
 20
104.77678113419148
 10
332.8333333333333
 20
104.77470236805235
 10
334.2222222222222
 20
104.77223632308728
 10
335.6111111111111
 20
104.76937229325671
 10
337.0
 20
104.76609957252103
 10
338.3888888888889
 20
104.76240745484068
 10
339.77777777777777
 20
104.7582852341761
 10
341.16666666666663
 20
104.75324436054373
 10
342.55555555555554
 20
104.74671310778062
 10
343.94444444444446
 20
104.73855600557803
 10
345.3333333333333
 20
104.72863758362722
 10
346.7222222222222
 20
104.71682237161947
 10
348.1111111111111
 20
104.70297489924607
 10
349.5
 20
104.68695969619824
 10
350.8888888888889
 20
104.66864129216731
 10
352.27777777777777
 20
104.64186479494049
 10
353.66666666666663
 20
104.600715000966
 10
355.05555555555554
 20
104.54541597292669
 10
356.44444444444446
 20
104.47619177350532
 10
357.8333333333333
 20
104.39326646538467
 10
359.2222222222222
 20
104.29686411124753
 10
360.6111111111111
 20
104.18720877377669
 10
362.0
 20
104.06452451565492
 10
363.3888888888889
 20
103.88978664163555
 10
364.77777777777777
 20
103.62731394099765
 10
366.16666666666663
 20
103.28234570321268
 10
367.55555555555554
 20
102.8601212177521
 10
368.94444444444446
 20
102.36587977408735
 10
370.3333333333333
 20
101.80486066168993
 10
371.7222222222222
 20
101.18230317003126
 10
373.1111111111111
 20
100.50344658858282
 10
374.5
 20
99.63423440475367
 10
375.8888888888889
 20
98.45997583201915
 10
377.27777777777777
 20
97.01495874895019
 10
378.66666666666663
 20
95.33347103411775
 10
380.05555555555554
 20
93.44980056609272
 10
381.44444444444446
 20
91.39823522344604
 10
382.8333333333333
 20
89.21306288474864
 10
384.2222222222222
 20
86.92857142857143
  0
LWPOLYLINE
  5
E0
330
17
100
AcDbEntity
  8
WATERLINES
100
AcDbPolyline
 90
161
 70
0
 10
162.0
 20
86.92857142857143
 10
163.38888888888889
 20
87.8339660239254
 10
164.77777777777777
 20
88.72255066543082
 10
166.16666666666666
 20
89.5937058738371
 10
167.55555555555554
 20
90.44681216989368
 10
168.94444444444446
 20
91.28125007434997
 10
170.33333333333334
 20
92.0964001079554
 10
171.72222222222223
 20
92.89164279145942
 10
173.11111111111111
 20
93.66635864561144
 10
174.5
 20
94.4366688717723
 10
175.88888888888889
 20
95.21101650486
 10
177.27777777777777
 20
95.97726481595963
 10
178.66666666666666
 20
96.72327707615632
 10
180.05555555555554
 20
97.43691655653517
 10
181.44444444444446
 20
98.1060465281813
 10
182.83333333333334
 20
98.7185302621798
 10
184.22222222222223
 20
99.2622310296158
 10
185.61111111111111
 20
99.75645978266849
 10
187.0
 20
100.227081157933
 10
188.38888888888889
 20
100.67178895311832
 10
189.77777777777777
 20
101.08827696593345
 10
191.16666666666666
 20
101.47423899408737
 10
192.55555555555554
 20
101.82736883528909
 10
193.94444444444446
 20
102.14536028724763
 10
195.33333333333331
 20
102.42590714767195
 10
196.72222222222223
 20
102.68064908764902
 10
198.11111111111111
 20
102.92164127501414
 10
199.5
 20
103.14720075259886
 10
200.88888888888889
 20
103.35564456323475
 10
202.27777777777777
 20
103.54528974975332
 10
203.66666666666666
 20
103.71445335498612
 10
205.05555555555554
 20
103.86145242176468
 10
206.44444444444446
 20
103.98460399292057
 10
207.83333333333331
 20
104.09226812221695
 10
209.22222222222223
 20
104.19325797510146
 10
210.61111111111111
 20
104.28657026193237
 10
212.0
 20
104.3712016930679
 10
213.38888888888889
 20
104.44614897886633
 10
214.77777777777777
 20
104.51040882968589
 10
216.16666666666666
 20
104.56297795588483
 10
217.55555555555554
 20
104.6028530678214
 10
218.94444444444446
 20
104.63518422273901
 10
220.33333333333331
 20
104.66542194269513
 10
221.72222222222223
 20
104.69301363526918
 10
223.11111111111111
 20
104.71740670804054
 10
224.5
 20
104.73804856858861
 10
225.88888888888889
 20
104.75438662449278
 10
227.27777777777777
 20
104.76586828333244
 10
228.66666666666666
 20
104.771940952687
 10
230.05555555555554
 20
104.77497050808715
 10
231.44444444444446
 20
104.77767501025329
 10
232.83333333333331
 20
104.7800301445493
 10
234.22222222222223
 20
104.78201159633912
 10
235.6111111111111
 20
104.7835950509866
 10
237.0
 20
104.7847561938557
 10
238.38888888888889
 20
104.78547071031029
 10
239.77777777777777
 20
104.78571428571429
 10
241.16666666666666
 20
104.78571428571429
 10
242.55555555555554
 20
104.78571428571429
 10
243.94444444444446
 20
104.78571428571429
 10
245.33333333333331
 20
104.78571428571429
 10
246.72222222222223
 20
104.78571428571429
 10
248.1111111111111
 20
104.78571428571429
 10
249.5
 20
104.78571428571429
 10
250.88888888888889
 20
104.78571428571429
 10
252.27777777777777
 20
104.78571428571429
 10
253.66666666666666
 20
104.78571428571429
 10
255.05555555555554
 20
104.78571428571429
 10
256.44444444444446
 20
104.78571428571429
 10
257.8333333333333
 20
104.78571428571429
 10
259.22222222222223
 20
104.78571428571429
 10
260.6111111111111
 20
104.78571428571429
 10
262.0
 20
104.78571428571429
 10
263.3888888888889
 20
104.78571428571429
 10
264.77777777777777
 20
104.78571428571429
 10
266.16666666666663
 20
104.78571428571429
 10
267.55555555555554
 20
104.78571428571429
 10
268.94444444444446
 20
104.78571428571429
 10
270.3333333333333
 20
104.78571428571429
 10
271.72222222222223
 20
104.78571428571429
 10
273.1111111111111
 20
104.78571428571429
 10
274.5
 20
104.78571428571429
 10
275.8888888888889
 20
104.78571428571429
 10
277.27777777777777
 20
104.78571428571429
 10
278.66666666666663
 20
104.78571428571429
 10
280.05555555555554
 20
104.78571428571429
 10
281.44444444444446
 20
104.78571428571429
 10
282.8333333333333
 20
104.78571428571429
 10
284.22222222222223
 20
104.78571428571429
 10
285.6111111111111
 20
104.78571428571429
 10
287.0
 20
104.78571428571429
 10
288.3888888888889
 20
104.78571428571429
 10
289.77777777777777
 20
104.78571428571429
 10
291.16666666666663
 20
104.78571428571429
 10
292.55555555555554
 20
104.78571428571429
 10
293.94444444444446
 20
104.78571428571429
 10
295.3333333333333
 20
104.78571428571429
 10
296.72222222222223
 20
104.78571428571429
 10
298.1111111111111
 20
104.78571428571429
 10
299.5
 20
104.78571428571429
 10
300.8888888888889
 20
104.78571428571429
 10
302.27777777777777
 20
104.78571428571429
 10
303.66666666666663
 20
104.78571428571429
 10
305.05555555555554
 20
104.78571428571429
 10
306.44444444444446
 20
104.78571428571429
 10
307.8333333333333
 20
104.78571428571429
 10
309.2222222222222
 20
104.78571428571429
 10
310.6111111111111
 20
104.78571428571429
 10
312.0
 20
104.78571428571429
 10
313.3888888888889
 20
104.78571428571429
 10
314.77777777777777
 20
104.78571428571429
 10
316.16666666666663
 20
104.78571428571429
 10
317.55555555555554
 20
104.78571428571429
 10
318.94444444444446
 20
104.78564257154939
 10
320.3333333333333
 20
104.78543683019413
 10
321.7222222222222
 20
104.78511116335761
 10
323.1111111111111
 20
104.78467967274898
 10
324.5
 20
104.78415646007736
 10
325.8888888888889
 20
104.78355562705188
 10
327.27777777777777
 20
104.78289127538166
 10
328.66666666666663
 20
104.78217750677582
 10
330.05555555555554
 20
104.7812609307811
 10
331.44444444444446
 20
104.77998157827359
 10
332.8333333333333
 20
104.77834368295646
 10
334.2222222222222
 20
104.77635147853293
 10
335.6111111111111
 20
104.77400919870618
 10
337.0
 20
104.77132107717941
 10
338.3888888888889
 20
104.76829134765579
 10
339.77777777777777
 20
104.76492424383855
 10
341.16666666666663
 20
104.76073755358627
 10
342.55555555555554
 20
104.75517246701796
 10
343.94444444444446
 20
104.74811832122737
 10
345.3333333333333
 20
104.73946445330824
 10
346.7222222222222
 20
104.72910020035431
 10
348.1111111111111
 20
104.71691489945934
 10
349.5
 20
104.70279788771705
 10
350.8888888888889
 20
104.6866385022212
 10
352.27777777777777
 20
104.66232709255193
 10
353.66666666666663
 20
104.62399880542839
 10
355.05555555555554
 20
104.57191017365284
 10
356.44444444444446
 20
104.50631773002753
 10
357.8333333333333
 20
104.42747800735475
 10
359.2222222222222
 20
104.33564753843676
 10
360.6111111111111
 20
104.23108285607582
 10
362.0
 20
104.11404049307419
 10
363.3888888888889
 20
103.94459512243672
 10
364.77777777777777
 20
103.6863137870042
 10
366.16666666666663
 20
103.34469157433269
 10
367.55555555555554
 20
102.92522357197832
 10
368.94444444444446
 20
102.43340486749719
 10
370.3333333333333
 20
101.87473054844537
 10
371.7222222222222
 20
101.254695702379
 10
373.1111111111111
 20
100.57879541685416
 10
374.5
 20
99.71056212209318
 10
375.8888888888889
 20
98.53312051330991
 10
377.27777777777777
 20
97.08135407554772
 10
378.66666666666663
 20
95.39014629385001
 10
380.05555555555554
 20
93.49438065326015
 10
381.44444444444446
 20
91.4289406388215
 10
382.8333333333333
 20
89.22870973557748
 10
384.2222222222222
 20
86.92857142857143
  0
LWPOLYLINE
  5
E1
330
17
100
AcDbEntity
  8
WATERLINES
100
AcDbPolyline
 90
161
 70
0
 10
162.0
 20
86.92857142857143
 10
163.38888888888889
 20
87.88833804905538
 10
164.77777777777777
 20
88.8271906393219
 10
166.16666666666666
 20
89.74416600290196
 10
167.55555555555554
 20
90.63830094332654
 10
168.94444444444446
 20
91.50863226412659
 10
170.33333333333334
 20
92.35419676883309
 10
171.72222222222223
 20
93.174031260977
 10
173.11111111111111
 20
93.96717254408928
 10
174.5
 20
94.75045982125856
 10
175.88888888888889
 20
95.53349495173184
 10
177.27777777777777
 20
96.30445872327768
 10
178.66666666666666
 20
97.05153192366467
 10
180.05555555555554
 20
97.76289534066134
 10
181.44444444444446
 20
98.42672976203629
 10
182.83333333333334
 20
99.03121597555806
 10
184.22222222222223
 20
99.56453476899523
 10
185.61111111111111
 20
100.04673124015059
 10
187.0
 20
100.50433903646072
 10
188.38888888888889
 20
100.9352717701448
 10
189.77777777777777
 20
101.33744305342198
 10
191.16666666666666
 20
101.70876649851148
 10
192.55555555555554
 20
102.04715571763248
 10
193.94444444444446
 20
102.35052432300415
 10
195.33333333333331
 20
102.61678592684568
 10
196.72222222222223
 20
102.85760211123593
 10
198.11111111111111
 20
103.08496701786785
 10
199.5
 20
103.2972930983818
 10
200.88888888888889
 20
103.4929928044181
 10
202.27777777777777
 20
103.67047858761708
 10
203.66666666666666
 20
103.82816289961913
 10
205.05555555555554
 20
103.96445819206454
 10
206.44444444444446
 20
104.0777769165937
 10
207.83333333333331
 20
104.1763200649363
 10
209.22222222222223
 20
104.2686936864242
 10
210.61111111111111
 20
104.35391781910096
 10
212.0
 20
104.43101250101012
 10
213.38888888888889
 20
104.49899777019525
 10
214.77777777777777
 20
104.55689366469987
 10
216.16666666666666
 20
104.60372022256756
 10
217.55555555555554
 20
104.63849748184187
 10
218.94444444444446
 20
104.66626792898758
 10
220.33333333333331
 20
104.69234495318238
 10
221.72222222222223
 20
104.71615494653918
 10
223.11111111111111
 20
104.7371243011709
 10
224.5
 20
104.75467940919044
 10
225.88888888888889
 20
104.76824666271074
 10
227.27777777777777
 20
104.77725245384468
 10
228.66666666666666
 20
104.78112317470519
 10
230.05555555555554
 20
104.7821718110633
 10
231.44444444444446
 20
104.78309151678197
 10
232.83333333333331
 20
104.78387893611209
 10
234.22222222222223
 20
104.7845307133045
 10
235.6111111111111
 20
104.78504349261007
 10
237.0
 20
104.78541391827966
 10
238.38888888888889
 20
104.78563863456411
 10
239.77777777777777
 20
104.78571428571429
 10
241.16666666666666
 20
104.78571428571429
 10
242.55555555555554
 20
104.78571428571429
 10
243.94444444444446
 20
104.78571428571429
 10
245.33333333333331
 20
104.78571428571429
 10
246.72222222222223
 20
104.78571428571429
 10
248.1111111111111
 20
104.78571428571429
 10
249.5
 20
104.78571428571429
 10
250.88888888888889
 20
104.78571428571429
 10
252.27777777777777
 20
104.78571428571429
 10
253.66666666666666
 20
104.78571428571429
 10
255.05555555555554
 20
104.78571428571429
 10
256.44444444444446
 20
104.78571428571429
 10
257.8333333333333
 20
104.78571428571429
 10
259.22222222222223
 20
104.78571428571429
 10
260.6111111111111
 20
104.78571428571429
 10
262.0
 20
104.78571428571429
 10
263.3888888888889
 20
104.78571428571429
 10
264.77777777777777
 20
104.78571428571429
 10
266.16666666666663
 20
104.78571428571429
 10
267.55555555555554
 20
104.78571428571429
 10
268.94444444444446
 20
104.78571428571429
 10
270.3333333333333
 20
104.78571428571429
 10
271.72222222222223
 20
104.78571428571429
 10
273.1111111111111
 20
104.78571428571429
 10
274.5
 20
104.78571428571429
 10
275.8888888888889
 20
104.78571428571429
 10
277.27777777777777
 20
104.78571428571429
 10
278.66666666666663
 20
104.78571428571429
 10
280.05555555555554
 20
104.78571428571429
 10
281.44444444444446
 20
104.78571428571429
 10
282.8333333333333
 20
104.78571428571429
 10
284.22222222222223
 20
104.78571428571429
 10
285.6111111111111
 20
104.78571428571429
 10
287.0
 20
104.78571428571429
 10
288.3888888888889
 20
104.78571428571429
 10
289.77777777777777
 20
104.78571428571429
 10
291.16666666666663
 20
104.78571428571429
 10
292.55555555555554
 20
104.78571428571429
 10
293.94444444444446
 20
104.78571428571429
 10
295.3333333333333
 20
104.78571428571429
 10
296.72222222222223
 20
104.78571428571429
 10
298.1111111111111
 20
104.78571428571429
 10
299.5
 20
104.78571428571429
 10
300.8888888888889
 20
104.78571428571429
 10
302.27777777777777
 20
104.78571428571429
 10
303.66666666666663
 20
104.78571428571429
 10
305.05555555555554
 20
104.78571428571429
 10
306.44444444444446
 20
104.78571428571429
 10
307.8333333333333
 20
104.78571428571429
 10
309.2222222222222
 20
104.78571428571429
 10
310.6111111111111
 20
104.78571428571429
 10
312.0
 20
104.78571428571429
 10
313.3888888888889
 20
104.78571428571429
 10
314.77777777777777
 20
104.78571428571429
 10
316.16666666666663
 20
104.78571428571429
 10
317.55555555555554
 20
104.78571428571429
 10
318.94444444444446
 20
104.7856931793786
 10
320.3333333333333
 20
104.78563139500699
 10
321.7222222222222
 20
104.78553123455265
 10
323.1111111111111
 20
104.78539499996876
 10
324.5
 20
104.78522499320852
 10
325.8888888888889
 20
104.7850235162251
 10
327.27777777777777
 20
104.78479287097167
 10
328.66666666666663
 20
104.78453535940147
 10
330.05555555555554
 20
104.78406822737638
 10
331.44444444444446
 20
104.7832232076291
 10
332.8333333333333
 20
104.78202433241894
 10
334.2222222222222
 20
104.78049563400522
 10
335.6111111111111
 20
104.77866114464724
 10
337.0
 20
104.77654489660435
 10
338.3888888888889
 20
104.77417092213582
 10
339.77777777777777
 20
104.771563253501
 10
341.16666666666663
 20
104.76823624021117
 10
342.55555555555554
 20
104.76363354090793
 10
343.94444444444446
 20
104.7576731515461
 10
345.3333333333333
 20
104.75027306808042
 10
346.7222222222222
 20
104.74135128646572
 10
348.1111111111111
 20
104.73082580265672
 10
349.5
 20
104.71861461260826
 10
350.8888888888889
 20
104.70463571227509
 10
352.27777777777777
 20
104.68280473634479
 10
353.66666666666663
 20
104.64729072251973
 10
355.05555555555554
 20
104.59839177127697
 10
356.44444444444446
 20
104.5364059830935
 10
357.8333333333333
 20
104.46163145844639
 10
359.2222222222222
 20
104.37436629781266
 10
360.6111111111111
 20
104.27490860166932
 10
362.0
 20
104.16355647049343
 10
363.3888888888889
 20
103.9994510564658
 10
364.77777777777777
 20
103.74537527175765
 10
366.16666666666663
 20
103.40708985683163
 10
367.55555555555554
 20
102.99035555215036
 10
368.94444444444446
 20
102.50093309817649
 10
370.3333333333333
 20
101.94458323537263
 10
371.7222222222222
 20
101.32706670420143
 10
373.1111111111111
 20
100.65414424512551
 10
374.5
 20
99.78691873877304
 10
375.8888888888889
 20
98.6063076589375
 10
377.27777777777777
 20
97.14779363582944
 10
378.66666666666663
 20
95.44685929965945
 10
380.05555555555554
 20
93.5389872806381
 10
381.44444444444446
 20
91.45966020897592
 10
382.8333333333333
 20
89.24436071488351
 10
384.2222222222222
 20
86.92857142857143
  0
LWPOLYLINE
  5
E2
330
17
100
AcDbEntity
  8
WATERLINES
100
AcDbPolyline
 90
161
 70
0
 10
162.0
 20
87.14835164835165
 10
163.38888888888889
 20
88.15236247776502
 10
164.77777777777777
 20
89.13104518857524
 10
166.16666666666666
 20
90.082945027194
 10
167.55555555555554
 20
91.00660724003298
 10
168.94444444444446
 20
91.90057707350383
 10
170.33333333333334
 20
92.76339977401825
 10
171.72222222222223
 20
93.59362058798791
 10
173.11111111111111
 20
94.3897847618245
 10
174.5
 20
95.1687289258127
 10
175.88888888888889
 20
95.94127102562655
 10
177.27777777777777
 20
96.69692828076177
 10
178.66666666666666
 20
97.42521791071408
 10
180.05555555555554
 20
98.11565713497917
 10
181.44444444444446
 20
98.75776317305277
 10
182.83333333333334
 20
99.34105324443058
 10
184.22222222222223
 20
99.85504456860832
 10
185.61111111111111
 20
100.31932106520817
 10
187.0
 20
100.75915427383035
 10
188.38888888888889
 20
101.1725928439377
 10
189.77777777777777
 20
101.55768542499304
 10
191.16666666666666
 20
101.91248066645922
 10
192.55555555555554
 20
102.23502721779906
 10
193.94444444444446
 20
102.52337372847538
 10
195.33333333333331
 20
102.77556884795102
 10
196.72222222222223
 20
103.00308914270795
 10
198.11111111111111
 20
103.21769272495928
 10
199.5
 20
103.41785056276458
 10
200.88888888888889
 20
103.60203362418343
 10
202.27777777777777
 20
103.76871287727539
 10
203.66666666666666
 20
103.91635929010005
 10
205.05555555555554
 20
104.04344383071694
 10
206.44444444444446
 20
104.14843746718564
 10
207.83333333333331
 20
104.23931779531621
 10
209.22222222222223
 20
104.32445484851384
 10
210.61111111111111
 20
104.40290825123088
 10
212.0
 20
104.47373762791969
 10
213.38888888888889
 20
104.53600260303261
 10
214.77777777777777
 20
104.58876280102197
 10
216.16666666666666
 20
104.63107784634013
 10
217.55555555555554
 20
104.66200736343944
 10
218.94444444444446
 20
104.68640479258761
 10
220.33333333333331
 20
104.70937527632813
 10
221.72222222222223
 20
104.7303559925272
 10
223.11111111111111
 20
104.74878411905087
 10
224.5
 20
104.7640968337653
 10
225.88888888888889
 20
104.77573131453659
 10
227.27777777777777
 20
104.78312473923089
 10
228.66666666666666
 20
104.78571428571429
 10
230.05555555555554
 20
104.78571428571429
 10
231.44444444444446
 20
104.78571428571429
 10
232.83333333333331
 20
104.78571428571429
 10
234.22222222222223
 20
104.78571428571429
 10
235.6111111111111
 20
104.78571428571429
 10
237.0
 20
104.78571428571429
 10
238.38888888888889
 20
104.78571428571429
 10
239.77777777777777
 20
104.78571428571429
 10
241.16666666666666
 20
104.78571428571429
 10
242.55555555555554
 20
104.78571428571429
 10
243.94444444444446
 20
104.78571428571429
 10
245.33333333333331
 20
104.78571428571429
 10
246.72222222222223
 20
104.78571428571429
 10
248.1111111111111
 20
104.78571428571429
 10
249.5
 20
104.78571428571429
 10
250.88888888888889
 20
104.78571428571429
 10
252.27777777777777
 20
104.78571428571429
 10
253.66666666666666
 20
104.78571428571429
 10
255.05555555555554
 20
104.78571428571429
 10
256.44444444444446
 20
104.78571428571429
 10
257.8333333333333
 20
104.78571428571429
 10
259.22222222222223
 20
104.78571428571429
 10
260.6111111111111
 20
104.78571428571429
 10
262.0
 20
104.78571428571429
 10
263.3888888888889
 20
104.78571428571429
 10
264.77777777777777
 20
104.78571428571429
 10
266.16666666666663
 20
104.78571428571429
 10
267.55555555555554
 20
104.78571428571429
 10
268.94444444444446
 20
104.78571428571429
 10
270.3333333333333
 20
104.78571428571429
 10
271.72222222222223
 20
104.78571428571429
 10
273.1111111111111
 20
104.78571428571429
 10
274.5
 20
104.78571428571429
 10
275.8888888888889
 20
104.78571428571429
 10
277.27777777777777
 20
104.78571428571429
 10
278.66666666666663
 20
104.78571428571429
 10
280.05555555555554
 20
104.78571428571429
 10
281.44444444444446
 20
104.78571428571429
 10
282.8333333333333
 20
104.78571428571429
 10
284.22222222222223
 20
104.78571428571429
 10
285.6111111111111
 20
104.78571428571429
 10
287.0
 20
104.78571428571429
 10
288.3888888888889
 20
104.78571428571429
 10
289.77777777777777
 20
104.78571428571429
 10
291.16666666666663
 20
104.78571428571429
 10
292.55555555555554
 20
104.78571428571429
 10
293.94444444444446
 20
104.78571428571429
 10
295.3333333333333
 20
104.78571428571429
 10
296.72222222222223
 20
104.78571428571429
 10
298.1111111111111
 20
104.78571428571429
 10
299.5
 20
104.78571428571429
 10
300.8888888888889
 20
104.78571428571429
 10
302.27777777777777
 20
104.78571428571429
 10
303.66666666666663
 20
104.78571428571429
 10
305.05555555555554
 20
104.78571428571429
 10
306.44444444444446
 20
104.78571428571429
 10
307.8333333333333
 20
104.78571428571429
 10
309.2222222222222
 20
104.78571428571429
 10
310.6111111111111
 20
104.78571428571429
 10
312.0
 20
104.78571428571429
 10
313.3888888888889
 20
104.78571428571429
 10
314.77777777777777
 20
104.78571428571429
 10
316.16666666666663
 20
104.78571428571429
 10
317.55555555555554
 20
104.78571428571429
 10
318.94444444444446
 20
104.78571428571429
 10
320.3333333333333
 20
104.78571428571429
 10
321.7222222222222
 20
104.78571428571429
 10
323.1111111111111
 20
104.78571428571429
 10
324.5
 20
104.78571428571429
 10
325.8888888888889
 20
104.78571428571429
 10
327.27777777777777
 20
104.78571428571429
 10
328.66666666666663
 20
104.78571428571429
 10
330.05555555555554
 20
104.78551488604828
 10
331.44444444444446
 20
104.78494011901384
 10
332.8333333333333
 20
104.78402513255634
 10
334.2222222222222
 20
104.78280507462112
 10
335.6111111111111
 20
104.78131509315358
 10
337.0
 20
104.77959033609905
 10
338.3888888888889
 20
104.77766595140292
 10
339.77777777777777
 20
104.77557708701056
 10
341.16666666666663
 20
104.77284900478698
 10
342.55555555555554
 20
104.76894142748955
 10
343.94444444444446
 20
104.76379119440215
 10
345.3333333333333
 20
104.75733514480862
 10
346.7222222222222
 20
104.74951011799283
 10
348.1111111111111
 20
104.74025295323864
 10
349.5
 20
104.7295004898299
 10
350.8888888888889
 20
104.7171895670505
 10
352.27777777777777
 20
104.69728506849948
 10
353.66666666666663
 20
104.66401171048167
 10
355.05555555555554
 20
104.61769608133956
 10
356.44444444444446
 20
104.55866476941563
 10
357.8333333333333
 20
104.48724436305238
 10
359.2222222222222
 20
104.40376145059227
 10
360.6111111111111
 20
104.3085426203778
 10
362.0
 20
104.20191446075148
 10
363.3888888888889
 20
104.04232472987718
 10
364.77777777777777
 20
103.79197315385959
 10
366.16666666666663
 20
103.45681427295243
 10
367.55555555555554
 20
103.04280262740946
 10
368.94444444444446
 20
102.55589275748436
 10
370.3333333333333
 20
102.0020392034309
 10
371.7222222222222
 20
101.38719650550277
 10
373.1111111111111
 20
100.71731920395374
 10
374.5
 20
99.85136743167614
 10
375.8888888888889
 20
98.66834251449131
 10
377.27777777777777
 20
97.20426078204643
 10
378.66666666666663
 20
95.49513856398863
 10
380.05555555555554
 20
93.57699218996508
 10
381.44444444444446
 20
91.48583798962292
 10
382.8333333333333
 20
89.25769229260932
 10
384.2222222222222
 20
86.92857142857143
  0
LWPOLYLINE
  5
E3
330
17
100
AcDbEntity
  8
WATERLINES
100
AcDbPolyline
 90
161
 70
0
 10
162.0
 20
87.58791208791209
 10
163.38888888888889
 20
88.62610714224175
 10
164.77777777777777
 20
89.63434688069054
 10
166.16666666666666
 20
90.61047901077512
 10
167.55555555555554
 20
91.55235124001211
 10
168.94444444444446
 20
92.45781127591816
 10
170.33333333333334
 20
93.3247068260099
 10
171.72222222222223
 20
94.150885597804
 10
173.11111111111111
 20
94.93419529881709
 10
174.5
 20
95.69097671639526
 10
175.88888888888889
 20
96.43356253126466
 10
177.27777777777777
 20
97.15378829101206
 10
178.66666666666666
 20
97.84348954322421
 10
180.05555555555554
 20
98.49450183548784
 10
181.44444444444446
 20
99.0986607153897
 10
182.83333333333334
 20
99.64780173051653
 10
184.22222222222223
 20
100.13376042845509
 10
185.61111111111111
 20
100.57439398522183
 10
187.0
 20
100.99175367851086
 10
188.38888888888889
 20
101.38396620842529
 10
189.77777777777777
 20
101.74915827506825
 10
191.16666666666666
 20
102.08545657854287
 10
192.55555555555554
 20
102.39098781895227
 10
193.94444444444446
 20
102.66387869639959
 10
195.33333333333331
 20
102.90225591098793
 10
196.72222222222223
 20
103.11716117858086
 10
198.11111111111111
 20
103.31988656199616
 10
199.5
 20
103.50893428176846
 10
200.88888888888889
 20
103.68280655843239
 10
202.27777777777777
 20
103.84000561252255
 10
203.66666666666666
 20
103.97903366457352
 10
205.05555555555554
 20
104.09839293511993
 10
206.44444444444446
 20
104.1965856446964
 10
207.83333333333331
 20
104.28128084377083
 10
209.22222222222223
 20
104.36056104715348
 10
210.61111111111111
 20
104.43354867189244
 10
212.0
 20
104.49936613503576
 10
213.38888888888889
 20
104.55713585363151
 10
214.77777777777777
 20
104.60598024472777
 10
216.16666666666666
 20
104.64502172537263
 10
217.55555555555554
 20
104.67338271261414
 10
218.94444444444446
 20
104.69561074788909
 10
220.33333333333331
 20
104.7165037604114
 10
221.72222222222223
 20
104.7355597488949
 10
223.11111111111111
 20
104.75227671205343
 10
224.5
 20
104.7661526486008
 10
225.88888888888889
 20
104.77668555725084
 10
227.27777777777777
 20
104.7833734367174
 10
228.66666666666666
 20
104.78571428571429
 10
230.05555555555554
 20
104.78571428571429
 10
231.44444444444446
 20
104.78571428571429
 10
232.83333333333331
 20
104.78571428571429
 10
234.22222222222223
 20
104.78571428571429
 10
235.6111111111111
 20
104.78571428571429
 10
237.0
 20
104.78571428571429
 10
238.38888888888889
 20
104.78571428571429
 10
239.77777777777777
 20
104.78571428571429
 10
241.16666666666666
 20
104.78571428571429
 10
242.55555555555554
 20
104.78571428571429
 10
243.94444444444446
 20
104.78571428571429
 10
245.33333333333331
 20
104.78571428571429
 10
246.72222222222223
 20
104.78571428571429
 10
248.1111111111111
 20
104.78571428571429
 10
249.5
 20
104.78571428571429
 10
250.88888888888889
 20
104.78571428571429
 10
252.27777777777777
 20
104.78571428571429
 10
253.66666666666666
 20
104.78571428571429
 10
255.05555555555554
 20
104.78571428571429
 10
256.44444444444446
 20
104.78571428571429
 10
257.8333333333333
 20
104.78571428571429
 10
259.22222222222223
 20
104.78571428571429
 10
260.6111111111111
 20
104.78571428571429
 10
262.0
 20
104.78571428571429
 10
263.3888888888889
 20
104.78571428571429
 10
264.77777777777777
 20
104.78571428571429
 10
266.16666666666663
 20
104.78571428571429
 10
267.55555555555554
 20
104.78571428571429
 10
268.94444444444446
 20
104.78571428571429
 10
270.3333333333333
 20
104.78571428571429
 10
271.72222222222223
 20
104.78571428571429
 10
273.1111111111111
 20
104.78571428571429
 10
274.5
 20
104.78571428571429
 10
275.8888888888889
 20
104.78571428571429
 10
277.27777777777777
 20
104.78571428571429
 10
278.66666666666663
 20
104.78571428571429
 10
280.05555555555554
 20
104.78571428571429
 10
281.44444444444446
 20
104.78571428571429
 10
282.8333333333333
 20
104.78571428571429
 10
284.22222222222223
 20
104.78571428571429
 10
285.6111111111111
 20
104.78571428571429
 10
287.0
 20
104.78571428571429
 10
288.3888888888889
 20
104.78571428571429
 10
289.77777777777777
 20
104.78571428571429
 10
291.16666666666663
 20
104.78571428571429
 10
292.55555555555554
 20
104.78571428571429
 10
293.94444444444446
 20
104.78571428571429
 10
295.3333333333333
 20
104.78571428571429
 10
296.72222222222223
 20
104.78571428571429
 10
298.1111111111111
 20
104.78571428571429
 10
299.5
 20
104.78571428571429
 10
300.8888888888889
 20
104.78571428571429
 10
302.27777777777777
 20
104.78571428571429
 10
303.66666666666663
 20
104.78571428571429
 10
305.05555555555554
 20
104.78571428571429
 10
306.44444444444446
 20
104.78571428571429
 10
307.8333333333333
 20
104.78571428571429
 10
309.2222222222222
 20
104.78571428571429
 10
310.6111111111111
 20
104.78571428571429
 10
312.0
 20
104.78571428571429
 10
313.3888888888889
 20
104.78571428571429
 10
314.77777777777777
 20
104.78571428571429
 10
316.16666666666663
 20
104.78571428571429
 10
317.55555555555554
 20
104.78571428571429
 10
318.94444444444446
 20
104.78571428571429
 10
320.3333333333333
 20
104.78571428571429
 10
321.7222222222222
 20
104.78571428571429
 10
323.1111111111111
 20
104.78571428571429
 10
324.5
 20
104.78571428571429
 10
325.8888888888889
 20
104.78571428571429
 10
327.27777777777777
 20
104.78571428571429
 10
328.66666666666663
 20
104.78571428571429
 10
330.05555555555554
 20
104.78554351282767
 10
331.44444444444446
 20
104.78505066669813
 10
332.8333333333333
 20
104.78426495612116
 10
334.2222222222222
 20
104.78321558989227
 10
335.6111111111111
 20
104.78193177680693
 10
337.0
 20
104.78044272566065
 10
338.3888888888889
 20
104.77877764524892
 10
339.77777777777777
 20
104.77696574436723
 10
341.16666666666663
 20
104.77456841961133
 10
342.55555555555554
 20
104.77108947821516
 10
343.94444444444446
 20
104.7664717449315
 10
345.3333333333333
 20
104.7606580445131
 10
346.7222222222222
 20
104.75359120171271
 10
348.1111111111111
 20
104.74521404128313
 10
349.5
 20
104.73546938797712
 10
350.8888888888889
 20
104.72430006654741
 10
352.27777777777777
 20
104.70575642322109
 10
353.66666666666663
 20
104.67415163169397
 10
355.05555555555554
 20
104.62982275792203
 10
356.44444444444446
 20
104.5731068678612
 10
357.8333333333333
 20
104.50434102746746
 10
359.2222222222222
 20
104.42386230269676
 10
360.6111111111111
 20
104.33200775950509
 10
362.0
 20
104.22911446384838
 10
363.3888888888889
 20
104.07319215702186
 10
364.77777777777777
 20
103.82607422449094
 10
366.16666666666663
 20
103.49383319846679
 10
367.55555555555554
 20
103.08254161116058
 10
368.94444444444446
 20
102.5982719947835
 10
370.3333333333333
 20
102.04709688154674
 10
371.7222222222222
 20
101.43508880366146
 10
373.1111111111111
 20
100.76832029333885
 10
374.5
 20
99.90390092848821
 10
375.8888888888889
 20
98.71921439412185
 10
377.27777777777777
 20
97.25074438310543
 10
378.66666666666663
 20
95.53497458830464
 10
380.05555555555554
 20
93.60838870258517
 10
381.44444444444446
 20
91.50747041881269
 10
382.8333333333333
 20
89.26870342985288
 10
384.2222222222222
 20
86.92857142857143
  0
LWPOLYLINE
  5
E4
330
17
100
AcDbEntity
  8
WATERLINES
100
AcDbPolyline
 90
161
 70
0
 10
162.0
 20
88.02747252747253
 10
163.38888888888889
 20
89.1000245143352
 10
164.77777777777777
 20
90.13824071320602
 10
166.16666666666666
 20
91.13912325760654
 10
167.55555555555554
 20
92.09967428105834
 10
168.94444444444446
 20
93.01689591708299
 10
170.33333333333334
 20
93.88779029920204
 10
171.72222222222223
 20
94.70935956093707
 10
173.11111111111111
 20
95.47860583580966
 10
174.5
 20
96.2120158804851
 10
175.88888888888889
 20
96.92407873624275
 10
177.27777777777777
 20
97.60879996352523
 10
178.66666666666666
 20
98.26018512277516
 10
180.05555555555554
 20
98.87223977443517
 10
181.44444444444446
 20
99.43896947894787
 10
182.83333333333334
 20
99.95437979675589
 10
184.22222222222223
 20
100.41247628830185
 10
185.61111111111111
 20
100.82946496662969
 10
187.0
 20
101.22435091870473
 10
188.38888888888889
 20
101.59533831585158
 10
189.77777777777777
 20
101.94063132939488
 10
191.16666666666666
 20
102.25843413065921
 10
192.55555555555554
 20
102.54695089096924
 10
193.94444444444446
 20
102.80438578164959
 10
195.33333333333331
 20
103.02894297402486
 10
196.72222222222223
 20
103.23123178850841
 10
198.11111111111111
 20
103.42208029861652
 10
199.5
 20
103.60002080532824
 10
200.88888888888889
 20
103.7635856096226
 10
202.27777777777777
 20
103.91130701247863
 10
203.66666666666666
 20
104.04171731487537
 10
205.05555555555554
 20
104.15334881779187
 10
206.44444444444446
 20
104.24473382220714
 10
207.83333333333331
 20
104.32323721493904
 10
209.22222222222223
 20
104.39665831619054
 10
210.61111111111111
 20
104.46418107701837
 10
212.0
 20
104.52498944847929
 10
213.38888888888889
 20
104.57826738163006
 10
214.77777777777777
 20
104.6231988275274
 10
216.16666666666666
 20
104.65896773722808
 10
217.55555555555554
 20
104.68475806178884
 10
218.94444444444446
 20
104.70481355216288
 10
220.33333333333331
 20
104.72362761441313
 10
221.72222222222223
 20
104.74075868226103
 10
223.11111111111111
 20
104.75576518942796
 10
224.5
 20
104.76820556963534
 10
225.88888888888889
 20
104.77763825660458
 10
227.27777777777777
 20
104.7836216840571
 10
228.66666666666666
 20
104.78571428571429
 10
230.05555555555554
 20
104.78571428571429
 10
231.44444444444446
 20
104.78571428571429
 10
232.83333333333331
 20
104.78571428571429
 10
234.22222222222223
 20
104.78571428571429
 10
235.6111111111111
 20
104.78571428571429
 10
237.0
 20
104.78571428571429
 10
238.38888888888889
 20
104.78571428571429
 10
239.77777777777777
 20
104.78571428571429
 10
241.16666666666666
 20
104.78571428571429
 10
242.55555555555554
 20
104.78571428571429
 10
243.94444444444446
 20
104.78571428571429
 10
245.33333333333331
 20
104.78571428571429
 10
246.72222222222223
 20
104.78571428571429
 10
248.1111111111111
 20
104.78571428571429
 10
249.5
 20
104.78571428571429
 10
250.88888888888889
 20
104.78571428571429
 10
252.27777777777777
 20
104.78571428571429
 10
253.66666666666666
 20
104.78571428571429
 10
255.05555555555554
 20
104.78571428571429
 10
256.44444444444446
 20
104.78571428571429
 10
257.8333333333333
 20
104.78571428571429
 10
259.22222222222223
 20
104.78571428571429
 10
260.6111111111111
 20
104.78571428571429
 10
262.0
 20
104.78571428571429
 10
263.3888888888889
 20
104.78571428571429
 10
264.77777777777777
 20
104.78571428571429
 10
266.16666666666663
 20
104.78571428571429
 10
267.55555555555554
 20
104.78571428571429
 10
268.94444444444446
 20
104.78571428571429
 10
270.3333333333333
 20
104.78571428571429
 10
271.72222222222223
 20
104.78571428571429
 10
273.1111111111111
 20
104.78571428571429
 10
274.5
 20
104.78571428571429
 10
275.8888888888889
 20
104.78571428571429
 10
277.27777777777777
 20
104.78571428571429
 10
278.66666666666663
 20
104.78571428571429
 10
280.05555555555554
 20
104.78571428571429
 10
281.44444444444446
 20
104.78571428571429
 10
282.8333333333333
 20
104.78571428571429
 10
284.22222222222223
 20
104.78571428571429
 10
285.6111111111111
 20
104.78571428571429
 10
287.0
 20
104.78571428571429
 10
288.3888888888889
 20
104.78571428571429
 10
289.77777777777777
 20
104.78571428571429
 10
291.16666666666663
 20
104.78571428571429
 10
292.55555555555554
 20
104.78571428571429
 10
293.94444444444446
 20
104.78571428571429
 10
295.3333333333333
 20
104.78571428571429
 10
296.72222222222223
 20
104.78571428571429
 10
298.1111111111111
 20
104.78571428571429
 10
299.5
 20
104.78571428571429
 10
300.8888888888889
 20
104.78571428571429
 10
302.27777777777777
 20
104.78571428571429
 10
303.66666666666663
 20
104.78571428571429
 10
305.05555555555554
 20
104.78571428571429
 10
306.44444444444446
 20
104.78571428571429
 10
307.8333333333333
 20
104.78571428571429
 10
309.2222222222222
 20
104.78571428571429
 10
310.6111111111111
 20
104.78571428571429
 10
312.0
 20
104.78571428571429
 10
313.3888888888889
 20
104.78571428571429
 10
314.77777777777777
 20
104.78571428571429
 10
316.16666666666663
 20
104.78571428571429
 10
317.55555555555554
 20
104.78571428571429
 10
318.94444444444446
 20
104.78571428571429
 10
320.3333333333333
 20
104.78571428571429
 10
321.7222222222222
 20
104.78571428571429
 10
323.1111111111111
 20
104.78571428571429
 10
324.5
 20
104.78571428571429
 10
325.8888888888889
 20
104.78571428571429
 10
327.27777777777777
 20
104.78571428571429
 10
328.66666666666663
 20
104.78571428571429
 10
330.05555555555554
 20
104.78557201217056
 10
331.44444444444446
 20
104.78516077745732
 10
332.8333333333333
 20
104.78450396045145
 10
334.2222222222222
 20
104.78362494002982
 10
335.6111111111111
 20
104.78254709506939
 10
337.0
 20
104.78129380444697
 10
338.3888888888889
 20
104.77988844703953
 10
339.77777777777777
 20
104.7783544017239
 10
341.16666666666663
 20
104.77628767590565
 10
342.55555555555554
 20
104.77323523770886
 10
343.94444444444446
 20
104.76914690708827
 10
345.3333333333333
 20
104.76397250399863
 10
346.7222222222222
 20
104.75766184839468
 10
348.1111111111111
 20
104.75016476023114
 10
349.5
 20
104.74143105946278
 10
350.8888888888889
 20
104.73141056604435
 10
352.27777777777777
 20
104.71423218675037
 10
353.66666666666663
 20
104.68429226078949
 10
355.05555555555554
 20
104.64194175676752
 10
356.44444444444446
 20
104.58753164329028
 10
357.8333333333333
 20
104.52141288896361
 10
359.2222222222222
 20
104.44393646239332
 10
360.6111111111111
 20
104.35545333218528
 10
362.0
 20
104.25631446694526
 10
363.3888888888889
 20
104.10407749818413
 10
364.77777777777777
 20
103.86019632205759
 10
366.16666666666663
 20
103.53086630413888
 10
367.55555555555554
 20
103.12228281000115
 10
368.94444444444446
 20
102.64064120521762
 10
370.3333333333333
 20
102.09213685536145
 10
371.7222222222222
 20
101.48296512600582
 10
373.1111111111111
 20
100.81932138272397
 10
374.5
 20
99.95645334640496
 10
375.8888888888889
 20
98.77011407619187
 10
377.27777777777777
 20
97.29725694503891
 10
378.66666666666663
 20
95.57483532590021
 10
380.05555555555554
 20
93.63980259172995
 10
381.44444444444446
 20
91.52911211548228
 10
382.8333333333333
 20
89.27971727011139
 10
384.2222222222222
 20
86.92857142857143
  0
LWPOLYLINE
  5
E5
330
17
100
AcDbEntity
  8
WATERLINES
100
AcDbPolyline
 90
161
 70
0
 10
162.0
 20
88.46703296703296
 10
163.38888888888889
 20
89.57412141146739
 10
164.77777777777777
 20
90.64275006014002
 10
166.16666666666666
 20
91.66892159397273
 10
167.55555555555554
 20
92.64863869388735
 10
168.94444444444446
 20
93.57790404080576
 10
170.33333333333334
 20
94.45272031564981
 10
171.72222222222223
 20
95.26909019934135
 10
173.11111111111111
 20
96.02301637280225
 10
174.5
 20
96.73179875354973
 10
175.88888888888889
 20
97.41274971537996
 10
177.27777777777777
 20
98.06189062363309
 10
178.66666666666666
 20
98.67524284364931
 10
180.05555555555554
 20
99.2488277407688
 10
181.44444444444446
 20
99.77866668033172
 10
182.83333333333334
 20
100.26078102767826
 10
184.22222222222223
 20
100.6911921481486
 10
185.61111111111111
 20
101.08453367453693
 10
187.0
 20
101.45694563369833
 10
188.38888888888889
 20
101.80670898206424
 10
189.77777777777777
 20
102.13210467606609
 10
191.16666666666666
 20
102.43141367213532
 10
192.55555555555554
 20
102.7029169267034
 10
193.94444444444446
 20
102.94489539620173
 10
195.33333333333331
 20
103.15563003706178
 10
196.72222222222223
 20
103.34530073174048
 10
198.11111111111111
 20
103.52427402902822
 10
199.5
 20
103.69111088485667
 10
200.88888888888889
 20
103.8443722551575
 10
202.27777777777777
 20
103.98261909586236
 10
203.66666666666666
 20
104.10441236290295
 10
205.05555555555554
 20
104.2083130122109
 10
206.44444444444446
 20
104.29288199971789
 10
207.83333333333331
 20
104.36518544021962
 10
209.22222222222223
 20
104.43274475616293
 10
210.61111111111111
 20
104.49480386495615
 10
212.0
 20
104.55060668400765
 10
213.38888888888889
 20
104.59939713072578
 10
214.77777777777777
 20
104.6404191225189
 10
216.16666666666666
 20
104.67291657679537
 10
217.55555555555554
 20
104.69613341096354
 10
218.94444444444446
 20
104.71401228187221
 10
220.33333333333331
 20
104.73074548129975
 10
221.72222222222223
 20
104.7459513790489
 10
223.11111111111111
 20
104.75924834492238
 10
224.5
 20
104.77025474872293
 10
225.88888888888889
 20
104.77858896025329
 10
227.27777777777777
 20
104.78386934931616
 10
228.66666666666666
 20
104.78571428571429
 10
230.05555555555554
 20
104.78571428571429
 10
231.44444444444446
 20
104.78571428571429
 10
232.83333333333331
 20
104.78571428571429
 10
234.22222222222223
 20
104.78571428571429
 10
235.6111111111111
 20
104.78571428571429
 10
237.0
 20
104.78571428571429
 10
238.38888888888889
 20
104.78571428571429
 10
239.77777777777777
 20
104.78571428571429
 10
241.16666666666666
 20
104.78571428571429
 10
242.55555555555554
 20
104.78571428571429
 10
243.94444444444446
 20
104.78571428571429
 10
245.33333333333331
 20
104.78571428571429
 10
246.72222222222223
 20
104.78571428571429
 10
248.1111111111111
 20
104.78571428571429
 10
249.5
 20
104.78571428571429
 10
250.88888888888889
 20
104.78571428571429
 10
252.27777777777777
 20
104.78571428571429
 10
253.66666666666666
 20
104.78571428571429
 10
255.05555555555554
 20
104.78571428571429
 10
256.44444444444446
 20
104.78571428571429
 10
257.8333333333333
 20
104.78571428571429
 10
259.22222222222223
 20
104.78571428571429
 10
260.6111111111111
 20
104.78571428571429
 10
262.0
 20
104.78571428571429
 10
263.3888888888889
 20
104.78571428571429
 10
264.77777777777777
 20
104.78571428571429
 10
266.16666666666663
 20
104.78571428571429
 10
267.55555555555554
 20
104.78571428571429
 10
268.94444444444446
 20
104.78571428571429
 10
270.3333333333333
 20
104.78571428571429
 10
271.72222222222223
 20
104.78571428571429
 10
273.1111111111111
 20
104.78571428571429
 10
274.5
 20
104.78571428571429
 10
275.8888888888889
 20
104.78571428571429
 10
277.27777777777777
 20
104.78571428571429
 10
278.66666666666663
 20
104.78571428571429
 10
280.05555555555554
 20
104.78571428571429
 10
281.44444444444446
 20
104.78571428571429
 10
282.8333333333333
 20
104.78571428571429
 10
284.22222222222223
 20
104.78571428571429
 10
285.6111111111111
 20
104.78571428571429
 10
287.0
 20
104.78571428571429
 10
288.3888888888889
 20
104.78571428571429
 10
289.77777777777777
 20
104.78571428571429
 10
291.16666666666663
 20
104.78571428571429
 10
292.55555555555554
 20
104.78571428571429
 10
293.94444444444446
 20
104.78571428571429
 10
295.3333333333333
 20
104.78571428571429
 10
296.72222222222223
 20
104.78571428571429
 10
298.1111111111111
 20
104.78571428571429
 10
299.5
 20
104.78571428571429
 10
300.8888888888889
 20
104.78571428571429
 10
302.27777777777777
 20
104.78571428571429
 10
303.66666666666663
 20
104.78571428571429
 10
305.05555555555554
 20
104.78571428571429
 10
306.44444444444446
 20
104.78571428571429
 10
307.8333333333333
 20
104.78571428571429
 10
309.2222222222222
 20
104.78571428571429
 10
310.6111111111111
 20
104.78571428571429
 10
312.0
 20
104.78571428571429
 10
313.3888888888889
 20
104.78571428571429
 10
314.77777777777777
 20
104.78571428571429
 10
316.16666666666663
 20
104.78571428571429
 10
317.55555555555554
 20
104.78571428571429
 10
318.94444444444446
 20
104.78571428571429
 10
320.3333333333333
 20
104.78571428571429
 10
321.7222222222222
 20
104.78571428571429
 10
323.1111111111111
 20
104.78571428571429
 10
324.5
 20
104.78571428571429
 10
325.8888888888889
 20
104.78571428571429
 10
327.27777777777777
 20
104.78571428571429
 10
328.66666666666663
 20
104.78571428571429
 10
330.05555555555554
 20
104.78560032647525
 10
331.44444444444446
 20
104.78527025379977
 10
332.8333333333333
 20
104.78474177525032
 10
334.2222222222222
 20
104.78403259838942
 10
335.6111111111111
 20
104.7831604307795
 10
337.0
 20
104.78214297998308
 10
338.3888888888889
 20
104.7809979535626
 10
339.77777777777777
 20
104.77974305908057
 10
341.16666666666663
 20
104.77800701294335
 10
342.55555555555554
 20
104.77537873637003
 10
343.94444444444446
 20
104.7718162441422
 10
345.3333333333333
 20
104.76727755104147
 10
346.7222222222222
 20
104.76172067184942
 10
348.1111111111111
 20
104.75510362134764
 10
349.5
 20
104.74738441431772
 10
350.8888888888889
 20
104.73852106554126
 10
352.27777777777777
 20
104.72271340640185
 10
353.66666666666663
 20
104.6944349402587
 10
355.05555555555554
 20
104.65405418985682
 10
356.44444444444446
 20
104.60193967794125
 10
357.8333333333333
 20
104.53845992725697
 10
359.2222222222222
 20
104.46398346054902
 10
360.6111111111111
 20
104.3788788005624
 10
362.0
 20
104.28351447004214
 10
363.3888888888889
 20
104.13498146786773
 10
364.77777777777777
 20
103.89434052134217
 10
366.16666666666663
 20
103.56791474584571
 10
367.55555555555554
 20
103.16202725675862
 10
368.94444444444446
 20
102.68300116946114
 10
370.3333333333333
 20
102.13715959933356
 10
371.7222222222222
 20
101.53082566175613
 10
373.1111111111111
 20
100.87032247210908
 10
374.5
 20
100.00902459646252
 10
375.8888888888889
 20
98.82104142997906
 10
377.27777777777777
 20
97.34379833167775
 10
378.66666666666663
 20
95.61472066057767
 10
380.05555555555554
 20
93.67123377569794
 10
381.44444444444446
 20
91.55076303605759
 10
382.8333333333333
 20
89.29073380067574
 10
384.2222222222222
 20
86.92857142857143
  0
LWPOLYLINE
  5
E6
330
17
100
AcDbEntity
  8
WATERLINES
100
AcDbPolyline
 90
161
 70
0
 10
162.0
 20
88.9065934065934
 10
163.38888888888889
 20
90.04840501465705
 10
164.77777777777777
 20
91.14789954212824
 10
166.16666666666666
 20
92.19992018356557
 10
167.55555555555554
 20
93.19931013352763
 10
168.94444444444446
 20
94.140912586573
 10
170.33333333333334
 20
95.01957073726025
 10
171.72222222222223
 20
95.830127780148
 10
173.11111111111111
 20
96.56742690979482
 10
174.5
 20
97.2502751401681
 10
175.88888888888889
 20
97.89950185263257
 10
177.27777777777777
 20
98.51298379284289
 10
178.66666666666666
 20
99.08859770645373
 10
180.05555555555554
 20
99.62422033911973
 10
181.44444444444446
 20
100.11772843649557
 10
182.83333333333334
 20
100.56699874423589
 10
184.22222222222223
 20
100.96990800799536
 10
185.61111111111111
 20
101.33959969237488
 10
187.0
 20
101.68953737870945
 10
188.38888888888889
 20
102.01807798775489
 10
189.77777777777777
 20
102.32357844026703
 10
191.16666666666666
 20
102.60439565700166
 10
192.55555555555554
 20
102.8588865587146
 10
193.94444444444446
 20
103.08540806616168
 10
195.33333333333331
 20
103.28231710009871
 10
196.72222222222223
 20
103.45936771310835
 10
198.11111111111111
 20
103.62646791245523
 10
199.5
 20
103.78220555091809
 10
200.88888888888889
 20
103.92516848127572
 10
202.27777777777777
 20
104.05394455630682
 10
203.66666666666666
 20
104.16712162879018
 10
205.05555555555554
 20
104.26328755150453
 10
206.44444444444446
 20
104.34103017722865
 10
207.83333333333331
 20
104.4071235901572
 10
209.22222222222223
 20
104.46881790238395
 10
210.61111111111111
 20
104.52541500853626
 10
212.0
 20
104.57621680324146
 10
213.38888888888889
 20
104.62052518112692
 10
214.77777777777777
 20
104.65764203681996
 10
216.16666666666666
 20
104.68686926494796
 10
217.55555555555554
 20
104.70750876013824
 10
218.94444444444446
 20
104.72320561349653
 10
220.33333333333331
 20
104.73785541630636
 10
221.72222222222223
 20
104.75113581346176
 10
223.11111111111111
 20
104.7627244498568
 10
224.5
 20
104.77229897038552
 10
225.88888888888889
 20
104.77953701994198
 10
227.27777777777777
 20
104.78411624342021
 10
228.66666666666666
 20
104.78571428571429
 10
230.05555555555554
 20
104.78571428571429
 10
231.44444444444446
 20
104.78571428571429
 10
232.83333333333331
 20
104.78571428571429
 10
234.22222222222223
 20
104.78571428571429
 10
235.6111111111111
 20
104.78571428571429
 10
237.0
 20
104.78571428571429
 10
238.38888888888889
 20
104.78571428571429
 10
239.77777777777777
 20
104.78571428571429
 10
241.16666666666666
 20
104.78571428571429
 10
242.55555555555554
 20
104.78571428571429
 10
243.94444444444446
 20
104.78571428571429
 10
245.33333333333331
 20
104.78571428571429
 10
246.72222222222223
 20
104.78571428571429
 10
248.1111111111111
 20
104.78571428571429
 10
249.5
 20
104.78571428571429
 10
250.88888888888889
 20
104.78571428571429
 10
252.27777777777777
 20
104.78571428571429
 10
253.66666666666666
 20
104.78571428571429
 10
255.05555555555554
 20
104.78571428571429
 10
256.44444444444446
 20
104.78571428571429
 10
257.8333333333333
 20
104.78571428571429
 10
259.22222222222223
 20
104.78571428571429
 10
260.6111111111111
 20
104.78571428571429
 10
262.0
 20
104.78571428571429
 10
263.3888888888889
 20
104.78571428571429
 10
264.77777777777777
 20
104.78571428571429
 10
266.16666666666663
 20
104.78571428571429
 10
267.55555555555554
 20
104.78571428571429
 10
268.94444444444446
 20
104.78571428571429
 10
270.3333333333333
 20
104.78571428571429
 10
271.72222222222223
 20
104.78571428571429
 10
273.1111111111111
 20
104.78571428571429
 10
274.5
 20
104.78571428571429
 10
275.8888888888889
 20
104.78571428571429
 10
277.27777777777777
 20
104.78571428571429
 10
278.66666666666663
 20
104.78571428571429
 10
280.05555555555554
 20
104.78571428571429
 10
281.44444444444446
 20
104.78571428571429
 10
282.8333333333333
 20
104.78571428571429
 10
284.22222222222223
 20
104.78571428571429
 10
285.6111111111111
 20
104.78571428571429
 10
287.0
 20
104.78571428571429
 10
288.3888888888889
 20
104.78571428571429
 10
289.77777777777777
 20
104.78571428571429
 10
291.16666666666663
 20
104.78571428571429
 10
292.55555555555554
 20
104.78571428571429
 10
293.94444444444446
 20
104.78571428571429
 10
295.3333333333333
 20
104.78571428571429
 10
296.72222222222223
 20
104.78571428571429
 10
298.1111111111111
 20
104.78571428571429
 10
299.5
 20
104.78571428571429
 10
300.8888888888889
 20
104.78571428571429
 10
302.27777777777777
 20
104.78571428571429
 10
303.66666666666663
 20
104.78571428571429
 10
305.05555555555554
 20
104.78571428571429
 10
306.44444444444446
 20
104.78571428571429
 10
307.8333333333333
 20
104.78571428571429
 10
309.2222222222222
 20
104.78571428571429
 10
310.6111111111111
 20
104.78571428571429
 10
312.0
 20
104.78571428571429
 10
313.3888888888889
 20
104.78571428571429
 10
314.77777777777777
 20
104.78571428571429
 10
316.16666666666663
 20
104.78571428571429
 10
317.55555555555554
 20
104.78571428571429
 10
318.94444444444446
 20
104.78571428571429
 10
320.3333333333333
 20
104.78571428571429
 10
321.7222222222222
 20
104.78571428571429
 10
323.1111111111111
 20
104.78571428571429
 10
324.5
 20
104.78571428571429
 10
325.8888888888889
 20
104.78571428571429
 10
327.27777777777777
 20
104.78571428571429
 10
328.66666666666663
 20
104.78571428571429
 10
330.05555555555554
 20
104.7856283572668
 10
331.44444444444446
 20
104.7853787580972
 10
332.8333333333333
 20
104.78497776746481
 10
334.2222222222222
 20
104.78443766462897
 10
335.6111111111111
 20
104.78377072884896
 10
337.0
 20
104.78298923938414
 10
338.3888888888889
 20
104.7821054754938
 10
339.77777777777777
 20
104.78113171643726
 10
341.16666666666663
 20
104.77972692012948
 10
342.55555555555554
 20
104.77752030164574
 10
343.94444444444446
 20
104.77447952598587
 10
345.3333333333333
 20
104.77057225814968
 10
346.7222222222222
 20
104.765766163137
 10
348.1111111111111
 20
104.76002890594765
 10
349.5
 20
104.75332815158143
 10
350.8888888888889
 20
104.7456315650382
 10
352.27777777777777
 20
104.73120137675211
 10
353.66666666666663
 20
104.70458136689885
 10
355.05555555555554
 20
104.66616152509036
 10
356.44444444444446
 20
104.61633184093864
 10
357.8333333333333
 20
104.55548230405569
 10
359.2222222222222
 20
104.48400290405343
 10
360.6111111111111
 20
104.40228363054389
 10
362.0
 20
104.31071447313903
 10
363.3888888888889
 20
104.1659048127142
 10
364.77777777777777
 20
103.92850794419418
 10
366.16666666666663
 20
103.60497972826501
 10
367.55555555555554
 20
103.20177602561276
 10
368.94444444444446
 20
102.7253526969235
 10
370.3333333333333
 20
102.18216560288327
 10
371.7222222222222
 20
101.57867060417816
 10
373.1111111111111
 20
100.9213235614942
 10
374.5
 20
100.06161459025394
 10
375.8888888888889
 20
98.87199632557922
 10
377.27777777777777
 20
97.39036840770511
 10
378.66666666666663
 20
95.65463047686669
 10
380.05555555555554
 20
93.70268217329904
 10
381.44444444444446
 20
91.57242313723724
 10
382.8333333333333
 20
89.30175300891634
 10
384.2222222222222
 20
86.92857142857143
  0
LWPOLYLINE
  5
E7
330
17
100
AcDbEntity
  8
WATERLINES
100
AcDbPolyline
 90
161
 70
0
 10
162.0
 20
89.34615384615385
 10
163.38888888888889
 20
90.52288289308706
 10
164.77777777777777
 20
91.65371511065477
 10
166.16666666666666
 20
92.73216768541774
 10
167.55555555555554
 20
93.7517578039367
 10
168.94444444444446
 20
94.7060026527724
 10
170.33333333333334
 20
95.58841941848559
 10
171.72222222222223
 20
96.392525287637
 10
173.11111111111111
 20
97.1118374467874
 10
174.5
 20
97.76739214679793
 10
175.88888888888889
 20
98.38425760464916
 10
177.27777777777777
 20
98.96199895608092
 10
178.66666666666666
 20
99.50018133683307
 10
180.05555555555554
 20
99.9983698826454
 10
181.44444444444446
 20
100.45612972925781
 10
182.83333333333334
 20
100.8730260124101
 10
184.22222222222223
 20
101.24862386784211
 10
185.61111111111111
 20
101.59466249546121
 10
187.0
 20
101.92212559923067
 10
188.38888888888889
 20
102.22944507097426
 10
189.77777777777777
 20
102.51505280251574
 10
191.16666666666666
 20
102.77738068567885
 10
192.55555555555554
 20
103.01486061228736
 10
193.94444444444446
 20
103.22592447416504
 10
195.33333333333331
 20
103.40900416313562
 10
196.72222222222223
 20
103.57343236845665
 10
198.11111111111111
 20
103.72866221554526
 10
199.5
 20
103.87330625046474
 10
200.88888888888889
 20
104.00597701927836
 10
202.27777777777777
 20
104.12528706804937
 10
203.66666666666666
 20
104.22984894284103
 10
205.05555555555554
 20
104.31827518971662
 10
206.44444444444446
 20
104.38917835473939
 10
207.83333333333331
 20
104.44904908113149
 10
209.22222222222223
 20
104.5048745088591
 10
210.61111111111111
 20
104.55601192910157
 10
212.0
 20
104.60181863303819
 10
213.38888888888889
 20
104.64165191184833
 10
214.77777777777777
 20
104.67486905671126
 10
216.16666666666666
 20
104.70082735880636
 10
217.55555555555554
 20
104.71888410931294
 10
218.94444444444446
 20
104.73239158069737
 10
220.33333333333331
 20
104.74495453011926
 10
221.72222222222223
 20
104.75630897579785
 10
223.11111111111111
 20
104.76619093595237
 10
224.5
 20
104.77433642880206
 10
225.88888888888889
 20
104.78048147256611
 10
227.27777777777777
 20
104.78436208546378
 10
228.66666666666666
 20
104.78571428571429
 10
230.05555555555554
 20
104.78571428571429
 10
231.44444444444446
 20
104.78571428571429
 10
232.83333333333331
 20
104.78571428571429
 10
234.22222222222223
 20
104.78571428571429
 10
235.6111111111111
 20
104.78571428571429
 10
237.0
 20
104.78571428571429
 10
238.38888888888889
 20
104.78571428571429
 10
239.77777777777777
 20
104.78571428571429
 10
241.16666666666666
 20
104.78571428571429
 10
242.55555555555554
 20
104.78571428571429
 10
243.94444444444446
 20
104.78571428571429
 10
245.33333333333331
 20
104.78571428571429
 10
246.72222222222223
 20
104.78571428571429
 10
248.1111111111111
 20
104.78571428571429
 10
249.5
 20
104.78571428571429
 10
250.88888888888889
 20
104.78571428571429
 10
252.27777777777777
 20
104.78571428571429
 10
253.66666666666666
 20
104.78571428571429
 10
255.05555555555554
 20
104.78571428571429
 10
256.44444444444446
 20
104.78571428571429
 10
257.8333333333333
 20
104.78571428571429
 10
259.22222222222223
 20
104.78571428571429
 10
260.6111111111111
 20
104.78571428571429
 10
262.0
 20
104.78571428571429
 10
263.3888888888889
 20
104.78571428571429
 10
264.77777777777777
 20
104.78571428571429
 10
266.16666666666663
 20
104.78571428571429
 10
267.55555555555554
 20
104.78571428571429
 10
268.94444444444446
 20
104.78571428571429
 10
270.3333333333333
 20
104.78571428571429
 10
271.72222222222223
 20
104.78571428571429
 10
273.1111111111111
 20
104.78571428571429
 10
274.5
 20
104.78571428571429
 10
275.8888888888889
 20
104.78571428571429
 10
277.27777777777777
 20
104.78571428571429
 10
278.66666666666663
 20
104.78571428571429
 10
280.05555555555554
 20
104.78571428571429
 10
281.44444444444446
 20
104.78571428571429
 10
282.8333333333333
 20
104.78571428571429
 10
284.22222222222223
 20
104.78571428571429
 10
285.6111111111111
 20
104.78571428571429
 10
287.0
 20
104.78571428571429
 10
288.3888888888889
 20
104.78571428571429
 10
289.77777777777777
 20
104.78571428571429
 10
291.16666666666663
 20
104.78571428571429
 10
292.55555555555554
 20
104.78571428571429
 10
293.94444444444446
 20
104.78571428571429
 10
295.3333333333333
 20
104.78571428571429
 10
296.72222222222223
 20
104.78571428571429
 10
298.1111111111111
 20
104.78571428571429
 10
299.5
 20
104.78571428571429
 10
300.8888888888889
 20
104.78571428571429
 10
302.27777777777777
 20
104.78571428571429
 10
303.66666666666663
 20
104.78571428571429
 10
305.05555555555554
 20
104.78571428571429
 10
306.44444444444446
 20
104.78571428571429
 10
307.8333333333333
 20
104.78571428571429
 10
309.2222222222222
 20
104.78571428571429
 10
310.6111111111111
 20
104.78571428571429
 10
312.0
 20
104.78571428571429
 10
313.3888888888889
 20
104.78571428571429
 10
314.77777777777777
 20
104.78571428571429
 10
316.16666666666663
 20
104.78571428571429
 10
317.55555555555554
 20
104.78571428571429
 10
318.94444444444446
 20
104.78571428571429
 10
320.3333333333333
 20
104.78571428571429
 10
321.7222222222222
 20
104.78571428571429
 10
323.1111111111111
 20
104.78571428571429
 10
324.5
 20
104.78571428571429
 10
325.8888888888889
 20
104.78571428571429
 10
327.27777777777777
 20
104.78571428571429
 10
328.66666666666663
 20
104.78571428571429
 10
330.05555555555554
 20
104.78565592112537
 10
331.44444444444446
 20
104.78548566148154
 10
332.8333333333333
 20
104.78521075796728
 10
334.2222222222222
 20
104.78483846176698
 10
335.6111111111111
 20
104.78437602406505
 10
337.0
 20
104.78383069604595
 10
338.3888888888889
 20
104.78320972889411
 10
339.77777777777777
 20
104.78252037379393
 10
341.16666666666663
 20
104.78144843505882
 10
342.55555555555554
 20
104.77966097553161
 10
343.94444444444446
 20
104.7771371341909
 10
345.3333333333333
 20
104.77385605001524
 10
346.7222222222222
 20
104.76979686198325
 10
348.1111111111111
 20
104.7649387090735
 10
349.5
 20
104.7592607302646
 10
350.8888888888889
 20
104.75274206453511
 10
352.27777777777777
 20
104.73969771248181
 10
353.66666666666663
 20
104.71473369832367
 10
355.05555555555554
 20
104.6782656964725
 10
356.44444444444446
 20
104.63070938134014
 10
357.8333333333333
 20
104.57248042733846
 10
359.2222222222222
 20
104.5039945088793
 10
360.6111111111111
 20
104.4256673003745
 10
362.0
 20
104.33791447623591
 10
363.3888888888889
 20
104.19684831337358
 10
364.77777777777777
 20
103.96269976228024
 10
366.16666666666663
 20
103.64206250774183
 10
367.55555555555554
 20
103.24153023454419
 10
368.94444444444446
 20
102.76769662747323
 10
370.3333333333333
 20
102.22715537131484
 10
371.7222222222222
 20
101.62650015085491
 10
373.1111111111111
 20
100.97232465087933
 10
374.5
 20
100.11422323992471
 10
375.8888888888889
 20
98.92297863390007
 10
377.27777777777777
 20
97.43696703864985
 10
378.66666666666663
 20
95.69456466001854
 10
380.05555555555554
 20
93.73414770385058
 10
381.44444444444446
 20
91.59409237599043
 10
382.8333333333333
 20
89.31277488228257
 10
384.2222222222222
 20
86.92857142857143
  0
LWPOLYLINE
  5
E8
330
17
100
AcDbEntity
  8
WATERLINES
100
AcDbPolyline
 90
161
 70
0
 10
162.0
 20
89.78571428571429
 10
163.38888888888889
 20
90.99756303069103
 10
164.77777777777777
 20
92.1602241392063
 10
166.16666666666666
 20
93.26571542481679
 10
167.55555555555554
 20
94.30605470107912
 10
168.94444444444446
 20
95.27325978154995
 10
170.33333333333334
 20
96.15934847978593
 10
171.72222222222223
 20
96.95633860934373
 10
173.11111111111111
 20
97.65624798377999
 10
174.5
 20
98.28309400242865
 10
175.88888888888889
 20
98.86693525048304
 10
177.27777777777777
 20
99.40885132028885
 10
178.66666666666666
 20
99.90992180419178
 10
180.05555555555554
 20
100.37122629453755
 10
181.44444444444446
 20
100.79384438367185
 10
182.83333333333334
 20
101.1788556639404
 10
184.22222222222223
 20
101.52733972768887
 10
185.61111111111111
 20
101.84972141362007
 10
187.0
 20
102.15470959556966
 10
188.38888888888889
 20
102.4408099185826
 10
189.77777777777777
 20
102.70652802770392
 10
191.16666666666666
 20
102.95036956797858
 10
192.55555555555554
 20
103.17084018445158
 10
193.94444444444446
 20
103.36644552216791
 10
195.33333333333331
 20
103.53569122617255
 10
196.72222222222223
 20
103.68749424652978
 10
198.11111111111111
 20
103.83085738652736
 10
199.5
 20
103.96441507104547
 10
200.88888888888889
 20
104.08680172496426
 10
202.27777777777777
 20
104.19665177316395
 10
203.66666666666666
 20
104.29259964052471
 10
205.05555555555554
 20
104.3732797519267
 10
206.44444444444446
 20
104.43732653225014
 10
207.83333333333331
 20
104.49095837875895
 10
209.22222222222223
 20
104.54091023679116
 10
210.61111111111111
 20
104.58659135333804
 10
212.0
 20
104.6274109753909
 10
213.38888888888889
 20
104.66277834994101
 10
214.77777777777777
 20
104.69210272397964
 10
216.16666666666666
 20
104.71479334449809
 10
217.55555555555554
 20
104.73025945848764
 10
218.94444444444446
 20
104.74156713012192
 10
220.33333333333331
 20
104.75203833617927
 10
221.72222222222223
 20
104.76146619255802
 10
223.11111111111111
 20
104.76964381515648
 10
224.5
 20
104.77636431987303
 10
225.88888888888889
 20
104.78142082260595
 10
227.27777777777777
 20
104.7846064392536
 10
228.66666666666666
 20
104.78571428571429
 10
230.05555555555554
 20
104.78571428571429
 10
231.44444444444446
 20
104.78571428571429
 10
232.83333333333331
 20
104.78571428571429
 10
234.22222222222223
 20
104.78571428571429
 10
235.6111111111111
 20
104.78571428571429
 10
237.0
 20
104.78571428571429
 10
238.38888888888889
 20
104.78571428571429
 10
239.77777777777777
 20
104.78571428571429
 10
241.16666666666666
 20
104.78571428571429
 10
242.55555555555554
 20
104.78571428571429
 10
243.94444444444446
 20
104.78571428571429
 10
245.33333333333331
 20
104.78571428571429
 10
246.72222222222223
 20
104.78571428571429
 10
248.1111111111111
 20
104.78571428571429
 10
249.5
 20
104.78571428571429
 10
250.88888888888889
 20
104.78571428571429
 10
252.27777777777777
 20
104.78571428571429
 10
253.66666666666666
 20
104.78571428571429
 10
255.05555555555554
 20
104.78571428571429
 10
256.44444444444446
 20
104.78571428571429
 10
257.8333333333333
 20
104.78571428571429
 10
259.22222222222223
 20
104.78571428571429
 10
260.6111111111111
 20
104.78571428571429
 10
262.0
 20
104.78571428571429
 10
263.3888888888889
 20
104.78571428571429
 10
264.77777777777777
 20
104.78571428571429
 10
266.16666666666663
 20
104.78571428571429
 10
267.55555555555554
 20
104.78571428571429
 10
268.94444444444446
 20
104.78571428571429
 10
270.3333333333333
 20
104.78571428571429
 10
271.72222222222223
 20
104.78571428571429
 10
273.1111111111111
 20
104.78571428571429
 10
274.5
 20
104.78571428571429
 10
275.8888888888889
 20
104.78571428571429
 10
277.27777777777777
 20
104.78571428571429
 10
278.66666666666663
 20
104.78571428571429
 10
280.05555555555554
 20
104.78571428571429
 10
281.44444444444446
 20
104.78571428571429
 10
282.8333333333333
 20
104.78571428571429
 10
284.22222222222223
 20
104.78571428571429
 10
285.6111111111111
 20
104.78571428571429
 10
287.0
 20
104.78571428571429
 10
288.3888888888889
 20
104.78571428571429
 10
289.77777777777777
 20
104.78571428571429
 10
291.16666666666663
 20
104.78571428571429
 10
292.55555555555554
 20
104.78571428571429
 10
293.94444444444446
 20
104.78571428571429
 10
295.3333333333333
 20
104.78571428571429
 10
296.72222222222223
 20
104.78571428571429
 10
298.1111111111111
 20
104.78571428571429
 10
299.5
 20
104.78571428571429
 10
300.8888888888889
 20
104.78571428571429
 10
302.27777777777777
 20
104.78571428571429
 10
303.66666666666663
 20
104.78571428571429
 10
305.05555555555554
 20
104.78571428571429
 10
306.44444444444446
 20
104.78571428571429
 10
307.8333333333333
 20
104.78571428571429
 10
309.2222222222222
 20
104.78571428571429
 10
310.6111111111111
 20
104.78571428571429
 10
312.0
 20
104.78571428571429
 10
313.3888888888889
 20
104.78571428571429
 10
314.77777777777777
 20
104.78571428571429
 10
316.16666666666663
 20
104.78571428571429
 10
317.55555555555554
 20
104.78571428571429
 10
318.94444444444446
 20
104.78571428571429
 10
320.3333333333333
 20
104.78571428571429
 10
321.7222222222222
 20
104.78571428571429
 10
323.1111111111111
 20
104.78571428571429
 10
324.5
 20
104.78571428571429
 10
325.8888888888889
 20
104.78571428571429
 10
327.27777777777777
 20
104.78571428571429
 10
328.66666666666663
 20
104.78571428571429
 10
330.05555555555554
 20
104.78568263291109
 10
331.44444444444446
 20
104.78558964347327
 10
332.8333333333333
 20
104.78543827085855
 10
334.2222222222222
 20
104.78523146852461
 10
335.6111111111111
 20
104.78497218992915
 10
337.0
 20
104.78466338852986
 10
338.3888888888889
 20
104.78430801778445
 10
339.77777777777777
 20
104.78390903115061
 10
341.16666666666663
 20
104.78317394663512
 10
342.55555555555554
 20
104.78180366663648
 10
343.94444444444446
 20
104.77979122119993
 10
345.3333333333333
 20
104.77712964037072
 10
346.7222222222222
 20
104.77381195419407
 10
348.1111111111111
 20
104.76983119271526
 10
349.5
 20
104.76518038597949
 10
350.8888888888889
 20
104.75985256403203
 10
352.27777777777777
 20
104.74820444823445
 10
353.66666666666663
 20
104.72489469913427
 10
355.05555555555554
 20
104.69036925555565
 10
356.44444444444446
 20
104.64507405632281
 10
357.8333333333333
 20
104.5894550402599
 10
359.2222222222222
 20
104.52395814619115
 10
360.6111111111111
 20
104.44902931294072
 10
362.0
 20
104.36511447933279
 10
363.3888888888889
 20
104.22781278650706
 10
364.77777777777777
 20
103.99691720002795
 10
366.16666666666663
 20
103.67916439535675
 10
367.55555555555554
 20
103.28129104795475
 10
368.94444444444446
 20
102.81003383328323
 10
370.3333333333333
 20
102.27212942680349
 10
371.7222222222222
 20
101.67431450397679
 10
373.1111111111111
 20
101.02332574026444
 10
374.5
 20
100.16685045816854
 10
375.8888888888889
 20
98.97398822665481
 10
377.27777777777777
 20
97.4835940908799
 10
378.66666666666663
 20
95.73452309600052
 10
380.05555555555554
 20
93.7656302871733
 10
381.44444444444446
 20
91.61577070955494
 10
382.8333333333333
 20
89.32379940830208
 10
384.2222222222222
 20
86.92857142857143
  0
LINE
  5
E9
330
17
100
AcDbEntity
  8
DECK
100
AcDbLine
 10
162.0
 20
104.78571428571429
 30
0.0
 11
384.2222222222222
 21
104.78571428571429
 31
0.0
  0
TEXT
  5
EA
330
17
100
AcDbEntity
  8
LABELS
100
AcDbText
 10
350.0
 20
105.78571428571429
 30
0.0
 40
2.0
  1
max half breadth
 11
350.0
 21
105.78571428571429
 31
0.0
100
AcDbText
 73
1
  0
TEXT
  5
EB
330
17
100
AcDbEntity
  8
LABELS
100
AcDbText
 10
282.0
 20
160.0
 30
0.0
 40
2.6
  1
HALF-BREADTH PLAN (waterlines, station 0 = AP)
 72
1
 11
282.0
 21
160.0
 31
0.0
100
AcDbText
 73
1
  0
TEXT
  5
EC
330
17
100
AcDbEntity
  8
LABELS
100
AcDbText
 10
162.0
 20
85.85714285714286
 30
0.0
 40
2.0
  1
ST 0 = AP
 72
1
 11
162.0
 21
85.85714285714286
 31
0.0
100
AcDbText
 73
1
  0
TEXT
  5
ED
330
17
100
AcDbEntity
  8
LABELS
100
AcDbText
 10
384.2222222222222
 20
85.85714285714286
 30
0.0
 40
2.0
  1
ST 20 = FP
 72
1
 11
384.2222222222222
 21
85.85714285714286
 31
0.0
100
AcDbText
 73
1
  0
ENDSEC
  0
SECTION
  2
OBJECTS
  0
DICTIONARY
  5
A
330
0
100
AcDbDictionary
281
1
  3
ACAD_COLOR
350
B
  3
ACAD_GROUP
350
C
  3
ACAD_LAYOUT
350
D
  3
ACAD_MATERIAL
350
E
  3
ACAD_MLEADERSTYLE
350
F
  3
ACAD_MLINESTYLE
350
10
  3
ACAD_PLOTSETTINGS
350
11
  3
ACAD_PLOTSTYLENAME
350
12
  3
ACAD_SCALELIST
350
14
  3
ACAD_TABLESTYLE
350
15
  3
ACAD_VISUALSTYLE
350
16
  3
EZDXF_META
350
2D
  0
DICTIONARY
  5
B
330
A
100
AcDbDictionary
281
1
  0
DICTIONARY
  5
C
330
A
100
AcDbDictionary
281
1
  0
DICTIONARY
  5
D
330
A
100
AcDbDictionary
281
1
  3
Model
350
1A
  3
Layout1
350
1E
  0
DICTIONARY
  5
E
330
A
100
AcDbDictionary
281
1
  3
ByBlock
350
1F
  3
ByLayer
350
20
  3
Global
350
21
  0
DICTIONARY
  5
F
330
A
100
AcDbDictionary
281
1
  3
Standard
350
2C
  0
DICTIONARY
  5
10
330
A
100
AcDbDictionary
281
1
  3
Standard
350
22
  0
DICTIONARY
  5
11
330
A
100
AcDbDictionary
281
1
  0
ACDBDICTIONARYWDFLT
  5
12
330
A
100
AcDbDictionary
281
1
  3
Normal
350
13
100
AcDbDictionaryWithDefault
340
13
  0
ACDBPLACEHOLDER
  5
13
330
12
  0
DICTIONARY
  5
14
330
A
100
AcDbDictionary
281
1
  0
DICTIONARY
  5
15
330
A
100
AcDbDictionary
281
1
  0
DICTIONARY
  5
16
330
A
100
AcDbDictionary
281
1
  3
2dWireframe
350
5A
  3
Basic
350
5B
  3
Brighten
350
5C
  3
ColorChange
350
5D
  3
Conceptual
350
5E
  3
Dim
350
5F
  3
EdgeColorOff
350
60
  3
Facepattern
350
61
  3
Flat
350
62
  3
FlatWithEdges
350
63
  3
Gouraud
350
64
  3
GouraudWithEdges
350
65
  3
Hidden
350
66
  3
JitterOff
350
67
  3
Linepattern
350
68
  3
Modeling
350
69
  3
OverhangOff
350
6A
  3
Realistic
350
6B
  3
Shaded
350
6C
  3
Shaded with edges
350
6D
  3
Shades of Gray
350
6E
  3
Sketchy
350
6F
  3
Thicken
350
70
  3
Wireframe
350
71
  3
X-Ray
350
72
  0
LAYOUT
  5
1A
330
D
100
AcDbPlotSettings
  1

  4
A3
  6

 40
7.5
 41
20.0
 42
7.5
 43
20.0
 44
420.0
 45
297.0
 46
0.0
 47
0.0
 48
0.0
 49
0.0
140
0.0
141
0.0
142
1.0
143
1.0
 70
1024
 72
1
 73
0
 74
5
  7

 75
16
 76
0
 77
2
 78
300
147
1.0
148
0.0
149
0.0
100
AcDbLayout
  1
Model
 70
1
 71
0
 10
0.0
 20
0.0
 11
420.0
 21
297.0
 12
0.0
 22
0.0
 32
0.0
 14
1e+20
 24
1e+20
 34
1e+20
 15
-1e+20
 25
-1e+20
 35
-1e+20
146
0.0
 13
0.0
 23
0.0
 33
0.0
 16
1.0
 26
0.0
 36
0.0
 17
0.0
 27
1.0
 37
0.0
 76
1
330
17
  0
LAYOUT
  5
1E
330
D
100
AcDbPlotSettings
  1

  4
A3
  6

 40
7.5
 41
20.0
 42
7.5
 43
20.0
 44
420.0
 45
297.0
 46
0.0
 47
0.0
 48
0.0
 49
0.0
140
0.0
141
0.0
142
1.0
143
1.0
 70
0
 72
1
 73
0
 74
5
  7

 75
16
 76
0
 77
2
 78
300
147
1.0
148
0.0
149
0.0
100
AcDbLayout
  1
Layout1
 70
1
 71
1
 10
0.0
 20
0.0
 11
420.0
 21
297.0
 12
0.0
 22
0.0
 32
0.0
 14
1e+20
 24
1e+20
 34
1e+20
 15
-1e+20
 25
-1e+20
 35
-1e+20
146
0.0
 13
0.0
 23
0.0
 33
0.0
 16
1.0
 26
0.0
 36
0.0
 17
0.0
 27
1.0
 37
0.0
 76
1
330
1B
  0
MATERIAL
  5
1F
102
{ACAD_REACTORS
330
E
102
}
330
E
100
AcDbMaterial
  1
ByBlock
  2

 70
0
 40
1.0
 71
1
 41
1.0
 91
-1023410177
 42
1.0
 72
1
  3

 73
1
 74
1
 75
1
 44
0.5
 73
0
 45
1.0
 46
1.0
 77
1
  4

 78
1
 79
1
170
1
 48
1.0
171
1
  6

172
1
173
1
174
1
140
1.0
141
1.0
175
1
  7

176
1
177
1
178
1
143
1.0
179
1
  8

270
1
271
1
272
1
145
1.0
146
1.0
273
1
  9

274
1
275
1
276
1
 42
1.0
 72
1
  3

 73
1
 74
1
 75
1
 94
63
  0
MATERIAL
  5
20
102
{ACAD_REACTORS
330
E
102
}
330
E
100
AcDbMaterial
  1
ByLayer
  2

 70
0
 40
1.0
 71
1
 41
1.0
 91
-1023410177
 42
1.0
 72
1
  3

 73
1
 74
1
 75
1
 44
0.5
 73
0
 45
1.0
 46
1.0
 77
1
  4

 78
1
 79
1
170
1
 48
1.0
171
1
  6

172
1
173
1
174
1
140
1.0
141
1.0
175
1
  7

176
1
177
1
178
1
143
1.0
179
1
  8

270
1
271
1
272
1
145
1.0
146
1.0
273
1
  9

274
1
275
1
276
1
 42
1.0
 72
1
  3

 73
1
 74
1
 75
1
 94
63
  0
MATERIAL
  5
21
102
{ACAD_REACTORS
330
E
102
}
330
E
100
AcDbMaterial
  1
Global
  2

 70
0
 40
1.0
 71
1
 41
1.0
 91
-1023410177
 42
1.0
 72
1
  3

 73
1
 74
1
 75
1
 44
0.5
 73
0
 45
1.0
 46
1.0
 77
1
  4

 78
1
 79
1
170
1
 48
1.0
171
1
  6

172
1
173
1
174
1
140
1.0
141
1.0
175
1
  7

176
1
177
1
178
1
143
1.0
179
1
  8

270
1
271
1
272
1
145
1.0
146
1.0
273
1
  9

274
1
275
1
276
1
 42
1.0
 72
1
  3

 73
1
 74
1
 75
1
 94
63
  0
MLINESTYLE
  5
22
102
{ACAD_REACTORS
330
10
102
}
330
10
100
AcDbMlineStyle
  2
Standard
 70
0
  3

 62
256
 51
90.0
 52
90.0
 71
2
 49
0.5
 62
256
  6
BYLAYER
 49
-0.5
 62
256
  6
BYLAYER
  0
MLEADERSTYLE
  5
2C
102
{ACAD_REACTORS
330
F
102
}
330
F
100
AcDbMLeaderStyle
179
2
170
2
171
1
172
0
 90
2
 40
0.0
 41
0.0
173
1
 91
-1056964608
 92
-2
290
1
 42
2.0
291
1
 43
8.0
  3
Standard
 44
4.0
300

342
29
174
1
175
1
176
0
178
1
 93
-1056964608
 45
4.0
292
0
297
0
 46
4.0
 94
-1056964608
 47
1.0
 49
1.0
140
1.0
294
1
141
0.0
177
0
142
1.0
295
0
296
0
143
3.75
271
0
272
9
273
9
  0
DICTIONARY
  5
2D
330
A
100
AcDbDictionary
280
1
281
1
  3
CREATED_BY_EZDXF
350
2E
  3
WRITTEN_BY_EZDXF
350
F0
  0
DICTIONARYVAR
  5
2E
330
2D
100
DictionaryVariables
280
0
  1
1.4.4 @ 2026-09-14T15:47:26.177034+00:00
  0
VISUALSTYLE
  5
5A
102
{ACAD_REACTORS
330
16
102
}
330
16
100
AcDbVisualStyle
  2
2dWireframe
 70
4
177
3
291
0
 70
58
 90
2
176
1
 90
2
176
1
 90
0
176
1
 90
0
176
1
 40
0.6
176
1
 40
30.0
176
1
 62
7
420
16777215
176
1
 90
1
176
1
 90
4
176
1
 62
7
176
1
 62
257
176
1
 90
1
176
1
 90
1
176
1
 40
1.0
176
1
 90
8
176
1
 62
7
176
1
 40
1.0
176
1
 90
1
176
1
 90
6
176
1
 90
2
176
1
 62
7
176
1
 90
5
176
1
 90
0
176
1
 90
0
176
1
290
0
176
1
 90
1
176
1
 40
0.0
176
1
 90
0
176
1
290
1
176
1
290
1
176
1
290
0
176
1
290
0
176
1
290
0
176
1
290
0
176
1
290
0
176
1
290
0
176
1
290
0
176
1
 90
50
176
1
 40
0.0
176
1
 40
1.0
176
1
 90
0
176
1
 62
18
420
0
176
1
 90
50
176
1
 90
3
176
1
 62
5
420
255
176
1
290
0
176
1
 90
50
176
1
 90
50
176
1
 90
50
176
1
290
0
176
1
 90
50
176
1
 62
256
176
0
 40
1.0
176
0
 90
2
176
1
  1
strokes_ogs.tif
176
1
290
0
176
1
 40
1.0
176
1
 40
1.0
176
1
  0
VISUALSTYLE
  5
5B
102
{ACAD_REACTORS
330
16
102
}
330
16
100
AcDbVisualStyle
  2
Basic
 70
7
177
3
291
1
 70
58
 90
2
176
1
 90
2
176
1
 90
0
176
1
 90
1
176
1
 40
0.6
176
1
 40
30.0
176
1
 62
7
420
16777215
176
1
 90
1
176
1
 90
4
176
1
 62
7
176
1
 62
257
176
1
 90
1
176
1
 90
1
176
1
 40
1.0
176
1
 90
8
176
1
 62
7
176
1
 40
1.0
176
1
 90
1
176
1
 90
6
176
1
 90
2
176
1
 62
7
176
1
 90
5
176
1
 90
0
176
1
 90
0
176
1
290
0
176
1
 90
1
176
1
 40
0.0
176
1
 90
0
176
1
290
0
176
1
290
1
176
1
290
1
176
1
290
0
176
1
290
0
176
1
290
0
176
1
290
0
176
1
290
0
176
1
290
0
176
1
 90
50
176
1
 40
0.0
176
1
 40
1.0
176
1
 90
0
176
1
 62
18
420
0
176
1
 90
50
176
1
 90
3
176
1
 62
5
420
255
176
1
290
0
176
1
 90
50
176
1
 90
50
176
1
 90
50
176
1
290
0
176
1
 90
50
176
1
 62
256
176
0
 40
1.0
176
0
 90
2
176
1
  1
strokes_ogs.tif
176
1
290
0
176
1
 40
1.0
176
1
 40
1.0
176
1
  0
VISUALSTYLE
  5
5C
102
{ACAD_REACTORS
330
16
102
}
330
16
100
AcDbVisualStyle
  2
Brighten
 70
12
177
3
291
1
 70
58
 90
2
176
1
 90
2
176
1
 90
0
176
1
 90
2
176
1
 40
0.6
176
1
 40
30.0
176
1
 62
7
420
16777215
176
1
 90
1
176
1
 90
4
176
1
 62
7
176
1
 62
257
176
1
 90
1
176
1
 90
1
176
1
 40
1.0
176
1
 90
8
176
1
 62
7
176
1
 40
1.0
176
1
 90
1
176
1
 90
6
176
1
 90
2
176
1
 62
7
176
1
 90
5
176
1
 90
0
176
1
 90
0
176
1
290
0
176
1
 90
1
176
1
 40
0.0
176
1
 90
0
176
1
290
0
176
1
290
1
176
1
290
1
176
1
290
0
176
1
290
0
176
1
290
0
176
1
290
0
176
1
290
0
176
1
290
0
176
1
 90
50
176
1
 40
0.0
176
1
 40
1.0
176
1
 90
0
176
1
 62
18
420
0
176
1
 90
50
176
1
 90
3
176
1
 62
5
420
255
176
1
290
0
176
1
 90
50
176
1
 90
50
176
1
 90
50
176
1
290
0
176
1
 90
50
176
1
 62
256
176
0
 40
1.0
176
0
 90
2
176
1
  1
strokes_ogs.tif
176
1
290
0
176
1
 40
1.0
176
1
 40
1.0
176
1
  0
VISUALSTYLE
  5
5D
102
{ACAD_REACTORS
330
16
102
}
330
16
100
AcDbVisualStyle
  2
ColorChange
 70
16
177
3
291
1
 70
58
 90
2
176
1
 90
2
176
1
 90
0
176
1
 90
2
176
1
 40
0.6
176
1
 40
30.0
176
1
 62
7
420
16777215
176
1
 90
1
176
1
 90
4
176
1
 62
7
176
1
 62
257
176
1
 90
1
176
1
 90
1
176
1
 40
1.0
176
1
 90
8
176
1
 62
7
176
1
 40
1.0
176
1
 90
1
176
1
 90
6
176
1
 90
2
176
1
 62
7
176
1
 90
5
176
1
 90
0
176
1
 90
0
176
1
290
0
176
1
 90
1
176
1
 40
0.0
176
1
 90
0
176
1
290
0
176
1
290
1
176
1
290
1
176
1
290
0
176
1
290
0
176
1
290
0
176
1
290
0
176
1
290
0
176
1
290
0
176
1
 90
50
176
1
 40
0.0
176
1
 40
1.0
176
1
 90
0
176
1
 62
18
420
0
176
1
 90
50
176
1
 90
3
176
1
 62
5
420
255
176
1
290
0
176
1
 90
50
176
1
 90
50
176
1
 90
50
176
1
290
0
176
1
 90
50
176
1
 62
256
176
0
 40
1.0
176
0
 90
2
176
1
  1
strokes_ogs.tif
176
1
290
0
176
1
 40
1.0
176
1
 40
1.0
176
1
  0
VISUALSTYLE
  5
5E
102
{ACAD_REACTORS
330
16
102
}
330
16
100
AcDbVisualStyle
  2
Conceptual
 70
9
177
3
291
0
 70
58
 90
2
176
1
 90
2
176
1
 90
0
176
1
 90
3
176
1
 40
0.6
176
1
 40
30.0
176
1
 62
7
420
16777215
176
1
 90
1
176
1
 90
4
176
1
 62
7
176
1
 62
257
176
1
 90
1
176
1
 90
1
176
1
 40
1.0
176
1
 90
8
176
1
 62
7
176
1
 40
1.0
176
1
 90
1
176
1
 90
6
176
1
 90
2
176
1
 62
7
176
1
 90
5
176
1
 90
0
176
1
 90
0
176
1
290
0
176
1
 90
1
176
1
 40
0.0
176
1
 90
0
176
1
290
0
176
1
290
1
176
1
290
1
176
1
290
0
176
1
290
0
176
1
290
0
176
1
290
0
176
1
290
0
176
1
290
0
176
1
 90
50
176
1
 40
0.0
176
1
 40
1.0
176
1
 90
0
176
1
 62
18
420
0
176
1
 90
50
176
1
 90
3
176
1
 62
5
420
255
176
1
290
0
176
1
 90
50
176
1
 90
50
176
1
 90
50
176
1
290
0
176
1
 90
50
176
1
 62
256
176
0
 40
1.0
176
0
 90
2
176
1
  1
strokes_ogs.tif
176
1
290
0
176
1
 40
1.0
176
1
 40
1.0
176
1
  0
VISUALSTYLE
  5
5F
102
{ACAD_REACTORS
330
16
102
}
330
16
100
AcDbVisualStyle
  2
Dim
 70
11
177
3
291
1
 70
58
 90
2
176
1
 90
2
176
1
 90
0
176
1
 90
2
176
1
 40
0.6
176
1
 40
30.0
176
1
 62
7
420
16777215
176
1
 90
1
176
1
 90
4
176
1
 62
7
176
1
 62
257
176
1
 90
1
176
1
 90
1
176
1
 40
1.0
176
1
 90
8
176
1
 62
7
176
1
 40
1.0
176
1
 90
1
176
1
 90
6
176
1
 90
2
176
1
 62
7
176
1
 90
5
176
1
 90
0
176
1
 90
0
176
1
290
0
176
1
 90
1
176
1
 40
0.0
176
1
 90
0
176
1
290
0
176
1
290
1
176
1
290
1
176
1
290
0
176
1
290
0
176
1
290
0
176
1
290
0
176
1
290
0
176
1
290
0
176
1
 90
50
176
1
 40
0.0
176
1
 40
1.0
176
1
 90
0
176
1
 62
18
420
0
176
1
 90
50
176
1
 90
3
176
1
 62
5
420
255
176
1
290
0
176
1
 90
50
176
1
 90
50
176
1
 90
50
176
1
290
0
176
1
 90
50
176
1
 62
256
176
0
 40
1.0
176
0
 90
2
176
1
  1
strokes_ogs.tif
176
1
290
0
176
1
 40
1.0
176
1
 40
1.0
176
1
  0
VISUALSTYLE
  5
60
102
{ACAD_REACTORS
330
16
102
}
330
16
100
AcDbVisualStyle
  2
EdgeColorOff
 70
22
177
3
291
1
 70
58
 90
2
176
1
 90
2
176
1
 90
0
176
1
 90
2
176
1
 40
0.6
176
1
 40
30.0
176
1
 62
7
420
16777215
176
1
 90
1
176
1
 90
4
176
1
 62
7
176
1
 62
257
176
1
 90
1
176
1
 90
1
176
1
 40
1.0
176
1
 90
8
176
1
 62
7
176
1
 40
1.0
176
1
 90
1
176
1
 90
6
176
1
 90
2
176
1
 62
7
176
1
 90
5
176
1
 90
0
176
1
 90
0
176
1
290
0
176
1
 90
1
176
1
 40
0.0
176
1
 90
0
176
1
290
0
176
1
290
1
176
1
290
1
176
1
290
0
176
1
290
0
176
1
290
0
176
1
290
0
176
1
290
0
176
1
290
0
176
1
 90
50
176
1
 40
0.0
176
1
 40
1.0
176
1
 90
0
176
1
 62
18
420
0
176
1
 90
50
176
1
 90
3
176
1
 62
5
420
255
176
1
290
0
176
1
 90
50
176
1
 90
50
176
1
 90
50
176
1
290
0
176
1
 90
50
176
1
 62
256
176
0
 40
1.0
176
0
 90
2
176
1
  1
strokes_ogs.tif
176
1
290
0
176
1
 40
1.0
176
1
 40
1.0
176
1
  0
VISUALSTYLE
  5
61
102
{ACAD_REACTORS
330
16
102
}
330
16
100
AcDbVisualStyle
  2
Facepattern
 70
15
177
3
291
1
 70
58
 90
2
176
1
 90
2
176
1
 90
0
176
1
 90
2
176
1
 40
0.6
176
1
 40
30.0
176
1
 62
7
420
16777215
176
1
 90
1
176
1
 90
4
176
1
 62
7
176
1
 62
257
176
1
 90
1
176
1
 90
1
176
1
 40
1.0
176
1
 90
8
176
1
 62
7
176
1
 40
1.0
176
1
 90
1
176
1
 90
6
176
1
 90
2
176
1
 62
7
176
1
 90
5
176
1
 90
0
176
1
 90
0
176
1
290
0
176
1
 90
1
176
1
 40
0.0
176
1
 90
0
176
1
290
0
176
1
290
1
176
1
290
1
176
1
290
0
176
1
290
0
176
1
290
0
176
1
290
0
176
1
290
0
176
1
290
0
176
1
 90
50
176
1
 40
0.0
176
1
 40
1.0
176
1
 90
0
176
1
 62
18
420
0
176
1
 90
50
176
1
 90
3
176
1
 62
5
420
255
176
1
290
0
176
1
 90
50
176
1
 90
50
176
1
 90
50
176
1
290
0
176
1
 90
50
176
1
 62
256
176
0
 40
1.0
176
0
 90
2
176
1
  1
strokes_ogs.tif
176
1
290
0
176
1
 40
1.0
176
1
 40
1.0
176
1
  0
VISUALSTYLE
  5
62
102
{ACAD_REACTORS
330
16
102
}
330
16
100
AcDbVisualStyle
  2
Flat
 70
0
177
3
291
1
 70
58
 90
2
176
1
 90
2
176
1
 90
0
176
1
 90
2
176
1
 40
0.6
176
1
 40
30.0
176
1
 62
7
420
16777215
176
1
 90
1
176
1
 90
4
176
1
 62
7
176
1
 62
257
176
1
 90
1
176
1
 90
1
176
1
 40
1.0
176
1
 90
8
176
1
 62
7
176
1
 40
1.0
176
1
 90
1
176
1
 90
6
176
1
 90
2
176
1
 62
7
176
1
 90
5
176
1
 90
0
176
1
 90
0
176
1
290
0
176
1
 90
1
176
1
 40
0.0
176
1
 90
0
176
1
290
0
176
1
290
1
176
1
290
1
176
1
290
0
176
1
290
0
176
1
290
0
176
1
290
0
176
1
290
0
176
1
290
0
176
1
 90
50
176
1
 40
0.0
176
1
 40
1.0
176
1
 90
0
176
1
 62
18
420
0
176
1
 90
50
176
1
 90
3
176
1
 62
5
420
255
176
1
290
0
176
1
 90
50
176
1
 90
50
176
1
 90
50
176
1
290
0
176
1
 90
50
176
1
 62
256
176
0
 40
1.0
176
0
 90
2
176
1
  1
strokes_ogs.tif
176
1
290
0
176
1
 40
1.0
176
1
 40
1.0
176
1
  0
VISUALSTYLE
  5
63
102
{ACAD_REACTORS
330
16
102
}
330
16
100
AcDbVisualStyle
  2
FlatWithEdges
 70
1
177
3
291
1
 70
58
 90
2
176
1
 90
2
176
1
 90
0
176
1
 90
2
176
1
 40
0.6
176
1
 40
30.0
176
1
 62
7
420
16777215
176
1
 90
1
176
1
 90
4
176
1
 62
7
176
1
 62
257
176
1
 90
1
176
1
 90
1
176
1
 40
1.0
176
1
 90
8
176
1
 62
7
176
1
 40
1.0
176
1
 90
1
176
1
 90
6
176
1
 90
2
176
1
 62
7
176
1
 90
5
176
1
 90
0
176
1
 90
0
176
1
290
0
176
1
 90
1
176
1
 40
0.0
176
1
 90
0
176
1
290
0
176
1
290
1
176
1
290
1
176
1
290
0
176
1
290
0
176
1
290
0
176
1
290
0
176
1
290
0
176
1
290
0
176
1
 90
50
176
1
 40
0.0
176
1
 40
1.0
176
1
 90
0
176
1
 62
18
420
0
176
1
 90
50
176
1
 90
3
176
1
 62
5
420
255
176
1
290
0
176
1
 90
50
176
1
 90
50
176
1
 90
50
176
1
290
0
176
1
 90
50
176
1
 62
256
176
0
 40
1.0
176
0
 90
2
176
1
  1
strokes_ogs.tif
176
1
290
0
176
1
 40
1.0
176
1
 40
1.0
176
1
  0
VISUALSTYLE
  5
64
102
{ACAD_REACTORS
330
16
102
}
330
16
100
AcDbVisualStyle
  2
Gouraud
 70
2
177
3
291
1
 70
58
 90
2
176
1
 90
2
176
1
 90
0
176
1
 90
2
176
1
 40
0.6
176
1
 40
30.0
176
1
 62
7
420
16777215
176
1
 90
1
176
1
 90
4
176
1
 62
7
176
1
 62
257
176
1
 90
1
176
1
 90
1
176
1
 40
1.0
176
1
 90
8
176
1
 62
7
176
1
 40
1.0
176
1
 90
1
176
1
 90
6
176
1
 90
2
176
1
 62
7
176
1
 90
5
176
1
 90
0
176
1
 90
0
176
1
290
0
176
1
 90
1
176
1
 40
0.0
176
1
 90
0
176
1
290
0
176
1
290
1
176
1
290
1
176
1
290
0
176
1
290
0
176
1
290
0
176
1
290
0
176
1
290
0
176
1
290
0
176
1
 90
50
176
1
 40
0.0
176
1
 40
1.0
176
1
 90
0
176
1
 62
18
420
0
176
1
 90
50
176
1
 90
3
176
1
 62
5
420
255
176
1
290
0
176
1
 90
50
176
1
 90
50
176
1
 90
50
176
1
290
0
176
1
 90
50
176
1
 62
256
176
0
 40
1.0
176
0
 90
2
176
1
  1
strokes_ogs.tif
176
1
290
0
176
1
 40
1.0
176
1
 40
1.0
176
1
  0
VISUALSTYLE
  5
65
102
{ACAD_REACTORS
330
16
102
}
330
16
100
AcDbVisualStyle
  2
GouraudWithEdges
 70
3
177
3
291
1
 70
58
 90
2
176
1
 90
2
176
1
 90
0
176
1
 90
2
176
1
 40
0.6
176
1
 40
30.0
176
1
 62
7
420
16777215
176
1
 90
1
176
1
 90
4
176
1
 62
7
176
1
 62
257
176
1
 90
1
176
1
 90
1
176
1
 40
1.0
176
1
 90
8
176
1
 62
7
176
1
 40
1.0
176
1
 90
1
176
1
 90
6
176
1
 90
2
176
1
 62
7
176
1
 90
5
176
1
 90
0
176
1
 90
0
176
1
290
0
176
1
 90
1
176
1
 40
0.0
176
1
 90
0
176
1
290
0
176
1
290
1
176
1
290
1
176
1
290
0
176
1
290
0
176
1
290
0
176
1
290
0
176
1
290
0
176
1
290
0
176
1
 90
50
176
1
 40
0.0
176
1
 40
1.0
176
1
 90
0
176
1
 62
18
420
0
176
1
 90
50
176
1
 90
3
176
1
 62
5
420
255
176
1
290
0
176
1
 90
50
176
1
 90
50
176
1
 90
50
176
1
290
0
176
1
 90
50
176
1
 62
256
176
0
 40
1.0
176
0
 90
2
176
1
  1
strokes_ogs.tif
176
1
290
0
176
1
 40
1.0
176
1
 40
1.0
176
1
  0
VISUALSTYLE
  5
66
102
{ACAD_REACTORS
330
16
102
}
330
16
100
AcDbVisualStyle
  2
Hidden
 70
6
177
3
291
0
 70
58
 90
2
176
1
 90
2
176
1
 90
0
176
1
 90
1
176
1
 40
0.6
176
1
 40
30.0
176
1
 62
7
420
16777215
176
1
 90
1
176
1
 90
4
176
1
 62
7
176
1
 62
257
176
1
 90
1
176
1
 90
1
176
1
 40
1.0
176
1
 90
8
176
1
 62
7
176
1
 40
1.0
176
1
 90
1
176
1
 90
6
176
1
 90
2
176
1
 62
7
176
1
 90
5
176
1
 90
0
176
1
 90
0
176
1
290
0
176
1
 90
1
176
1
 40
0.0
176
1
 90
0
176
1
290
0
176
1
290
1
176
1
290
1
176
1
290
0
176
1
290
0
176
1
290
0
176
1
290
0
176
1
290
0
176
1
290
0
176
1
 90
50
176
1
 40
0.0
176
1
 40
1.0
176
1
 90
0
176
1
 62
18
420
0
176
1
 90
50
176
1
 90
3
176
1
 62
5
420
255
176
1
290
0
176
1
 90
50
176
1
 90
50
176
1
 90
50
176
1
290
0
176
1
 90
50
176
1
 62
256
176
0
 40
1.0
176
0
 90
2
176
1
  1
strokes_ogs.tif
176
1
290
0
176
1
 40
1.0
176
1
 40
1.0
176
1
  0
VISUALSTYLE
  5
67
102
{ACAD_REACTORS
330
16
102
}
330
16
100
AcDbVisualStyle
  2
JitterOff
 70
20
177
3
291
1
 70
58
 90
2
176
1
 90
2
176
1
 90
0
176
1
 90
2
176
1
 40
0.6
176
1
 40
30.0
176
1
 62
7
420
16777215
176
1
 90
1
176
1
 90
4
176
1
 62
7
176
1
 62
257
176
1
 90
1
176
1
 90
1
176
1
 40
1.0
176
1
 90
8
176
1
 62
7
176
1
 40
1.0
176
1
 90
1
176
1
 90
6
176
1
 90
2
176
1
 62
7
176
1
 90
5
176
1
 90
0
176
1
 90
0
176
1
290
0
176
1
 90
1
176
1
 40
0.0
176
1
 90
0
176
1
290
0
176
1
290
1
176
1
290
1
176
1
290
0
176
1
290
0
176
1
290
0
176
1
290
0
176
1
290
0
176
1
290
0
176
1
 90
50
176
1
 40
0.0
176
1
 40
1.0
176
1
 90
0
176
1
 62
18
420
0
176
1
 90
50
176
1
 90
3
176
1
 62
5
420
255
176
1
290
0
176
1
 90
50
176
1
 90
50
176
1
 90
50
176
1
290
0
176
1
 90
50
176
1
 62
256
176
0
 40
1.0
176
0
 90
2
176
1
  1
strokes_ogs.tif
176
1
290
0
176
1
 40
1.0
176
1
 40
1.0
176
1
  0
VISUALSTYLE
  5
68
102
{ACAD_REACTORS
330
16
102
}
330
16
100
AcDbVisualStyle
  2
Linepattern
 70
14
177
3
291
1
 70
58
 90
2
176
1
 90
2
176
1
 90
0
176
1
 90
2
176
1
 40
0.6
176
1
 40
30.0
176
1
 62
7
420
16777215
176
1
 90
1
176
1
 90
4
176
1
 62
7
176
1
 62
257
176
1
 90
1
176
1
 90
1
176
1
 40
1.0
176
1
 90
8
176
1
 62
7
176
1
 40
1.0
176
1
 90
1
176
1
 90
6
176
1
 90
2
176
1
 62
7
176
1
 90
5
176
1
 90
0
176
1
 90
0
176
1
290
0
176
1
 90
1
176
1
 40
0.0
176
1
 90
0
176
1
290
0
176
1
290
1
176
1
290
1
176
1
290
0
176
1
290
0
176
1
290
0
176
1
290
0
176
1
290
0
176
1
290
0
176
1
 90
50
176
1
 40
0.0
176
1
 40
1.0
176
1
 90
0
176
1
 62
18
420
0
176
1
 90
50
176
1
 90
3
176
1
 62
5
420
255
176
1
290
0
176
1
 90
50
176
1
 90
50
176
1
 90
50
176
1
290
0
176
1
 90
50
176
1
 62
256
176
0
 40
1.0
176
0
 90
2
176
1
  1
strokes_ogs.tif
176
1
290
0
176
1
 40
1.0
176
1
 40
1.0
176
1
  0
VISUALSTYLE
  5
69
102
{ACAD_REACTORS
330
16
102
}
330
16
100
AcDbVisualStyle
  2
Modeling
 70
10
177
3
291
0
 70
58
 90
2
176
1
 90
2
176
1
 90
0
176
1
 90
2
176
1
 40
0.6
176
1
 40
30.0
176
1
 62
7
420
16777215
176
1
 90
1
176
1
 90
4
176
1
 62
7
176
1
 62
257
176
1
 90
1
176
1
 90
1
176
1
 40
1.0
176
1
 90
8
176
1
 62
7
176
1
 40
1.0
176
1
 90
1
176
1
 90
6
176
1
 90
2
176
1
 62
7
176
1
 90
5
176
1
 90
0
176
1
 90
0
176
1
290
0
176
1
 90
1
176
1
 40
0.0
176
1
 90
0
176
1
290
0
176
1
290
1
176
1
290
1
176
1
290
0
176
1
290
0
176
1
290
0
176
1
290
0
176
1
290
0
176
1
290
0
176
1
 90
50
176
1
 40
0.0
176
1
 40
1.0
176
1
 90
0
176
1
 62
18
420
0
176
1
 90
50
176
1
 90
3
176
1
 62
5
420
255
176
1
290
0
176
1
 90
50
176
1
 90
50
176
1
 90
50
176
1
290
0
176
1
 90
50
176
1
 62
256
176
0
 40
1.0
176
0
 90
2
176
1
  1
strokes_ogs.tif
176
1
290
0
176
1
 40
1.0
176
1
 40
1.0
176
1
  0
VISUALSTYLE
  5
6A
102
{ACAD_REACTORS
330
16
102
}
330
16
100
AcDbVisualStyle
  2
OverhangOff
 70
21
177
3
291
1
 70
58
 90
2
176
1
 90
2
176
1
 90
0
176
1
 90
2
176
1
 40
0.6
176
1
 40
30.0
176
1
 62
7
420
16777215
176
1
 90
1
176
1
 90
4
176
1
 62
7
176
1
 62
257
176
1
 90
1
176
1
 90
1
176
1
 40
1.0
176
1
 90
8
176
1
 62
7
176
1
 40
1.0
176
1
 90
1
176
1
 90
6
176
1
 90
2
176
1
 62
7
176
1
 90
5
176
1
 90
0
176
1
 90
0
176
1
290
0
176
1
 90
1
176
1
 40
0.0
176
1
 90
0
176
1
290
0
176
1
290
1
176
1
290
1
176
1
290
0
176
1
290
0
176
1
290
0
176
1
290
0
176
1
290
0
176
1
290
0
176
1
 90
50
176
1
 40
0.0
176
1
 40
1.0
176
1
 90
0
176
1
 62
18
420
0
176
1
 90
50
176
1
 90
3
176
1
 62
5
420
255
176
1
290
0
176
1
 90
50
176
1
 90
50
176
1
 90
50
176
1
290
0
176
1
 90
50
176
1
 62
256
176
0
 40
1.0
176
0
 90
2
176
1
  1
strokes_ogs.tif
176
1
290
0
176
1
 40
1.0
176
1
 40
1.0
176
1
  0
VISUALSTYLE
  5
6B
102
{ACAD_REACTORS
330
16
102
}
330
16
100
AcDbVisualStyle
  2
Realistic
 70
8
177
3
291
0
 70
58
 90
2
176
1
 90
2
176
1
 90
0
176
1
 90
2
176
1
 40
0.6
176
1
 40
30.0
176
1
 62
7
420
16777215
176
1
 90
1
176
1
 90
4
176
1
 62
7
176
1
 62
257
176
1
 90
1
176
1
 90
1
176
1
 40
1.0
176
1
 90
8
176
1
 62
7
176
1
 40
1.0
176
1
 90
1
176
1
 90
6
176
1
 90
2
176
1
 62
7
176
1
 90
5
176
1
 90
0
176
1
 90
0
176
1
290
0
176
1
 90
1
176
1
 40
0.0
176
1
 90
0
176
1
290
0
176
1
290
1
176
1
290
1
176
1
290
0
176
1
290
0
176
1
290
0
176
1
290
0
176
1
290
0
176
1
290
0
176
1
 90
50
176
1
 40
0.0
176
1
 40
1.0
176
1
 90
0
176
1
 62
18
420
0
176
1
 90
50
176
1
 90
3
176
1
 62
5
420
255
176
1
290
0
176
1
 90
50
176
1
 90
50
176
1
 90
50
176
1
290
0
176
1
 90
50
176
1
 62
256
176
0
 40
1.0
176
0
 90
2
176
1
  1
strokes_ogs.tif
176
1
290
0
176
1
 40
1.0
176
1
 40
1.0
176
1
  0
VISUALSTYLE
  5
6C
102
{ACAD_REACTORS
330
16
102
}
330
16
100
AcDbVisualStyle
  2
Shaded
 70
27
177
3
291
0
 70
58
 90
2
176
1
 90
2
176
1
 90
0
176
1
 90
2
176
1
 40
0.6
176
1
 40
30.0
176
1
 62
7
420
16777215
176
1
 90
1
176
1
 90
4
176
1
 62
7
176
1
 62
257
176
1
 90
1
176
1
 90
1
176
1
 40
1.0
176
1
 90
8
176
1
 62
7
176
1
 40
1.0
176
1
 90
1
176
1
 90
6
176
1
 90
2
176
1
 62
7
176
1
 90
5
176
1
 90
0
176
1
 90
0
176
1
290
0
176
1
 90
1
176
1
 40
0.0
176
1
 90
0
176
1
290
0
176
1
290
1
176
1
290
1
176
1
290
0
176
1
290
0
176
1
290
0
176
1
290
0
176
1
290
0
176
1
290
0
176
1
 90
50
176
1
 40
0.0
176
1
 40
1.0
176
1
 90
0
176
1
 62
18
420
0
176
1
 90
50
176
1
 90
3
176
1
 62
5
420
255
176
1
290
0
176
1
 90
50
176
1
 90
50
176
1
 90
50
176
1
290
0
176
1
 90
50
176
1
 62
256
176
0
 40
1.0
176
0
 90
2
176
1
  1
strokes_ogs.tif
176
1
290
0
176
1
 40
1.0
176
1
 40
1.0
176
1
  0
VISUALSTYLE
  5
6D
102
{ACAD_REACTORS
330
16
102
}
330
16
100
AcDbVisualStyle
  2
Shaded with edges
 70
26
177
3
291
0
 70
58
 90
2
176
1
 90
2
176
1
 90
0
176
1
 90
2
176
1
 40
0.6
176
1
 40
30.0
176
1
 62
7
420
16777215
176
1
 90
1
176
1
 90
4
176
1
 62
7
176
1
 62
257
176
1
 90
1
176
1
 90
1
176
1
 40
1.0
176
1
 90
8
176
1
 62
7
176
1
 40
1.0
176
1
 90
1
176
1
 90
6
176
1
 90
2
176
1
 62
7
176
1
 90
5
176
1
 90
0
176
1
 90
0
176
1
290
0
176
1
 90
1
176
1
 40
0.0
176
1
 90
0
176
1
290
0
176
1
290
1
176
1
290
1
176
1
290
0
176
1
290
0
176
1
290
0
176
1
290
0
176
1
290
0
176
1
290
0
176
1
 90
50
176
1
 40
0.0
176
1
 40
1.0
176
1
 90
0
176
1
 62
18
420
0
176
1
 90
50
176
1
 90
3
176
1
 62
5
420
255
176
1
290
0
176
1
 90
50
176
1
 90
50
176
1
 90
50
176
1
290
0
176
1
 90
50
176
1
 62
256
176
0
 40
1.0
176
0
 90
2
176
1
  1
strokes_ogs.tif
176
1
290
0
176
1
 40
1.0
176
1
 40
1.0
176
1
  0
VISUALSTYLE
  5
6E
102
{ACAD_REACTORS
330
16
102
}
330
16
100
AcDbVisualStyle
  2
Shades of Gray
 70
23
177
3
291
0
 70
58
 90
2
176
1
 90
2
176
1
 90
0
176
1
 90
2
176
1
 40
0.6
176
1
 40
30.0
176
1
 62
7
420
16777215
176
1
 90
1
176
1
 90
4
176
1
 62
7
176
1
 62
257
176
1
 90
1
176
1
 90
1
176
1
 40
1.0
176
1
 90
8
176
1
 62
7
176
1
 40
1.0
176
1
 90
1
176
1
 90
6
176
1
 90
2
176
1
 62
7
176
1
 90
5
176
1
 90
0
176
1
 90
0
176
1
290
0
176
1
 90
1
176
1
 40
0.0
176
1
 90
0
176
1
290
0
176
1
290
1
176
1
290
1
176
1
290
0
176
1
290
0
176
1
290
0
176
1
290
0
176
1
290
0
176
1
290
0
176
1
 90
50
176
1
 40
0.0
176
1
 40
1.0
176
1
 90
0
176
1
 62
18
420
0
176
1
 90
50
176
1
 90
3
176
1
 62
5
420
255
176
1
290
0
176
1
 90
50
176
1
 90
50
176
1
 90
50
176
1
290
0
176
1
 90
50
176
1
 62
256
176
0
 40
1.0
176
0
 90
2
176
1
  1
strokes_ogs.tif
176
1
290
0
176
1
 40
1.0
176
1
 40
1.0
176
1
  0
VISUALSTYLE
  5
6F
102
{ACAD_REACTORS
330
16
102
}
330
16
100
AcDbVisualStyle
  2
Sketchy
 70
24
177
3
291
0
 70
58
 90
2
176
1
 90
2
176
1
 90
0
176
1
 90
1
176
1
 40
0.6
176
1
 40
30.0
176
1
 62
7
420
16777215
176
1
 90
1
176
1
 90
4
176
1
 62
7
176
1
 62
257
176
1
 90
1
176
1
 90
1
176
1
 40
1.0
176
1
 90
8
176
1
 62
7
176
1
 40
1.0
176
1
 90
1
176
1
 90
6
176
1
 90
2
176
1
 62
7
176
1
 90
5
176
1
 90
0
176
1
 90
0
176
1
290
0
176
1
 90
1
176
1
 40
0.0
176
1
 90
0
176
1
290
0
176
1
290
1
176
1
290
1
176
1
290
0
176
1
290
0
176
1
290
0
176
1
290
0
176
1
290
0
176
1
290
0
176
1
 90
50
176
1
 40
0.0
176
1
 40
1.0
176
1
 90
0
176
1
 62
18
420
0
176
1
 90
50
176
1
 90
3
176
1
 62
5
420
255
176
1
290
0
176
1
 90
50
176
1
 90
50
176
1
 90
50
176
1
290
0
176
1
 90
50
176
1
 62
256
176
0
 40
1.0
176
0
 90
2
176
1
  1
strokes_ogs.tif
176
1
290
0
176
1
 40
1.0
176
1
 40
1.0
176
1
  0
VISUALSTYLE
  5
70
102
{ACAD_REACTORS
330
16
102
}
330
16
100
AcDbVisualStyle
  2
Thicken
 70
13
177
3
291
1
 70
58
 90
2
176
1
 90
2
176
1
 90
0
176
1
 90
2
176
1
 40
0.6
176
1
 40
30.0
176
1
 62
7
420
16777215
176
1
 90
1
176
1
 90
4
176
1
 62
7
176
1
 62
257
176
1
 90
1
176
1
 90
1
176
1
 40
1.0
176
1
 90
8
176
1
 62
7
176
1
 40
1.0
176
1
 90
1
176
1
 90
6
176
1
 90
2
176
1
 62
7
176
1
 90
5
176
1
 90
0
176
1
 90
0
176
1
290
0
176
1
 90
1
176
1
 40
0.0
176
1
 90
0
176
1
290
0
176
1
290
1
176
1
290
1
176
1
290
0
176
1
290
0
176
1
290
0
176
1
290
0
176
1
290
0
176
1
290
0
176
1
 90
50
176
1
 40
0.0
176
1
 40
1.0
176
1
 90
0
176
1
 62
18
420
0
176
1
 90
50
176
1
 90
3
176
1
 62
5
420
255
176
1
290
0
176
1
 90
50
176
1
 90
50
176
1
 90
50
176
1
290
0
176
1
 90
50
176
1
 62
256
176
0
 40
1.0
176
0
 90
2
176
1
  1
strokes_ogs.tif
176
1
290
0
176
1
 40
1.0
176
1
 40
1.0
176
1
  0
VISUALSTYLE
  5
71
102
{ACAD_REACTORS
330
16
102
}
330
16
100
AcDbVisualStyle
  2
Wireframe
 70
5
177
3
291
0
 70
58
 90
2
176
1
 90
2
176
1
 90
0
176
1
 90
0
176
1
 40
0.6
176
1
 40
30.0
176
1
 62
7
420
16777215
176
1
 90
1
176
1
 90
4
176
1
 62
7
176
1
 62
257
176
1
 90
1
176
1
 90
1
176
1
 40
1.0
176
1
 90
8
176
1
 62
7
176
1
 40
1.0
176
1
 90
1
176
1
 90
6
176
1
 90
2
176
1
 62
7
176
1
 90
5
176
1
 90
0
176
1
 90
0
176
1
290
0
176
1
 90
1
176
1
 40
0.0
176
1
 90
0
176
1
290
0
176
1
290
1
176
1
290
1
176
1
290
0
176
1
290
0
176
1
290
0
176
1
290
0
176
1
290
0
176
1
290
0
176
1
 90
50
176
1
 40
0.0
176
1
 40
1.0
176
1
 90
0
176
1
 62
18
420
0
176
1
 90
50
176
1
 90
3
176
1
 62
5
420
255
176
1
290
0
176
1
 90
50
176
1
 90
50
176
1
 90
50
176
1
290
0
176
1
 90
50
176
1
 62
256
176
0
 40
1.0
176
0
 90
2
176
1
  1
strokes_ogs.tif
176
1
290
0
176
1
 40
1.0
176
1
 40
1.0
176
1
  0
VISUALSTYLE
  5
72
102
{ACAD_REACTORS
330
16
102
}
330
16
100
AcDbVisualStyle
  2
X-Ray
 70
25
177
3
291
0
 70
58
 90
2
176
1
 90
2
176
1
 90
0
176
1
 90
2
176
1
 40
0.5
176
1
 40
30.0
176
1
 62
7
420
16777215
176
1
 90
1
176
1
 90
4
176
1
 62
7
176
1
 62
257
176
1
 90
1
176
1
 90
1
176
1
 40
1.0
176
1
 90
8
176
1
 62
7
176
1
 40
1.0
176
1
 90
1
176
1
 90
6
176
1
 90
2
176
1
 62
7
176
1
 90
5
176
1
 90
0
176
1
 90
0
176
1
290
0
176
1
 90
1
176
1
 40
0.0
176
1
 90
0
176
1
290
0
176
1
290
1
176
1
290
1
176
1
290
0
176
1
290
0
176
1
290
0
176
1
290
0
176
1
290
0
176
1
290
0
176
1
 90
50
176
1
 40
0.0
176
1
 40
1.0
176
1
 90
0
176
1
 62
18
420
0
176
1
 90
50
176
1
 90
3
176
1
 62
5
420
255
176
1
290
0
176
1
 90
50
176
1
 90
50
176
1
 90
50
176
1
290
0
176
1
 90
50
176
1
 62
256
176
0
 40
1.0
176
0
 90
2
176
1
  1
strokes_ogs.tif
176
1
290
0
176
1
 40
1.0
176
1
 40
1.0
176
1
  0
DICTIONARYVAR
  5
F0
330
2D
100
DictionaryVariables
280
0
  1
1.4.4 @ 2026-09-14T15:47:26.213544+00:00
  0
ENDSEC
  0
EOF
